%
(SIDE TUBES_39)
(T1  D=0.1575 CR=0. - ZMIN=-0.145 - FLAT END MILL)
G90 G94 G17 G91.1
G64 P0.001 Q0.001
G20
G53 G0 Z0.
(.3 CIRCLUAR THROUGH HOLE 3)
M9
T1 M6
S22000 M3
G4 P10.
G55
M7
G0 X-57.8515 Y-0.5096
G43 Z0.6 H1
G0 Z0.13
G1 Z0.0658 F40.
G18 G2 X-57.8358 Z0.05 I0.0157 K0.
G1 X-57.8279
G17 G3 X-57.8182 Y-0.5 I0. J0.0096
X-57.8568 Z0.0397 I-0.0193 J0.
X-57.8401 Y-0.5191 Z0.035 I0.0193 J0.
X-57.8349 Y-0.4809 Z0.0247 I0.0026 J0.0191
X-57.856 Y-0.4948 Z0.02 I-0.0026 J-0.0191
X-57.819 Y-0.5052 Z0.0097 I0.0185 J-0.0052
X-57.856 Y-0.4948 Z-0.0006 I-0.0185 J0.0052
X-57.819 Y-0.5052 Z-0.0109 I0.0185 J-0.0052
X-57.856 Y-0.4948 Z-0.0212 I-0.0185 J0.0052
X-57.819 Y-0.5052 Z-0.0315 I0.0185 J-0.0052
X-57.8506 Y-0.4859 Z-0.04 I-0.0185 J0.0052
X-57.8244 Y-0.5141 Z-0.0503 I0.0131 J-0.0141
X-57.8217 Y-0.489 Z-0.055 I-0.0131 J0.0141
X-57.8533 Y-0.511 Z-0.0653 I-0.0158 J-0.011
X-57.8217 Y-0.489 Z-0.0756 I0.0158 J0.011
X-57.8533 Y-0.511 Z-0.0859 I-0.0158 J-0.011
X-57.8217 Y-0.489 Z-0.0962 I0.0158 J0.011
X-57.8533 Y-0.511 Z-0.1065 I-0.0158 J-0.011
X-57.8217 Y-0.489 Z-0.1168 I0.0158 J0.011
X-57.8533 Y-0.511 Z-0.1271 I-0.0158 J-0.011
X-57.8217 Y-0.489 Z-0.1374 I0.0158 J0.011
X-57.8563 Y-0.4959 Z-0.145 I-0.0158 J-0.011
X-57.8187 Y-0.5041 I0.0188 J-0.0041
X-57.8563 Y-0.4959 I-0.0188 J0.0041
X-57.849 Y-0.5074 I0.0094 J-0.0021
G1 X-57.8413 Y-0.509
X-57.8383 Y-0.5097 Z-0.1447
X-57.8354 Y-0.5103 Z-0.1438
X-57.8327 Y-0.5109 Z-0.1423
X-57.8304 Y-0.5114 Z-0.1404
X-57.8285 Y-0.5118 Z-0.138
X-57.827 Y-0.5121 Z-0.1353
X-57.8262 Y-0.5123 Z-0.1323
X-57.8259 Y-0.5124 Z-0.1292
G0 Z0.4
X-57.3515 Y-0.5096
Z0.13
G1 Z0.0658 F40.
G18 G2 X-57.3357 Z0.05 I0.0158 K0.
G1 X-57.3279
G17 G3 X-57.3182 Y-0.5 I0. J0.0096
X-57.3568 Z0.0397 I-0.0193 J0.
X-57.3401 Y-0.5191 Z0.035 I0.0193 J0.
X-57.3349 Y-0.4809 Z0.0247 I0.0026 J0.0191
X-57.3401 Y-0.5191 Z0.0144 I-0.0026 J-0.0191
X-57.3298 Y-0.4824 Z0.005 I0.0026 J0.0191
X-57.3452 Y-0.5176 Z-0.0053 I-0.0077 J-0.0176
X-57.3211 Y-0.5101 Z-0.01 I0.0077 J0.0176
X-57.3539 Y-0.49 Z-0.0203 I-0.0164 J0.0101
X-57.3497 Y-0.5149 Z-0.025 I0.0164 J-0.01
X-57.3253 Y-0.4851 Z-0.0353 I0.0122 J0.0149
X-57.3506 Y-0.4859 Z-0.04 I-0.0122 J-0.0149
X-57.3244 Y-0.5141 Z-0.0503 I0.0131 J-0.0141
X-57.3217 Y-0.489 Z-0.055 I-0.0131 J0.0141
X-57.3533 Y-0.511 Z-0.0653 I-0.0158 J-0.011
X-57.3287 Y-0.5171 Z-0.07 I0.0158 J0.011
X-57.3463 Y-0.4829 Z-0.0803 I-0.0088 J0.0171
X-57.3287 Y-0.5171 Z-0.0906 I0.0088 J-0.0171
X-57.3413 Y-0.4811 Z-0.1 I-0.0088 J0.0171
X-57.3337 Y-0.5189 Z-0.1103 I0.0038 J-0.0189
X-57.3183 Y-0.4988 Z-0.115 I-0.0038 J0.0189
X-57.3567 Y-0.5012 Z-0.1253 I-0.0192 J-0.0012
X-57.339 Y-0.5192 Z-0.13 I0.0192 J0.0012
X-57.336 Y-0.4808 Z-0.1403 I0.0015 J0.0192
X-57.3563 Y-0.4959 Z-0.145 I-0.0015 J-0.0192
X-57.3187 Y-0.5041 I0.0188 J-0.0041
X-57.3563 Y-0.4959 I-0.0188 J0.0041
X-57.349 Y-0.5074 I0.0094 J-0.0021
G1 X-57.3413 Y-0.509
X-57.3383 Y-0.5097 Z-0.1447
X-57.3354 Y-0.5103 Z-0.1438
X-57.3327 Y-0.5109 Z-0.1423
X-57.3304 Y-0.5114 Z-0.1404
X-57.3285 Y-0.5118 Z-0.138
X-57.327 Y-0.5121 Z-0.1353
X-57.3262 Y-0.5123 Z-0.1323
X-57.3259 Y-0.5124 Z-0.1292
G0 Z0.4
X-56.8515 Y-0.5096
Z0.13
G1 Z0.0658 F40.
G18 G2 X-56.8358 Z0.05 I0.0157 K0.
G1 X-56.8279
G17 G3 X-56.8183 Y-0.5 I0. J0.0096
X-56.8567 Z0.0397 I-0.0192 J0.
X-56.8401 Y-0.5191 Z0.035 I0.0192 J0.
X-56.8349 Y-0.4809 Z0.0247 I0.0026 J0.0191
X-56.8401 Y-0.5191 Z0.0144 I-0.0026 J-0.0191
X-56.8298 Y-0.4824 Z0.005 I0.0026 J0.0191
X-56.8452 Y-0.5176 Z-0.0053 I-0.0077 J-0.0176
X-56.8298 Y-0.4824 Z-0.0156 I0.0077 J0.0176
X-56.8497 Y-0.5149 Z-0.025 I-0.0077 J-0.0176
X-56.8253 Y-0.4851 Z-0.0353 I0.0122 J0.0149
X-56.8506 Y-0.4859 Z-0.04 I-0.0122 J-0.0149
X-56.8244 Y-0.5141 Z-0.0503 I0.0131 J-0.0141
X-56.8217 Y-0.489 Z-0.055 I-0.0131 J0.0141
X-56.8533 Y-0.511 Z-0.0653 I-0.0158 J-0.011
X-56.8287 Y-0.5171 Z-0.07 I0.0158 J0.011
X-56.8463 Y-0.4829 Z-0.0803 I-0.0088 J0.0171
X-56.8557 Y-0.5063 Z-0.085 I0.0088 J-0.0171
X-56.8193 Y-0.4937 Z-0.0953 I0.0182 J0.0063
X-56.8557 Y-0.5063 Z-0.1056 I-0.0182 J-0.0063
X-56.8193 Y-0.4937 Z-0.1159 I0.0182 J0.0063
X-56.8557 Y-0.5063 Z-0.1262 I-0.0182 J-0.0063
X-56.839 Y-0.5192 Z-0.13 I0.0182 J0.0063
X-56.836 Y-0.4808 Z-0.1403 I0.0015 J0.0192
X-56.8563 Y-0.4959 Z-0.145 I-0.0015 J-0.0192
X-56.8187 Y-0.5041 I0.0188 J-0.0041
X-56.8563 Y-0.4959 I-0.0188 J0.0041
X-56.849 Y-0.5074 I0.0094 J-0.0021
G1 X-56.8413 Y-0.509
X-56.8383 Y-0.5097 Z-0.1447
X-56.8354 Y-0.5103 Z-0.1438
X-56.8327 Y-0.5109 Z-0.1423
X-56.8304 Y-0.5114 Z-0.1404
X-56.8285 Y-0.5118 Z-0.138
X-56.827 Y-0.5121 Z-0.1353
X-56.8262 Y-0.5123 Z-0.1323
X-56.8259 Y-0.5124 Z-0.1292
G0 Z0.4
X-56.3515 Y-0.5096
Z0.13
G1 Z0.0658 F40.
G18 G2 X-56.3358 Z0.05 I0.0157 K0.
G1 X-56.3279
G17 G3 X-56.3182 Y-0.5 I0. J0.0096
X-56.3568 Z0.0397 I-0.0193 J0.
X-56.3401 Y-0.5191 Z0.035 I0.0193 J0.
X-56.3349 Y-0.4809 Z0.0247 I0.0026 J0.0191
X-56.356 Y-0.4948 Z0.02 I-0.0026 J-0.0191
X-56.319 Y-0.5052 Z0.0097 I0.0185 J-0.0052
X-56.356 Y-0.4948 Z-0.0006 I-0.0185 J0.0052
X-56.319 Y-0.5052 Z-0.0109 I0.0185 J-0.0052
X-56.356 Y-0.4948 Z-0.0212 I-0.0185 J0.0052
X-56.3497 Y-0.5149 Z-0.025 I0.0185 J-0.0052
X-56.3253 Y-0.4851 Z-0.0353 I0.0122 J0.0149
X-56.3506 Y-0.4859 Z-0.04 I-0.0122 J-0.0149
X-56.3244 Y-0.5141 Z-0.0503 I0.0131 J-0.0141
X-56.3506 Y-0.4859 Z-0.0606 I-0.0131 J0.0141
X-56.3244 Y-0.5141 Z-0.0709 I0.0131 J-0.0141
X-56.3506 Y-0.4859 Z-0.0812 I-0.0131 J0.0141
X-56.3244 Y-0.5141 Z-0.0915 I0.0131 J-0.0141
X-56.3506 Y-0.4859 Z-0.1018 I-0.0131 J0.0141
X-56.3244 Y-0.5141 Z-0.1121 I0.0131 J-0.0141
X-56.3183 Y-0.4988 Z-0.115 I-0.0131 J0.0141
X-56.3567 Y-0.5012 Z-0.1253 I-0.0192 J-0.0012
X-56.339 Y-0.5192 Z-0.13 I0.0192 J0.0012
X-56.336 Y-0.4808 Z-0.1403 I0.0015 J0.0192
X-56.3563 Y-0.4959 Z-0.145 I-0.0015 J-0.0192
X-56.3187 Y-0.5041 I0.0188 J-0.0041
X-56.3563 Y-0.4959 I-0.0188 J0.0041
X-56.349 Y-0.5074 I0.0094 J-0.0021
G1 X-56.3413 Y-0.509
X-56.3383 Y-0.5097 Z-0.1447
X-56.3354 Y-0.5103 Z-0.1438
X-56.3327 Y-0.5109 Z-0.1423
X-56.3304 Y-0.5114 Z-0.1404
X-56.3285 Y-0.5118 Z-0.138
X-56.327 Y-0.5121 Z-0.1353
X-56.3262 Y-0.5123 Z-0.1323
X-56.3259 Y-0.5124 Z-0.1292
G0 Z0.4
X-55.8515 Y-0.5096
Z0.13
G1 Z0.0658 F40.
G18 G2 X-55.8357 Z0.05 I0.0157 K0.
G1 X-55.8279
G17 G3 X-55.8183 Y-0.5 I0. J0.0096
X-55.8567 Z0.0397 I-0.0192 J0.
X-55.8401 Y-0.5191 Z0.035 I0.0192 J0.
X-55.8349 Y-0.4809 Z0.0247 I0.0026 J0.0191
X-55.856 Y-0.4948 Z0.02 I-0.0026 J-0.0191
X-55.819 Y-0.5052 Z0.0097 I0.0185 J-0.0052
X-55.856 Y-0.4948 Z-0.0006 I-0.0185 J0.0052
X-55.819 Y-0.5052 Z-0.0109 I0.0185 J-0.0052
X-55.856 Y-0.4948 Z-0.0212 I-0.0185 J0.0052
X-55.8497 Y-0.5149 Z-0.025 I0.0185 J-0.0052
X-55.8253 Y-0.4851 Z-0.0353 I0.0122 J0.0149
X-55.8506 Y-0.4859 Z-0.04 I-0.0122 J-0.0149
X-55.8244 Y-0.5141 Z-0.0503 I0.0131 J-0.0141
X-55.8217 Y-0.489 Z-0.055 I-0.0131 J0.0141
X-55.8533 Y-0.511 Z-0.0653 I-0.0158 J-0.011
X-55.8217 Y-0.489 Z-0.0756 I0.0158 J0.011
X-55.8533 Y-0.511 Z-0.0859 I-0.0158 J-0.011
X-55.8217 Y-0.489 Z-0.0962 I0.0158 J0.011
X-55.8533 Y-0.511 Z-0.1065 I-0.0158 J-0.011
X-55.8217 Y-0.489 Z-0.1168 I0.0158 J0.011
X-55.8533 Y-0.511 Z-0.1271 I-0.0158 J-0.011
X-55.839 Y-0.5192 Z-0.13 I0.0158 J0.011
X-55.836 Y-0.4808 Z-0.1403 I0.0015 J0.0192
X-55.8563 Y-0.4959 Z-0.145 I-0.0015 J-0.0192
X-55.8187 Y-0.5041 I0.0188 J-0.0041
X-55.8563 Y-0.4959 I-0.0188 J0.0041
X-55.849 Y-0.5074 I0.0094 J-0.0021
G1 X-55.8413 Y-0.509
X-55.8383 Y-0.5097 Z-0.1447
X-55.8354 Y-0.5103 Z-0.1438
X-55.8327 Y-0.5109 Z-0.1423
X-55.8304 Y-0.5114 Z-0.1404
X-55.8285 Y-0.5118 Z-0.138
X-55.827 Y-0.5121 Z-0.1353
X-55.8262 Y-0.5123 Z-0.1323
X-55.8259 Y-0.5124 Z-0.1292
G0 Z0.4
X-55.3515 Y-0.5096
Z0.13
G1 Z0.0658 F40.
G18 G2 X-55.3358 Z0.05 I0.0157 K0.
G1 X-55.3279
G17 G3 X-55.3182 Y-0.5 I0. J0.0096
X-55.3568 Z0.0397 I-0.0193 J0.
X-55.3401 Y-0.5191 Z0.035 I0.0193 J0.
X-55.3349 Y-0.4809 Z0.0247 I0.0026 J0.0191
X-55.356 Y-0.4948 Z0.02 I-0.0026 J-0.0191
X-55.319 Y-0.5052 Z0.0097 I0.0185 J-0.0052
X-55.356 Y-0.4948 Z-0.0006 I-0.0185 J0.0052
X-55.319 Y-0.5052 Z-0.0109 I0.0185 J-0.0052
X-55.356 Y-0.4948 Z-0.0212 I-0.0185 J0.0052
X-55.319 Y-0.5052 Z-0.0315 I0.0185 J-0.0052
X-55.3506 Y-0.4859 Z-0.04 I-0.0185 J0.0052
X-55.3244 Y-0.5141 Z-0.0503 I0.0131 J-0.0141
X-55.3217 Y-0.489 Z-0.055 I-0.0131 J0.0141
X-55.3533 Y-0.511 Z-0.0653 I-0.0158 J-0.011
X-55.3217 Y-0.489 Z-0.0756 I0.0158 J0.011
X-55.3533 Y-0.511 Z-0.0859 I-0.0158 J-0.011
X-55.3217 Y-0.489 Z-0.0962 I0.0158 J0.011
X-55.3533 Y-0.511 Z-0.1065 I-0.0158 J-0.011
X-55.3217 Y-0.489 Z-0.1168 I0.0158 J0.011
X-55.3533 Y-0.511 Z-0.1271 I-0.0158 J-0.011
X-55.3217 Y-0.489 Z-0.1374 I0.0158 J0.011
X-55.3563 Y-0.4959 Z-0.145 I-0.0158 J-0.011
X-55.3187 Y-0.5041 I0.0188 J-0.0041
X-55.3563 Y-0.4959 I-0.0188 J0.0041
X-55.349 Y-0.5074 I0.0094 J-0.0021
G1 X-55.3413 Y-0.509
X-55.3383 Y-0.5097 Z-0.1447
X-55.3354 Y-0.5103 Z-0.1438
X-55.3327 Y-0.5109 Z-0.1423
X-55.3304 Y-0.5114 Z-0.1404
X-55.3285 Y-0.5118 Z-0.138
X-55.327 Y-0.5121 Z-0.1353
X-55.3262 Y-0.5123 Z-0.1323
X-55.3259 Y-0.5124 Z-0.1292
G0 Z0.4
X-54.8515 Y-0.5096
Z0.13
G1 Z0.0658 F40.
G18 G2 X-54.8357 Z0.05 I0.0158 K0.
G1 X-54.8279
G17 G3 X-54.8182 Y-0.5 I0. J0.0096
X-54.8568 Z0.0397 I-0.0193 J0.
X-54.8401 Y-0.5191 Z0.035 I0.0193 J0.
X-54.8349 Y-0.4809 Z0.0247 I0.0026 J0.0191
X-54.8401 Y-0.5191 Z0.0144 I-0.0026 J-0.0191
X-54.8298 Y-0.4824 Z0.005 I0.0026 J0.0191
X-54.8452 Y-0.5176 Z-0.0053 I-0.0077 J-0.0176
X-54.8211 Y-0.5101 Z-0.01 I0.0077 J0.0176
X-54.8539 Y-0.49 Z-0.0203 I-0.0164 J0.0101
X-54.8497 Y-0.5149 Z-0.025 I0.0164 J-0.01
X-54.8253 Y-0.4851 Z-0.0353 I0.0122 J0.0149
X-54.8506 Y-0.4859 Z-0.04 I-0.0122 J-0.0149
X-54.8244 Y-0.5141 Z-0.0503 I0.0131 J-0.0141
X-54.8217 Y-0.489 Z-0.055 I-0.0131 J0.0141
X-54.8533 Y-0.511 Z-0.0653 I-0.0158 J-0.011
X-54.8287 Y-0.5171 Z-0.07 I0.0158 J0.011
X-54.8463 Y-0.4829 Z-0.0803 I-0.0088 J0.0171
X-54.8287 Y-0.5171 Z-0.0906 I0.0088 J-0.0171
X-54.8413 Y-0.4811 Z-0.1 I-0.0088 J0.0171
X-54.8337 Y-0.5189 Z-0.1103 I0.0038 J-0.0189
X-54.8183 Y-0.4988 Z-0.115 I-0.0038 J0.0189
X-54.8567 Y-0.5012 Z-0.1253 I-0.0192 J-0.0012
X-54.839 Y-0.5192 Z-0.13 I0.0192 J0.0012
X-54.836 Y-0.4808 Z-0.1403 I0.0015 J0.0192
X-54.8563 Y-0.4959 Z-0.145 I-0.0015 J-0.0192
X-54.8187 Y-0.5041 I0.0188 J-0.0041
X-54.8563 Y-0.4959 I-0.0188 J0.0041
X-54.849 Y-0.5074 I0.0094 J-0.0021
G1 X-54.8413 Y-0.509
X-54.8383 Y-0.5097 Z-0.1447
X-54.8354 Y-0.5103 Z-0.1438
X-54.8327 Y-0.5109 Z-0.1423
X-54.8304 Y-0.5114 Z-0.1404
X-54.8285 Y-0.5118 Z-0.138
X-54.827 Y-0.5121 Z-0.1353
X-54.8262 Y-0.5123 Z-0.1323
X-54.8259 Y-0.5124 Z-0.1292
G0 Z0.4
X-54.3515 Y-0.5096
Z0.13
G1 Z0.0658 F40.
G18 G2 X-54.3358 Z0.05 I0.0157 K0.
G1 X-54.3279
G17 G3 X-54.3183 Y-0.5 I0. J0.0096
X-54.3567 Z0.0397 I-0.0192 J0.
X-54.3401 Y-0.5191 Z0.035 I0.0192 J0.
X-54.3349 Y-0.4809 Z0.0247 I0.0026 J0.0191
X-54.3401 Y-0.5191 Z0.0144 I-0.0026 J-0.0191
X-54.3298 Y-0.4824 Z0.005 I0.0026 J0.0191
X-54.3452 Y-0.5176 Z-0.0053 I-0.0077 J-0.0176
X-54.3298 Y-0.4824 Z-0.0156 I0.0077 J0.0176
X-54.3497 Y-0.5149 Z-0.025 I-0.0077 J-0.0176
X-54.3253 Y-0.4851 Z-0.0353 I0.0122 J0.0149
X-54.3506 Y-0.4859 Z-0.04 I-0.0122 J-0.0149
X-54.3244 Y-0.5141 Z-0.0503 I0.0131 J-0.0141
X-54.3217 Y-0.489 Z-0.055 I-0.0131 J0.0141
X-54.3533 Y-0.511 Z-0.0653 I-0.0158 J-0.011
X-54.3287 Y-0.5171 Z-0.07 I0.0158 J0.011
X-54.3463 Y-0.4829 Z-0.0803 I-0.0088 J0.0171
X-54.3557 Y-0.5063 Z-0.085 I0.0088 J-0.0171
X-54.3193 Y-0.4937 Z-0.0953 I0.0182 J0.0063
X-54.3557 Y-0.5063 Z-0.1056 I-0.0182 J-0.0063
X-54.3193 Y-0.4937 Z-0.1159 I0.0182 J0.0063
X-54.3557 Y-0.5063 Z-0.1262 I-0.0182 J-0.0063
X-54.339 Y-0.5192 Z-0.13 I0.0182 J0.0063
X-54.336 Y-0.4808 Z-0.1403 I0.0015 J0.0192
X-54.3563 Y-0.4959 Z-0.145 I-0.0015 J-0.0192
X-54.3187 Y-0.5041 I0.0188 J-0.0041
X-54.3563 Y-0.4959 I-0.0188 J0.0041
X-54.349 Y-0.5074 I0.0094 J-0.0021
G1 X-54.3413 Y-0.509
X-54.3383 Y-0.5097 Z-0.1447
X-54.3354 Y-0.5103 Z-0.1438
X-54.3327 Y-0.5109 Z-0.1423
X-54.3304 Y-0.5114 Z-0.1404
X-54.3285 Y-0.5118 Z-0.138
X-54.327 Y-0.5121 Z-0.1353
X-54.3262 Y-0.5123 Z-0.1323
X-54.3259 Y-0.5124 Z-0.1292
G0 Z0.4
X-53.8515 Y-0.5096
Z0.13
G1 Z0.0658 F40.
G18 G2 X-53.8358 Z0.05 I0.0157 K0.
G1 X-53.8279
G17 G3 X-53.8182 Y-0.5 I0. J0.0096
X-53.8568 Z0.0397 I-0.0193 J0.
X-53.8401 Y-0.5191 Z0.035 I0.0193 J0.
X-53.8349 Y-0.4809 Z0.0247 I0.0026 J0.0191
X-53.856 Y-0.4948 Z0.02 I-0.0026 J-0.0191
X-53.819 Y-0.5052 Z0.0097 I0.0185 J-0.0052
X-53.856 Y-0.4948 Z-0.0006 I-0.0185 J0.0052
X-53.819 Y-0.5052 Z-0.0109 I0.0185 J-0.0052
X-53.856 Y-0.4948 Z-0.0212 I-0.0185 J0.0052
X-53.8497 Y-0.5149 Z-0.025 I0.0185 J-0.0052
X-53.8253 Y-0.4851 Z-0.0353 I0.0122 J0.0149
X-53.8506 Y-0.4859 Z-0.04 I-0.0122 J-0.0149
X-53.8244 Y-0.5141 Z-0.0503 I0.0131 J-0.0141
X-53.8506 Y-0.4859 Z-0.0606 I-0.0131 J0.0141
X-53.8244 Y-0.5141 Z-0.0709 I0.0131 J-0.0141
X-53.8506 Y-0.4859 Z-0.0812 I-0.0131 J0.0141
X-53.8244 Y-0.5141 Z-0.0915 I0.0131 J-0.0141
X-53.8506 Y-0.4859 Z-0.1018 I-0.0131 J0.0141
X-53.8244 Y-0.5141 Z-0.1121 I0.0131 J-0.0141
X-53.8183 Y-0.4988 Z-0.115 I-0.0131 J0.0141
X-53.8567 Y-0.5012 Z-0.1253 I-0.0192 J-0.0012
X-53.839 Y-0.5192 Z-0.13 I0.0192 J0.0012
X-53.836 Y-0.4808 Z-0.1403 I0.0015 J0.0192
X-53.8563 Y-0.4959 Z-0.145 I-0.0015 J-0.0192
X-53.8187 Y-0.5041 I0.0188 J-0.0041
X-53.8563 Y-0.4959 I-0.0188 J0.0041
X-53.849 Y-0.5074 I0.0094 J-0.0021
G1 X-53.8413 Y-0.509
X-53.8383 Y-0.5097 Z-0.1447
X-53.8354 Y-0.5103 Z-0.1438
X-53.8327 Y-0.5109 Z-0.1423
X-53.8304 Y-0.5114 Z-0.1404
X-53.8285 Y-0.5118 Z-0.138
X-53.827 Y-0.5121 Z-0.1353
X-53.8262 Y-0.5123 Z-0.1323
X-53.8259 Y-0.5124 Z-0.1292
G0 Z0.4
X-53.3515 Y-0.5096
Z0.13
G1 Z0.0658 F40.
G18 G2 X-53.3357 Z0.05 I0.0157 K0.
G1 X-53.3279
G17 G3 X-53.3183 Y-0.5 I0. J0.0096
X-53.3567 Z0.0397 I-0.0192 J0.
X-53.3401 Y-0.5191 Z0.035 I0.0192 J0.
X-53.3349 Y-0.4809 Z0.0247 I0.0026 J0.0191
X-53.356 Y-0.4948 Z0.02 I-0.0026 J-0.0191
X-53.319 Y-0.5052 Z0.0097 I0.0185 J-0.0052
X-53.356 Y-0.4948 Z-0.0006 I-0.0185 J0.0052
X-53.319 Y-0.5052 Z-0.0109 I0.0185 J-0.0052
X-53.356 Y-0.4948 Z-0.0212 I-0.0185 J0.0052
X-53.3497 Y-0.5149 Z-0.025 I0.0185 J-0.0052
X-53.3253 Y-0.4851 Z-0.0353 I0.0122 J0.0149
X-53.3506 Y-0.4859 Z-0.04 I-0.0122 J-0.0149
X-53.3244 Y-0.5141 Z-0.0503 I0.0131 J-0.0141
X-53.3217 Y-0.489 Z-0.055 I-0.0131 J0.0141
X-53.3533 Y-0.511 Z-0.0653 I-0.0158 J-0.011
X-53.3217 Y-0.489 Z-0.0756 I0.0158 J0.011
X-53.3533 Y-0.511 Z-0.0859 I-0.0158 J-0.011
X-53.3217 Y-0.489 Z-0.0962 I0.0158 J0.011
X-53.3533 Y-0.511 Z-0.1065 I-0.0158 J-0.011
X-53.3217 Y-0.489 Z-0.1168 I0.0158 J0.011
X-53.3533 Y-0.511 Z-0.1271 I-0.0158 J-0.011
X-53.339 Y-0.5192 Z-0.13 I0.0158 J0.011
X-53.336 Y-0.4808 Z-0.1403 I0.0015 J0.0192
X-53.3563 Y-0.4959 Z-0.145 I-0.0015 J-0.0192
X-53.3187 Y-0.5041 I0.0188 J-0.0041
X-53.3563 Y-0.4959 I-0.0188 J0.0041
X-53.349 Y-0.5074 I0.0094 J-0.0021
G1 X-53.3413 Y-0.509
X-53.3383 Y-0.5097 Z-0.1447
X-53.3354 Y-0.5103 Z-0.1438
X-53.3327 Y-0.5109 Z-0.1423
X-53.3304 Y-0.5114 Z-0.1404
X-53.3285 Y-0.5118 Z-0.138
X-53.327 Y-0.5121 Z-0.1353
X-53.3262 Y-0.5123 Z-0.1323
X-53.3259 Y-0.5124 Z-0.1292
G0 Z0.4
X-52.8515 Y-0.5096
Z0.13
G1 Z0.0658 F40.
G18 G2 X-52.8358 Z0.05 I0.0157 K0.
G1 X-52.8279
G17 G3 X-52.8182 Y-0.5 I0. J0.0096
X-52.8568 Z0.0397 I-0.0193 J0.
X-52.8401 Y-0.5191 Z0.035 I0.0193 J0.
X-52.8349 Y-0.4809 Z0.0247 I0.0026 J0.0191
X-52.856 Y-0.4948 Z0.02 I-0.0026 J-0.0191
X-52.819 Y-0.5052 Z0.0097 I0.0185 J-0.0052
X-52.856 Y-0.4948 Z-0.0006 I-0.0185 J0.0052
X-52.819 Y-0.5052 Z-0.0109 I0.0185 J-0.0052
X-52.856 Y-0.4948 Z-0.0212 I-0.0185 J0.0052
X-52.819 Y-0.5052 Z-0.0315 I0.0185 J-0.0052
X-52.8506 Y-0.4859 Z-0.04 I-0.0185 J0.0052
X-52.8244 Y-0.5141 Z-0.0503 I0.0131 J-0.0141
X-52.8217 Y-0.489 Z-0.055 I-0.0131 J0.0141
X-52.8533 Y-0.511 Z-0.0653 I-0.0158 J-0.011
X-52.8217 Y-0.489 Z-0.0756 I0.0158 J0.011
X-52.8533 Y-0.511 Z-0.0859 I-0.0158 J-0.011
X-52.8217 Y-0.489 Z-0.0962 I0.0158 J0.011
X-52.8533 Y-0.511 Z-0.1065 I-0.0158 J-0.011
X-52.8217 Y-0.489 Z-0.1168 I0.0158 J0.011
X-52.8533 Y-0.511 Z-0.1271 I-0.0158 J-0.011
X-52.8217 Y-0.489 Z-0.1374 I0.0158 J0.011
X-52.8563 Y-0.4959 Z-0.145 I-0.0158 J-0.011
X-52.8187 Y-0.5041 I0.0188 J-0.0041
X-52.8563 Y-0.4959 I-0.0188 J0.0041
X-52.849 Y-0.5074 I0.0094 J-0.0021
G1 X-52.8413 Y-0.509
X-52.8383 Y-0.5097 Z-0.1447
X-52.8354 Y-0.5103 Z-0.1438
X-52.8327 Y-0.5109 Z-0.1423
X-52.8304 Y-0.5114 Z-0.1404
X-52.8285 Y-0.5118 Z-0.138
X-52.827 Y-0.5121 Z-0.1353
X-52.8262 Y-0.5123 Z-0.1323
X-52.8259 Y-0.5124 Z-0.1292
G0 Z0.4
X-52.3515 Y-0.5096
Z0.13
G1 Z0.0658 F40.
G18 G2 X-52.3357 Z0.05 I0.0158 K0.
G1 X-52.3279
G17 G3 X-52.3182 Y-0.5 I0. J0.0096
X-52.3568 Z0.0397 I-0.0193 J0.
X-52.3401 Y-0.5191 Z0.035 I0.0193 J0.
X-52.3349 Y-0.4809 Z0.0247 I0.0026 J0.0191
X-52.3401 Y-0.5191 Z0.0144 I-0.0026 J-0.0191
X-52.3298 Y-0.4824 Z0.005 I0.0026 J0.0191
X-52.3452 Y-0.5176 Z-0.0053 I-0.0077 J-0.0176
X-52.3211 Y-0.5101 Z-0.01 I0.0077 J0.0176
X-52.3539 Y-0.49 Z-0.0203 I-0.0164 J0.0101
X-52.3497 Y-0.5149 Z-0.025 I0.0164 J-0.01
X-52.3253 Y-0.4851 Z-0.0353 I0.0122 J0.0149
X-52.3506 Y-0.4859 Z-0.04 I-0.0122 J-0.0149
X-52.3244 Y-0.5141 Z-0.0503 I0.0131 J-0.0141
X-52.3217 Y-0.489 Z-0.055 I-0.0131 J0.0141
X-52.3533 Y-0.511 Z-0.0653 I-0.0158 J-0.011
X-52.3287 Y-0.5171 Z-0.07 I0.0158 J0.011
X-52.3463 Y-0.4829 Z-0.0803 I-0.0088 J0.0171
X-52.3287 Y-0.5171 Z-0.0906 I0.0088 J-0.0171
X-52.3413 Y-0.4811 Z-0.1 I-0.0088 J0.0171
X-52.3337 Y-0.5189 Z-0.1103 I0.0038 J-0.0189
X-52.3183 Y-0.4988 Z-0.115 I-0.0038 J0.0189
X-52.3567 Y-0.5012 Z-0.1253 I-0.0192 J-0.0012
X-52.339 Y-0.5192 Z-0.13 I0.0192 J0.0012
X-52.336 Y-0.4808 Z-0.1403 I0.0015 J0.0192
X-52.3563 Y-0.4959 Z-0.145 I-0.0015 J-0.0192
X-52.3187 Y-0.5041 I0.0188 J-0.0041
X-52.3563 Y-0.4959 I-0.0188 J0.0041
X-52.349 Y-0.5074 I0.0094 J-0.0021
G1 X-52.3413 Y-0.509
X-52.3383 Y-0.5097 Z-0.1447
X-52.3354 Y-0.5103 Z-0.1438
X-52.3327 Y-0.5109 Z-0.1423
X-52.3304 Y-0.5114 Z-0.1404
X-52.3285 Y-0.5118 Z-0.138
X-52.327 Y-0.5121 Z-0.1353
X-52.3262 Y-0.5123 Z-0.1323
X-52.3259 Y-0.5124 Z-0.1292
G0 Z0.4
X-51.8515 Y-0.5096
Z0.13
G1 Z0.0658 F40.
G18 G2 X-51.8358 Z0.05 I0.0157 K0.
G1 X-51.8279
G17 G3 X-51.8183 Y-0.5 I0. J0.0096
X-51.8567 Z0.0397 I-0.0192 J0.
X-51.8401 Y-0.5191 Z0.035 I0.0192 J0.
X-51.8349 Y-0.4809 Z0.0247 I0.0026 J0.0191
X-51.8401 Y-0.5191 Z0.0144 I-0.0026 J-0.0191
X-51.8298 Y-0.4824 Z0.005 I0.0026 J0.0191
X-51.8452 Y-0.5176 Z-0.0053 I-0.0077 J-0.0176
X-51.8298 Y-0.4824 Z-0.0156 I0.0077 J0.0176
X-51.8497 Y-0.5149 Z-0.025 I-0.0077 J-0.0176
X-51.8253 Y-0.4851 Z-0.0353 I0.0122 J0.0149
X-51.8506 Y-0.4859 Z-0.04 I-0.0122 J-0.0149
X-51.8244 Y-0.5141 Z-0.0503 I0.0131 J-0.0141
X-51.8217 Y-0.489 Z-0.055 I-0.0131 J0.0141
X-51.8533 Y-0.511 Z-0.0653 I-0.0158 J-0.011
X-51.8287 Y-0.5171 Z-0.07 I0.0158 J0.011
X-51.8463 Y-0.4829 Z-0.0803 I-0.0088 J0.0171
X-51.8557 Y-0.5063 Z-0.085 I0.0088 J-0.0171
X-51.8193 Y-0.4937 Z-0.0953 I0.0182 J0.0063
X-51.8557 Y-0.5063 Z-0.1056 I-0.0182 J-0.0063
X-51.8193 Y-0.4937 Z-0.1159 I0.0182 J0.0063
X-51.8557 Y-0.5063 Z-0.1262 I-0.0182 J-0.0063
X-51.839 Y-0.5192 Z-0.13 I0.0182 J0.0063
X-51.836 Y-0.4808 Z-0.1403 I0.0015 J0.0192
X-51.8563 Y-0.4959 Z-0.145 I-0.0015 J-0.0192
X-51.8187 Y-0.5041 I0.0188 J-0.0041
X-51.8563 Y-0.4959 I-0.0188 J0.0041
X-51.849 Y-0.5074 I0.0094 J-0.0021
G1 X-51.8413 Y-0.509
X-51.8383 Y-0.5097 Z-0.1447
X-51.8354 Y-0.5103 Z-0.1438
X-51.8327 Y-0.5109 Z-0.1423
X-51.8304 Y-0.5114 Z-0.1404
X-51.8285 Y-0.5118 Z-0.138
X-51.827 Y-0.5121 Z-0.1353
X-51.8262 Y-0.5123 Z-0.1323
X-51.8259 Y-0.5124 Z-0.1292
G0 Z0.4
X-51.3515 Y-0.5096
Z0.13
G1 Z0.0658 F40.
G18 G2 X-51.3358 Z0.05 I0.0157 K0.
G1 X-51.3279
G17 G3 X-51.3182 Y-0.5 I0. J0.0096
X-51.3568 Z0.0397 I-0.0193 J0.
X-51.3401 Y-0.5191 Z0.035 I0.0193 J0.
X-51.3349 Y-0.4809 Z0.0247 I0.0026 J0.0191
X-51.356 Y-0.4948 Z0.02 I-0.0026 J-0.0191
X-51.319 Y-0.5052 Z0.0097 I0.0185 J-0.0052
X-51.356 Y-0.4948 Z-0.0006 I-0.0185 J0.0052
X-51.319 Y-0.5052 Z-0.0109 I0.0185 J-0.0052
X-51.356 Y-0.4948 Z-0.0212 I-0.0185 J0.0052
X-51.3497 Y-0.5149 Z-0.025 I0.0185 J-0.0052
X-51.3253 Y-0.4851 Z-0.0353 I0.0122 J0.0149
X-51.3506 Y-0.4859 Z-0.04 I-0.0122 J-0.0149
X-51.3244 Y-0.5141 Z-0.0503 I0.0131 J-0.0141
X-51.3506 Y-0.4859 Z-0.0606 I-0.0131 J0.0141
X-51.3244 Y-0.5141 Z-0.0709 I0.0131 J-0.0141
X-51.3506 Y-0.4859 Z-0.0812 I-0.0131 J0.0141
X-51.3244 Y-0.5141 Z-0.0915 I0.0131 J-0.0141
X-51.3506 Y-0.4859 Z-0.1018 I-0.0131 J0.0141
X-51.3244 Y-0.5141 Z-0.1121 I0.0131 J-0.0141
X-51.3183 Y-0.4988 Z-0.115 I-0.0131 J0.0141
X-51.3567 Y-0.5012 Z-0.1253 I-0.0192 J-0.0012
X-51.339 Y-0.5192 Z-0.13 I0.0192 J0.0012
X-51.336 Y-0.4808 Z-0.1403 I0.0015 J0.0192
X-51.3563 Y-0.4959 Z-0.145 I-0.0015 J-0.0192
X-51.3187 Y-0.5041 I0.0188 J-0.0041
X-51.3563 Y-0.4959 I-0.0188 J0.0041
X-51.349 Y-0.5074 I0.0094 J-0.0021
G1 X-51.3413 Y-0.509
X-51.3383 Y-0.5097 Z-0.1447
X-51.3354 Y-0.5103 Z-0.1438
X-51.3327 Y-0.5109 Z-0.1423
X-51.3304 Y-0.5114 Z-0.1404
X-51.3285 Y-0.5118 Z-0.138
X-51.327 Y-0.5121 Z-0.1353
X-51.3262 Y-0.5123 Z-0.1323
X-51.3259 Y-0.5124 Z-0.1292
G0 Z0.4
X-50.8515 Y-0.5096
Z0.13
G1 Z0.0658 F40.
G18 G2 X-50.8357 Z0.05 I0.0157 K0.
G1 X-50.8279
G17 G3 X-50.8183 Y-0.5 I0. J0.0096
X-50.8567 Z0.0397 I-0.0192 J0.
X-50.8401 Y-0.5191 Z0.035 I0.0192 J0.
X-50.8349 Y-0.4809 Z0.0247 I0.0026 J0.0191
X-50.856 Y-0.4948 Z0.02 I-0.0026 J-0.0191
X-50.819 Y-0.5052 Z0.0097 I0.0185 J-0.0052
X-50.856 Y-0.4948 Z-0.0006 I-0.0185 J0.0052
X-50.819 Y-0.5052 Z-0.0109 I0.0185 J-0.0052
X-50.856 Y-0.4948 Z-0.0212 I-0.0185 J0.0052
X-50.8497 Y-0.5149 Z-0.025 I0.0185 J-0.0052
X-50.8253 Y-0.4851 Z-0.0353 I0.0122 J0.0149
X-50.8506 Y-0.4859 Z-0.04 I-0.0122 J-0.0149
X-50.8244 Y-0.5141 Z-0.0503 I0.0131 J-0.0141
X-50.8217 Y-0.489 Z-0.055 I-0.0131 J0.0141
X-50.8533 Y-0.511 Z-0.0653 I-0.0158 J-0.011
X-50.8217 Y-0.489 Z-0.0756 I0.0158 J0.011
X-50.8533 Y-0.511 Z-0.0859 I-0.0158 J-0.011
X-50.8217 Y-0.489 Z-0.0962 I0.0158 J0.011
X-50.8533 Y-0.511 Z-0.1065 I-0.0158 J-0.011
X-50.8217 Y-0.489 Z-0.1168 I0.0158 J0.011
X-50.8533 Y-0.511 Z-0.1271 I-0.0158 J-0.011
X-50.839 Y-0.5192 Z-0.13 I0.0158 J0.011
X-50.836 Y-0.4808 Z-0.1403 I0.0015 J0.0192
X-50.8563 Y-0.4959 Z-0.145 I-0.0015 J-0.0192
X-50.8187 Y-0.5041 I0.0188 J-0.0041
X-50.8563 Y-0.4959 I-0.0188 J0.0041
X-50.849 Y-0.5074 I0.0094 J-0.0021
G1 X-50.8413 Y-0.509
X-50.8383 Y-0.5097 Z-0.1447
X-50.8354 Y-0.5103 Z-0.1438
X-50.8327 Y-0.5109 Z-0.1423
X-50.8304 Y-0.5114 Z-0.1404
X-50.8285 Y-0.5118 Z-0.138
X-50.827 Y-0.5121 Z-0.1353
X-50.8262 Y-0.5123 Z-0.1323
X-50.8259 Y-0.5124 Z-0.1292
G0 Z0.4
X-50.3515 Y-0.5096
Z0.13
G1 Z0.0658 F40.
G18 G2 X-50.3358 Z0.05 I0.0157 K0.
G1 X-50.3279
G17 G3 X-50.3182 Y-0.5 I0. J0.0096
X-50.3568 Z0.0397 I-0.0193 J0.
X-50.3401 Y-0.5191 Z0.035 I0.0193 J0.
X-50.3349 Y-0.4809 Z0.0247 I0.0026 J0.0191
X-50.356 Y-0.4948 Z0.02 I-0.0026 J-0.0191
X-50.319 Y-0.5052 Z0.0097 I0.0185 J-0.0052
X-50.356 Y-0.4948 Z-0.0006 I-0.0185 J0.0052
X-50.319 Y-0.5052 Z-0.0109 I0.0185 J-0.0052
X-50.356 Y-0.4948 Z-0.0212 I-0.0185 J0.0052
X-50.319 Y-0.5052 Z-0.0315 I0.0185 J-0.0052
X-50.3506 Y-0.4859 Z-0.04 I-0.0185 J0.0052
X-50.3244 Y-0.5141 Z-0.0503 I0.0131 J-0.0141
X-50.3217 Y-0.489 Z-0.055 I-0.0131 J0.0141
X-50.3533 Y-0.511 Z-0.0653 I-0.0158 J-0.011
X-50.3217 Y-0.489 Z-0.0756 I0.0158 J0.011
X-50.3533 Y-0.511 Z-0.0859 I-0.0158 J-0.011
X-50.3217 Y-0.489 Z-0.0962 I0.0158 J0.011
X-50.3533 Y-0.511 Z-0.1065 I-0.0158 J-0.011
X-50.3217 Y-0.489 Z-0.1168 I0.0158 J0.011
X-50.3533 Y-0.511 Z-0.1271 I-0.0158 J-0.011
X-50.3217 Y-0.489 Z-0.1374 I0.0158 J0.011
X-50.3563 Y-0.4959 Z-0.145 I-0.0158 J-0.011
X-50.3187 Y-0.5041 I0.0188 J-0.0041
X-50.3563 Y-0.4959 I-0.0188 J0.0041
X-50.349 Y-0.5074 I0.0094 J-0.0021
G1 X-50.3413 Y-0.509
X-50.3383 Y-0.5097 Z-0.1447
X-50.3354 Y-0.5103 Z-0.1438
X-50.3327 Y-0.5109 Z-0.1423
X-50.3304 Y-0.5114 Z-0.1404
X-50.3285 Y-0.5118 Z-0.138
X-50.327 Y-0.5121 Z-0.1353
X-50.3262 Y-0.5123 Z-0.1323
X-50.3259 Y-0.5124 Z-0.1292
G0 Z0.4
X-49.8515 Y-0.5096
Z0.13
G1 Z0.0658 F40.
G18 G2 X-49.8357 Z0.05 I0.0158 K0.
G1 X-49.8279
G17 G3 X-49.8182 Y-0.5 I0. J0.0096
X-49.8568 Z0.0397 I-0.0193 J0.
X-49.8401 Y-0.5191 Z0.035 I0.0193 J0.
X-49.8349 Y-0.4809 Z0.0247 I0.0026 J0.0191
X-49.8401 Y-0.5191 Z0.0144 I-0.0026 J-0.0191
X-49.8298 Y-0.4824 Z0.005 I0.0026 J0.0191
X-49.8452 Y-0.5176 Z-0.0053 I-0.0077 J-0.0176
X-49.8211 Y-0.5101 Z-0.01 I0.0077 J0.0176
X-49.8539 Y-0.49 Z-0.0203 I-0.0164 J0.0101
X-49.8497 Y-0.5149 Z-0.025 I0.0164 J-0.01
X-49.8253 Y-0.4851 Z-0.0353 I0.0122 J0.0149
X-49.8506 Y-0.4859 Z-0.04 I-0.0122 J-0.0149
X-49.8244 Y-0.5141 Z-0.0503 I0.0131 J-0.0141
X-49.8217 Y-0.489 Z-0.055 I-0.0131 J0.0141
X-49.8533 Y-0.511 Z-0.0653 I-0.0158 J-0.011
X-49.8287 Y-0.5171 Z-0.07 I0.0158 J0.011
X-49.8463 Y-0.4829 Z-0.0803 I-0.0088 J0.0171
X-49.8287 Y-0.5171 Z-0.0906 I0.0088 J-0.0171
X-49.8413 Y-0.4811 Z-0.1 I-0.0088 J0.0171
X-49.8337 Y-0.5189 Z-0.1103 I0.0038 J-0.0189
X-49.8183 Y-0.4988 Z-0.115 I-0.0038 J0.0189
X-49.8567 Y-0.5012 Z-0.1253 I-0.0192 J-0.0012
X-49.839 Y-0.5192 Z-0.13 I0.0192 J0.0012
X-49.836 Y-0.4808 Z-0.1403 I0.0015 J0.0192
X-49.8563 Y-0.4959 Z-0.145 I-0.0015 J-0.0192
X-49.8187 Y-0.5041 I0.0188 J-0.0041
X-49.8563 Y-0.4959 I-0.0188 J0.0041
X-49.849 Y-0.5074 I0.0094 J-0.0021
G1 X-49.8413 Y-0.509
X-49.8383 Y-0.5097 Z-0.1447
X-49.8354 Y-0.5103 Z-0.1438
X-49.8327 Y-0.5109 Z-0.1423
X-49.8304 Y-0.5114 Z-0.1404
X-49.8285 Y-0.5118 Z-0.138
X-49.827 Y-0.5121 Z-0.1353
X-49.8262 Y-0.5123 Z-0.1323
X-49.8259 Y-0.5124 Z-0.1292
G0 Z0.4
X-49.3515 Y-0.5096
Z0.13
G1 Z0.0658 F40.
G18 G2 X-49.3358 Z0.05 I0.0157 K0.
G1 X-49.3279
G17 G3 X-49.3183 Y-0.5 I0. J0.0096
X-49.3567 Z0.0397 I-0.0192 J0.
X-49.3401 Y-0.5191 Z0.035 I0.0192 J0.
X-49.3349 Y-0.4809 Z0.0247 I0.0026 J0.0191
X-49.3401 Y-0.5191 Z0.0144 I-0.0026 J-0.0191
X-49.3298 Y-0.4824 Z0.005 I0.0026 J0.0191
X-49.3452 Y-0.5176 Z-0.0053 I-0.0077 J-0.0176
X-49.3298 Y-0.4824 Z-0.0156 I0.0077 J0.0176
X-49.3497 Y-0.5149 Z-0.025 I-0.0077 J-0.0176
X-49.3253 Y-0.4851 Z-0.0353 I0.0122 J0.0149
X-49.3506 Y-0.4859 Z-0.04 I-0.0122 J-0.0149
X-49.3244 Y-0.5141 Z-0.0503 I0.0131 J-0.0141
X-49.3217 Y-0.489 Z-0.055 I-0.0131 J0.0141
X-49.3533 Y-0.511 Z-0.0653 I-0.0158 J-0.011
X-49.3287 Y-0.5171 Z-0.07 I0.0158 J0.011
X-49.3463 Y-0.4829 Z-0.0803 I-0.0088 J0.0171
X-49.3557 Y-0.5063 Z-0.085 I0.0088 J-0.0171
X-49.3193 Y-0.4937 Z-0.0953 I0.0182 J0.0063
X-49.3557 Y-0.5063 Z-0.1056 I-0.0182 J-0.0063
X-49.3193 Y-0.4937 Z-0.1159 I0.0182 J0.0063
X-49.3557 Y-0.5063 Z-0.1262 I-0.0182 J-0.0063
X-49.339 Y-0.5192 Z-0.13 I0.0182 J0.0063
X-49.336 Y-0.4808 Z-0.1403 I0.0015 J0.0192
X-49.3563 Y-0.4959 Z-0.145 I-0.0015 J-0.0192
X-49.3187 Y-0.5041 I0.0188 J-0.0041
X-49.3563 Y-0.4959 I-0.0188 J0.0041
X-49.349 Y-0.5074 I0.0094 J-0.0021
G1 X-49.3413 Y-0.509
X-49.3383 Y-0.5097 Z-0.1447
X-49.3354 Y-0.5103 Z-0.1438
X-49.3327 Y-0.5109 Z-0.1423
X-49.3304 Y-0.5114 Z-0.1404
X-49.3285 Y-0.5118 Z-0.138
X-49.327 Y-0.5121 Z-0.1353
X-49.3262 Y-0.5123 Z-0.1323
X-49.3259 Y-0.5124 Z-0.1292
G0 Z0.4
X-48.8515 Y-0.5096
Z0.13
G1 Z0.0658 F40.
G18 G2 X-48.8358 Z0.05 I0.0157 K0.
G1 X-48.8279
G17 G3 X-48.8182 Y-0.5 I0. J0.0096
X-48.8568 Z0.0397 I-0.0193 J0.
X-48.8401 Y-0.5191 Z0.035 I0.0193 J0.
X-48.8349 Y-0.4809 Z0.0247 I0.0026 J0.0191
X-48.856 Y-0.4948 Z0.02 I-0.0026 J-0.0191
X-48.819 Y-0.5052 Z0.0097 I0.0185 J-0.0052
X-48.856 Y-0.4948 Z-0.0006 I-0.0185 J0.0052
X-48.819 Y-0.5052 Z-0.0109 I0.0185 J-0.0052
X-48.856 Y-0.4948 Z-0.0212 I-0.0185 J0.0052
X-48.8497 Y-0.5149 Z-0.025 I0.0185 J-0.0052
X-48.8253 Y-0.4851 Z-0.0353 I0.0122 J0.0149
X-48.8506 Y-0.4859 Z-0.04 I-0.0122 J-0.0149
X-48.8244 Y-0.5141 Z-0.0503 I0.0131 J-0.0141
X-48.8506 Y-0.4859 Z-0.0606 I-0.0131 J0.0141
X-48.8244 Y-0.5141 Z-0.0709 I0.0131 J-0.0141
X-48.8506 Y-0.4859 Z-0.0812 I-0.0131 J0.0141
X-48.8244 Y-0.5141 Z-0.0915 I0.0131 J-0.0141
X-48.8506 Y-0.4859 Z-0.1018 I-0.0131 J0.0141
X-48.8244 Y-0.5141 Z-0.1121 I0.0131 J-0.0141
X-48.8183 Y-0.4988 Z-0.115 I-0.0131 J0.0141
X-48.8567 Y-0.5012 Z-0.1253 I-0.0192 J-0.0012
X-48.839 Y-0.5192 Z-0.13 I0.0192 J0.0012
X-48.836 Y-0.4808 Z-0.1403 I0.0015 J0.0192
X-48.8563 Y-0.4959 Z-0.145 I-0.0015 J-0.0192
X-48.8187 Y-0.5041 I0.0188 J-0.0041
X-48.8563 Y-0.4959 I-0.0188 J0.0041
X-48.849 Y-0.5074 I0.0094 J-0.0021
G1 X-48.8413 Y-0.509
X-48.8383 Y-0.5097 Z-0.1447
X-48.8354 Y-0.5103 Z-0.1438
X-48.8327 Y-0.5109 Z-0.1423
X-48.8304 Y-0.5114 Z-0.1404
X-48.8285 Y-0.5118 Z-0.138
X-48.827 Y-0.5121 Z-0.1353
X-48.8262 Y-0.5123 Z-0.1323
X-48.8259 Y-0.5124 Z-0.1292
G0 Z0.4
X-48.3515 Y-0.5096
Z0.13
G1 Z0.0658 F40.
G18 G2 X-48.3357 Z0.05 I0.0157 K0.
G1 X-48.3279
G17 G3 X-48.3183 Y-0.5 I0. J0.0096
X-48.3567 Z0.0397 I-0.0192 J0.
X-48.3401 Y-0.5191 Z0.035 I0.0192 J0.
X-48.3349 Y-0.4809 Z0.0247 I0.0026 J0.0191
X-48.356 Y-0.4948 Z0.02 I-0.0026 J-0.0191
X-48.319 Y-0.5052 Z0.0097 I0.0185 J-0.0052
X-48.356 Y-0.4948 Z-0.0006 I-0.0185 J0.0052
X-48.319 Y-0.5052 Z-0.0109 I0.0185 J-0.0052
X-48.356 Y-0.4948 Z-0.0212 I-0.0185 J0.0052
X-48.3497 Y-0.5149 Z-0.025 I0.0185 J-0.0052
X-48.3253 Y-0.4851 Z-0.0353 I0.0122 J0.0149
X-48.3506 Y-0.4859 Z-0.04 I-0.0122 J-0.0149
X-48.3244 Y-0.5141 Z-0.0503 I0.0131 J-0.0141
X-48.3217 Y-0.489 Z-0.055 I-0.0131 J0.0141
X-48.3533 Y-0.511 Z-0.0653 I-0.0158 J-0.011
X-48.3217 Y-0.489 Z-0.0756 I0.0158 J0.011
X-48.3533 Y-0.511 Z-0.0859 I-0.0158 J-0.011
X-48.3217 Y-0.489 Z-0.0962 I0.0158 J0.011
X-48.3533 Y-0.511 Z-0.1065 I-0.0158 J-0.011
X-48.3217 Y-0.489 Z-0.1168 I0.0158 J0.011
X-48.3533 Y-0.511 Z-0.1271 I-0.0158 J-0.011
X-48.339 Y-0.5192 Z-0.13 I0.0158 J0.011
X-48.336 Y-0.4808 Z-0.1403 I0.0015 J0.0192
X-48.3563 Y-0.4959 Z-0.145 I-0.0015 J-0.0192
X-48.3187 Y-0.5041 I0.0188 J-0.0041
X-48.3563 Y-0.4959 I-0.0188 J0.0041
X-48.349 Y-0.5074 I0.0094 J-0.0021
G1 X-48.3413 Y-0.509
X-48.3383 Y-0.5097 Z-0.1447
X-48.3354 Y-0.5103 Z-0.1438
X-48.3327 Y-0.5109 Z-0.1423
X-48.3304 Y-0.5114 Z-0.1404
X-48.3285 Y-0.5118 Z-0.138
X-48.327 Y-0.5121 Z-0.1353
X-48.3262 Y-0.5123 Z-0.1323
X-48.3259 Y-0.5124 Z-0.1292
G0 Z0.4
X-47.8515 Y-0.5096
Z0.13
G1 Z0.0658 F40.
G18 G2 X-47.8358 Z0.05 I0.0157 K0.
G1 X-47.8279
G17 G3 X-47.8182 Y-0.5 I0. J0.0096
X-47.8568 Z0.0397 I-0.0193 J0.
X-47.8401 Y-0.5191 Z0.035 I0.0193 J0.
X-47.8349 Y-0.4809 Z0.0247 I0.0026 J0.0191
X-47.856 Y-0.4948 Z0.02 I-0.0026 J-0.0191
X-47.819 Y-0.5052 Z0.0097 I0.0185 J-0.0052
X-47.856 Y-0.4948 Z-0.0006 I-0.0185 J0.0052
X-47.819 Y-0.5052 Z-0.0109 I0.0185 J-0.0052
X-47.856 Y-0.4948 Z-0.0212 I-0.0185 J0.0052
X-47.819 Y-0.5052 Z-0.0315 I0.0185 J-0.0052
X-47.8506 Y-0.4859 Z-0.04 I-0.0185 J0.0052
X-47.8244 Y-0.5141 Z-0.0503 I0.0131 J-0.0141
X-47.8217 Y-0.489 Z-0.055 I-0.0131 J0.0141
X-47.8533 Y-0.511 Z-0.0653 I-0.0158 J-0.011
X-47.8217 Y-0.489 Z-0.0756 I0.0158 J0.011
X-47.8533 Y-0.511 Z-0.0859 I-0.0158 J-0.011
X-47.8217 Y-0.489 Z-0.0962 I0.0158 J0.011
X-47.8533 Y-0.511 Z-0.1065 I-0.0158 J-0.011
X-47.8217 Y-0.489 Z-0.1168 I0.0158 J0.011
X-47.8533 Y-0.511 Z-0.1271 I-0.0158 J-0.011
X-47.8217 Y-0.489 Z-0.1374 I0.0158 J0.011
X-47.8563 Y-0.4959 Z-0.145 I-0.0158 J-0.011
X-47.8187 Y-0.5041 I0.0188 J-0.0041
X-47.8563 Y-0.4959 I-0.0188 J0.0041
X-47.849 Y-0.5074 I0.0094 J-0.0021
G1 X-47.8413 Y-0.509
X-47.8383 Y-0.5097 Z-0.1447
X-47.8354 Y-0.5103 Z-0.1438
X-47.8327 Y-0.5109 Z-0.1423
X-47.8304 Y-0.5114 Z-0.1404
X-47.8285 Y-0.5118 Z-0.138
X-47.827 Y-0.5121 Z-0.1353
X-47.8262 Y-0.5123 Z-0.1323
X-47.8259 Y-0.5124 Z-0.1292
G0 Z0.4
X-47.3515 Y-0.5096
Z0.13
G1 Z0.0658 F40.
G18 G2 X-47.3357 Z0.05 I0.0158 K0.
G1 X-47.3279
G17 G3 X-47.3182 Y-0.5 I0. J0.0096
X-47.3568 Z0.0397 I-0.0193 J0.
X-47.3401 Y-0.5191 Z0.035 I0.0193 J0.
X-47.3349 Y-0.4809 Z0.0247 I0.0026 J0.0191
X-47.3401 Y-0.5191 Z0.0144 I-0.0026 J-0.0191
X-47.3298 Y-0.4824 Z0.005 I0.0026 J0.0191
X-47.3452 Y-0.5176 Z-0.0053 I-0.0077 J-0.0176
X-47.3211 Y-0.5101 Z-0.01 I0.0077 J0.0176
X-47.3539 Y-0.49 Z-0.0203 I-0.0164 J0.0101
X-47.3497 Y-0.5149 Z-0.025 I0.0164 J-0.01
X-47.3253 Y-0.4851 Z-0.0353 I0.0122 J0.0149
X-47.3506 Y-0.4859 Z-0.04 I-0.0122 J-0.0149
X-47.3244 Y-0.5141 Z-0.0503 I0.0131 J-0.0141
X-47.3217 Y-0.489 Z-0.055 I-0.0131 J0.0141
X-47.3533 Y-0.511 Z-0.0653 I-0.0158 J-0.011
X-47.3287 Y-0.5171 Z-0.07 I0.0158 J0.011
X-47.3463 Y-0.4829 Z-0.0803 I-0.0088 J0.0171
X-47.3287 Y-0.5171 Z-0.0906 I0.0088 J-0.0171
X-47.3413 Y-0.4811 Z-0.1 I-0.0088 J0.0171
X-47.3337 Y-0.5189 Z-0.1103 I0.0038 J-0.0189
X-47.3183 Y-0.4988 Z-0.115 I-0.0038 J0.0189
X-47.3567 Y-0.5012 Z-0.1253 I-0.0192 J-0.0012
X-47.339 Y-0.5192 Z-0.13 I0.0192 J0.0012
X-47.336 Y-0.4808 Z-0.1403 I0.0015 J0.0192
X-47.3563 Y-0.4959 Z-0.145 I-0.0015 J-0.0192
X-47.3187 Y-0.5041 I0.0188 J-0.0041
X-47.3563 Y-0.4959 I-0.0188 J0.0041
X-47.349 Y-0.5074 I0.0094 J-0.0021
G1 X-47.3413 Y-0.509
X-47.3383 Y-0.5097 Z-0.1447
X-47.3354 Y-0.5103 Z-0.1438
X-47.3327 Y-0.5109 Z-0.1423
X-47.3304 Y-0.5114 Z-0.1404
X-47.3285 Y-0.5118 Z-0.138
X-47.327 Y-0.5121 Z-0.1353
X-47.3262 Y-0.5123 Z-0.1323
X-47.3259 Y-0.5124 Z-0.1292
G0 Z0.4
X-46.8515 Y-0.5096
Z0.13
G1 Z0.0658 F40.
G18 G2 X-46.8358 Z0.05 I0.0157 K0.
G1 X-46.8279
G17 G3 X-46.8183 Y-0.5 I0. J0.0096
X-46.8567 Z0.0397 I-0.0192 J0.
X-46.8401 Y-0.5191 Z0.035 I0.0192 J0.
X-46.8349 Y-0.4809 Z0.0247 I0.0026 J0.0191
X-46.8401 Y-0.5191 Z0.0144 I-0.0026 J-0.0191
X-46.8298 Y-0.4824 Z0.005 I0.0026 J0.0191
X-46.8452 Y-0.5176 Z-0.0053 I-0.0077 J-0.0176
X-46.8298 Y-0.4824 Z-0.0156 I0.0077 J0.0176
X-46.8497 Y-0.5149 Z-0.025 I-0.0077 J-0.0176
X-46.8253 Y-0.4851 Z-0.0353 I0.0122 J0.0149
X-46.8506 Y-0.4859 Z-0.04 I-0.0122 J-0.0149
X-46.8244 Y-0.5141 Z-0.0503 I0.0131 J-0.0141
X-46.8217 Y-0.489 Z-0.055 I-0.0131 J0.0141
X-46.8533 Y-0.511 Z-0.0653 I-0.0158 J-0.011
X-46.8287 Y-0.5171 Z-0.07 I0.0158 J0.011
X-46.8463 Y-0.4829 Z-0.0803 I-0.0088 J0.0171
X-46.8557 Y-0.5063 Z-0.085 I0.0088 J-0.0171
X-46.8193 Y-0.4937 Z-0.0953 I0.0182 J0.0063
X-46.8557 Y-0.5063 Z-0.1056 I-0.0182 J-0.0063
X-46.8193 Y-0.4937 Z-0.1159 I0.0182 J0.0063
X-46.8557 Y-0.5063 Z-0.1262 I-0.0182 J-0.0063
X-46.839 Y-0.5192 Z-0.13 I0.0182 J0.0063
X-46.836 Y-0.4808 Z-0.1403 I0.0015 J0.0192
X-46.8563 Y-0.4959 Z-0.145 I-0.0015 J-0.0192
X-46.8187 Y-0.5041 I0.0188 J-0.0041
X-46.8563 Y-0.4959 I-0.0188 J0.0041
X-46.849 Y-0.5074 I0.0094 J-0.0021
G1 X-46.8413 Y-0.509
X-46.8383 Y-0.5097 Z-0.1447
X-46.8354 Y-0.5103 Z-0.1438
X-46.8327 Y-0.5109 Z-0.1423
X-46.8304 Y-0.5114 Z-0.1404
X-46.8285 Y-0.5118 Z-0.138
X-46.827 Y-0.5121 Z-0.1353
X-46.8262 Y-0.5123 Z-0.1323
X-46.8259 Y-0.5124 Z-0.1292
G0 Z0.4
X-46.3515 Y-0.5096
Z0.13
G1 Z0.0658 F40.
G18 G2 X-46.3358 Z0.05 I0.0157 K0.
G1 X-46.3279
G17 G3 X-46.3182 Y-0.5 I0. J0.0096
X-46.3568 Z0.0397 I-0.0193 J0.
X-46.3401 Y-0.5191 Z0.035 I0.0193 J0.
X-46.3349 Y-0.4809 Z0.0247 I0.0026 J0.0191
X-46.356 Y-0.4948 Z0.02 I-0.0026 J-0.0191
X-46.319 Y-0.5052 Z0.0097 I0.0185 J-0.0052
X-46.356 Y-0.4948 Z-0.0006 I-0.0185 J0.0052
X-46.319 Y-0.5052 Z-0.0109 I0.0185 J-0.0052
X-46.356 Y-0.4948 Z-0.0212 I-0.0185 J0.0052
X-46.3497 Y-0.5149 Z-0.025 I0.0185 J-0.0052
X-46.3253 Y-0.4851 Z-0.0353 I0.0122 J0.0149
X-46.3506 Y-0.4859 Z-0.04 I-0.0122 J-0.0149
X-46.3244 Y-0.5141 Z-0.0503 I0.0131 J-0.0141
X-46.3506 Y-0.4859 Z-0.0606 I-0.0131 J0.0141
X-46.3244 Y-0.5141 Z-0.0709 I0.0131 J-0.0141
X-46.3506 Y-0.4859 Z-0.0812 I-0.0131 J0.0141
X-46.3244 Y-0.5141 Z-0.0915 I0.0131 J-0.0141
X-46.3506 Y-0.4859 Z-0.1018 I-0.0131 J0.0141
X-46.3244 Y-0.5141 Z-0.1121 I0.0131 J-0.0141
X-46.3183 Y-0.4988 Z-0.115 I-0.0131 J0.0141
X-46.3567 Y-0.5012 Z-0.1253 I-0.0192 J-0.0012
X-46.339 Y-0.5192 Z-0.13 I0.0192 J0.0012
X-46.336 Y-0.4808 Z-0.1403 I0.0015 J0.0192
X-46.3563 Y-0.4959 Z-0.145 I-0.0015 J-0.0192
X-46.3187 Y-0.5041 I0.0188 J-0.0041
X-46.3563 Y-0.4959 I-0.0188 J0.0041
X-46.349 Y-0.5074 I0.0094 J-0.0021
G1 X-46.3413 Y-0.509
X-46.3383 Y-0.5097 Z-0.1447
X-46.3354 Y-0.5103 Z-0.1438
X-46.3327 Y-0.5109 Z-0.1423
X-46.3304 Y-0.5114 Z-0.1404
X-46.3285 Y-0.5118 Z-0.138
X-46.327 Y-0.5121 Z-0.1353
X-46.3262 Y-0.5123 Z-0.1323
X-46.3259 Y-0.5124 Z-0.1292
G0 Z0.4
X-45.8515 Y-0.5096
Z0.13
G1 Z0.0658 F40.
G18 G2 X-45.8357 Z0.05 I0.0157 K0.
G1 X-45.8279
G17 G3 X-45.8183 Y-0.5 I0. J0.0096
X-45.8567 Z0.0397 I-0.0192 J0.
X-45.8401 Y-0.5191 Z0.035 I0.0192 J0.
X-45.8349 Y-0.4809 Z0.0247 I0.0026 J0.0191
X-45.856 Y-0.4948 Z0.02 I-0.0026 J-0.0191
X-45.819 Y-0.5052 Z0.0097 I0.0185 J-0.0052
X-45.856 Y-0.4948 Z-0.0006 I-0.0185 J0.0052
X-45.819 Y-0.5052 Z-0.0109 I0.0185 J-0.0052
X-45.856 Y-0.4948 Z-0.0212 I-0.0185 J0.0052
X-45.8497 Y-0.5149 Z-0.025 I0.0185 J-0.0052
X-45.8253 Y-0.4851 Z-0.0353 I0.0122 J0.0149
X-45.8506 Y-0.4859 Z-0.04 I-0.0122 J-0.0149
X-45.8244 Y-0.5141 Z-0.0503 I0.0131 J-0.0141
X-45.8217 Y-0.489 Z-0.055 I-0.0131 J0.0141
X-45.8533 Y-0.511 Z-0.0653 I-0.0158 J-0.011
X-45.8217 Y-0.489 Z-0.0756 I0.0158 J0.011
X-45.8533 Y-0.511 Z-0.0859 I-0.0158 J-0.011
X-45.8217 Y-0.489 Z-0.0962 I0.0158 J0.011
X-45.8533 Y-0.511 Z-0.1065 I-0.0158 J-0.011
X-45.8217 Y-0.489 Z-0.1168 I0.0158 J0.011
X-45.8533 Y-0.511 Z-0.1271 I-0.0158 J-0.011
X-45.839 Y-0.5192 Z-0.13 I0.0158 J0.011
X-45.836 Y-0.4808 Z-0.1403 I0.0015 J0.0192
X-45.8563 Y-0.4959 Z-0.145 I-0.0015 J-0.0192
X-45.8187 Y-0.5041 I0.0188 J-0.0041
X-45.8563 Y-0.4959 I-0.0188 J0.0041
X-45.849 Y-0.5074 I0.0094 J-0.0021
G1 X-45.8413 Y-0.509
X-45.8383 Y-0.5097 Z-0.1447
X-45.8354 Y-0.5103 Z-0.1438
X-45.8327 Y-0.5109 Z-0.1423
X-45.8304 Y-0.5114 Z-0.1404
X-45.8285 Y-0.5118 Z-0.138
X-45.827 Y-0.5121 Z-0.1353
X-45.8262 Y-0.5123 Z-0.1323
X-45.8259 Y-0.5124 Z-0.1292
G0 Z0.4
X-45.3515 Y-0.5096
Z0.13
G1 Z0.0658 F40.
G18 G2 X-45.3358 Z0.05 I0.0157 K0.
G1 X-45.3279
G17 G3 X-45.3182 Y-0.5 I0. J0.0096
X-45.3568 Z0.0397 I-0.0193 J0.
X-45.3401 Y-0.5191 Z0.035 I0.0193 J0.
X-45.3349 Y-0.4809 Z0.0247 I0.0026 J0.0191
X-45.356 Y-0.4948 Z0.02 I-0.0026 J-0.0191
X-45.319 Y-0.5052 Z0.0097 I0.0185 J-0.0052
X-45.356 Y-0.4948 Z-0.0006 I-0.0185 J0.0052
X-45.319 Y-0.5052 Z-0.0109 I0.0185 J-0.0052
X-45.356 Y-0.4948 Z-0.0212 I-0.0185 J0.0052
X-45.319 Y-0.5052 Z-0.0315 I0.0185 J-0.0052
X-45.3506 Y-0.4859 Z-0.04 I-0.0185 J0.0052
X-45.3244 Y-0.5141 Z-0.0503 I0.0131 J-0.0141
X-45.3217 Y-0.489 Z-0.055 I-0.0131 J0.0141
X-45.3533 Y-0.511 Z-0.0653 I-0.0158 J-0.011
X-45.3217 Y-0.489 Z-0.0756 I0.0158 J0.011
X-45.3533 Y-0.511 Z-0.0859 I-0.0158 J-0.011
X-45.3217 Y-0.489 Z-0.0962 I0.0158 J0.011
X-45.3533 Y-0.511 Z-0.1065 I-0.0158 J-0.011
X-45.3217 Y-0.489 Z-0.1168 I0.0158 J0.011
X-45.3533 Y-0.511 Z-0.1271 I-0.0158 J-0.011
X-45.3217 Y-0.489 Z-0.1374 I0.0158 J0.011
X-45.3563 Y-0.4959 Z-0.145 I-0.0158 J-0.011
X-45.3187 Y-0.5041 I0.0188 J-0.0041
X-45.3563 Y-0.4959 I-0.0188 J0.0041
X-45.349 Y-0.5074 I0.0094 J-0.0021
G1 X-45.3413 Y-0.509
X-45.3383 Y-0.5097 Z-0.1447
X-45.3354 Y-0.5103 Z-0.1438
X-45.3327 Y-0.5109 Z-0.1423
X-45.3304 Y-0.5114 Z-0.1404
X-45.3285 Y-0.5118 Z-0.138
X-45.327 Y-0.5121 Z-0.1353
X-45.3262 Y-0.5123 Z-0.1323
X-45.3259 Y-0.5124 Z-0.1292
G0 Z0.4
X-44.8515 Y-0.5096
Z0.13
G1 Z0.0658 F40.
G18 G2 X-44.8357 Z0.05 I0.0158 K0.
G1 X-44.8279
G17 G3 X-44.8182 Y-0.5 I0. J0.0096
X-44.8568 Z0.0397 I-0.0193 J0.
X-44.8401 Y-0.5191 Z0.035 I0.0193 J0.
X-44.8349 Y-0.4809 Z0.0247 I0.0026 J0.0191
X-44.8401 Y-0.5191 Z0.0144 I-0.0026 J-0.0191
X-44.8298 Y-0.4824 Z0.005 I0.0026 J0.0191
X-44.8452 Y-0.5176 Z-0.0053 I-0.0077 J-0.0176
X-44.8211 Y-0.5101 Z-0.01 I0.0077 J0.0176
X-44.8539 Y-0.49 Z-0.0203 I-0.0164 J0.0101
X-44.8497 Y-0.5149 Z-0.025 I0.0164 J-0.01
X-44.8253 Y-0.4851 Z-0.0353 I0.0122 J0.0149
X-44.8506 Y-0.4859 Z-0.04 I-0.0122 J-0.0149
X-44.8244 Y-0.5141 Z-0.0503 I0.0131 J-0.0141
X-44.8217 Y-0.489 Z-0.055 I-0.0131 J0.0141
X-44.8533 Y-0.511 Z-0.0653 I-0.0158 J-0.011
X-44.8287 Y-0.5171 Z-0.07 I0.0158 J0.011
X-44.8463 Y-0.4829 Z-0.0803 I-0.0088 J0.0171
X-44.8287 Y-0.5171 Z-0.0906 I0.0088 J-0.0171
X-44.8413 Y-0.4811 Z-0.1 I-0.0088 J0.0171
X-44.8337 Y-0.5189 Z-0.1103 I0.0038 J-0.0189
X-44.8183 Y-0.4988 Z-0.115 I-0.0038 J0.0189
X-44.8567 Y-0.5012 Z-0.1253 I-0.0192 J-0.0012
X-44.839 Y-0.5192 Z-0.13 I0.0192 J0.0012
X-44.836 Y-0.4808 Z-0.1403 I0.0015 J0.0192
X-44.8563 Y-0.4959 Z-0.145 I-0.0015 J-0.0192
X-44.8187 Y-0.5041 I0.0188 J-0.0041
X-44.8563 Y-0.4959 I-0.0188 J0.0041
X-44.849 Y-0.5074 I0.0094 J-0.0021
G1 X-44.8413 Y-0.509
X-44.8383 Y-0.5097 Z-0.1447
X-44.8354 Y-0.5103 Z-0.1438
X-44.8327 Y-0.5109 Z-0.1423
X-44.8304 Y-0.5114 Z-0.1404
X-44.8285 Y-0.5118 Z-0.138
X-44.827 Y-0.5121 Z-0.1353
X-44.8262 Y-0.5123 Z-0.1323
X-44.8259 Y-0.5124 Z-0.1292
G0 Z0.4
X-44.3515 Y-0.5096
Z0.13
G1 Z0.0658 F40.
G18 G2 X-44.3358 Z0.05 I0.0157 K0.
G1 X-44.3279
G17 G3 X-44.3183 Y-0.5 I0. J0.0096
X-44.3567 Z0.0397 I-0.0192 J0.
X-44.3401 Y-0.5191 Z0.035 I0.0192 J0.
X-44.3349 Y-0.4809 Z0.0247 I0.0026 J0.0191
X-44.3401 Y-0.5191 Z0.0144 I-0.0026 J-0.0191
X-44.3298 Y-0.4824 Z0.005 I0.0026 J0.0191
X-44.3452 Y-0.5176 Z-0.0053 I-0.0077 J-0.0176
X-44.3298 Y-0.4824 Z-0.0156 I0.0077 J0.0176
X-44.3497 Y-0.5149 Z-0.025 I-0.0077 J-0.0176
X-44.3253 Y-0.4851 Z-0.0353 I0.0122 J0.0149
X-44.3506 Y-0.4859 Z-0.04 I-0.0122 J-0.0149
X-44.3244 Y-0.5141 Z-0.0503 I0.0131 J-0.0141
X-44.3217 Y-0.489 Z-0.055 I-0.0131 J0.0141
X-44.3533 Y-0.511 Z-0.0653 I-0.0158 J-0.011
X-44.3287 Y-0.5171 Z-0.07 I0.0158 J0.011
X-44.3463 Y-0.4829 Z-0.0803 I-0.0088 J0.0171
X-44.3557 Y-0.5063 Z-0.085 I0.0088 J-0.0171
X-44.3193 Y-0.4937 Z-0.0953 I0.0182 J0.0063
X-44.3557 Y-0.5063 Z-0.1056 I-0.0182 J-0.0063
X-44.3193 Y-0.4937 Z-0.1159 I0.0182 J0.0063
X-44.3557 Y-0.5063 Z-0.1262 I-0.0182 J-0.0063
X-44.339 Y-0.5192 Z-0.13 I0.0182 J0.0063
X-44.336 Y-0.4808 Z-0.1403 I0.0015 J0.0192
X-44.3563 Y-0.4959 Z-0.145 I-0.0015 J-0.0192
X-44.3187 Y-0.5041 I0.0188 J-0.0041
X-44.3563 Y-0.4959 I-0.0188 J0.0041
X-44.349 Y-0.5074 I0.0094 J-0.0021
G1 X-44.3413 Y-0.509
X-44.3383 Y-0.5097 Z-0.1447
X-44.3354 Y-0.5103 Z-0.1438
X-44.3327 Y-0.5109 Z-0.1423
X-44.3304 Y-0.5114 Z-0.1404
X-44.3285 Y-0.5118 Z-0.138
X-44.327 Y-0.5121 Z-0.1353
X-44.3262 Y-0.5123 Z-0.1323
X-44.3259 Y-0.5124 Z-0.1292
G0 Z0.4
X-43.8515 Y-0.5096
Z0.13
G1 Z0.0658 F40.
G18 G2 X-43.8358 Z0.05 I0.0157 K0.
G1 X-43.8279
G17 G3 X-43.8182 Y-0.5 I0. J0.0096
X-43.8568 Z0.0397 I-0.0193 J0.
X-43.8401 Y-0.5191 Z0.035 I0.0193 J0.
X-43.8349 Y-0.4809 Z0.0247 I0.0026 J0.0191
X-43.856 Y-0.4948 Z0.02 I-0.0026 J-0.0191
X-43.819 Y-0.5052 Z0.0097 I0.0185 J-0.0052
X-43.856 Y-0.4948 Z-0.0006 I-0.0185 J0.0052
X-43.819 Y-0.5052 Z-0.0109 I0.0185 J-0.0052
X-43.856 Y-0.4948 Z-0.0212 I-0.0185 J0.0052
X-43.8497 Y-0.5149 Z-0.025 I0.0185 J-0.0052
X-43.8253 Y-0.4851 Z-0.0353 I0.0122 J0.0149
X-43.8506 Y-0.4859 Z-0.04 I-0.0122 J-0.0149
X-43.8244 Y-0.5141 Z-0.0503 I0.0131 J-0.0141
X-43.8506 Y-0.4859 Z-0.0606 I-0.0131 J0.0141
X-43.8244 Y-0.5141 Z-0.0709 I0.0131 J-0.0141
X-43.8506 Y-0.4859 Z-0.0812 I-0.0131 J0.0141
X-43.8244 Y-0.5141 Z-0.0915 I0.0131 J-0.0141
X-43.8506 Y-0.4859 Z-0.1018 I-0.0131 J0.0141
X-43.8244 Y-0.5141 Z-0.1121 I0.0131 J-0.0141
X-43.8183 Y-0.4988 Z-0.115 I-0.0131 J0.0141
X-43.8567 Y-0.5012 Z-0.1253 I-0.0192 J-0.0012
X-43.839 Y-0.5192 Z-0.13 I0.0192 J0.0012
X-43.836 Y-0.4808 Z-0.1403 I0.0015 J0.0192
X-43.8563 Y-0.4959 Z-0.145 I-0.0015 J-0.0192
X-43.8187 Y-0.5041 I0.0188 J-0.0041
X-43.8563 Y-0.4959 I-0.0188 J0.0041
X-43.849 Y-0.5074 I0.0094 J-0.0021
G1 X-43.8413 Y-0.509
X-43.8383 Y-0.5097 Z-0.1447
X-43.8354 Y-0.5103 Z-0.1438
X-43.8327 Y-0.5109 Z-0.1423
X-43.8304 Y-0.5114 Z-0.1404
X-43.8285 Y-0.5118 Z-0.138
X-43.827 Y-0.5121 Z-0.1353
X-43.8262 Y-0.5123 Z-0.1323
X-43.8259 Y-0.5124 Z-0.1292
G0 Z0.4
X-43.3515 Y-0.5096
Z0.13
G1 Z0.0658 F40.
G18 G2 X-43.3357 Z0.05 I0.0157 K0.
G1 X-43.3279
G17 G3 X-43.3183 Y-0.5 I0. J0.0096
X-43.3567 Z0.0397 I-0.0192 J0.
X-43.3401 Y-0.5191 Z0.035 I0.0192 J0.
X-43.3349 Y-0.4809 Z0.0247 I0.0026 J0.0191
X-43.356 Y-0.4948 Z0.02 I-0.0026 J-0.0191
X-43.319 Y-0.5052 Z0.0097 I0.0185 J-0.0052
X-43.356 Y-0.4948 Z-0.0006 I-0.0185 J0.0052
X-43.319 Y-0.5052 Z-0.0109 I0.0185 J-0.0052
X-43.356 Y-0.4948 Z-0.0212 I-0.0185 J0.0052
X-43.3497 Y-0.5149 Z-0.025 I0.0185 J-0.0052
X-43.3253 Y-0.4851 Z-0.0353 I0.0122 J0.0149
X-43.3506 Y-0.4859 Z-0.04 I-0.0122 J-0.0149
X-43.3244 Y-0.5141 Z-0.0503 I0.0131 J-0.0141
X-43.3217 Y-0.489 Z-0.055 I-0.0131 J0.0141
X-43.3533 Y-0.511 Z-0.0653 I-0.0158 J-0.011
X-43.3217 Y-0.489 Z-0.0756 I0.0158 J0.011
X-43.3533 Y-0.511 Z-0.0859 I-0.0158 J-0.011
X-43.3217 Y-0.489 Z-0.0962 I0.0158 J0.011
X-43.3533 Y-0.511 Z-0.1065 I-0.0158 J-0.011
X-43.3217 Y-0.489 Z-0.1168 I0.0158 J0.011
X-43.3533 Y-0.511 Z-0.1271 I-0.0158 J-0.011
X-43.339 Y-0.5192 Z-0.13 I0.0158 J0.011
X-43.336 Y-0.4808 Z-0.1403 I0.0015 J0.0192
X-43.3563 Y-0.4959 Z-0.145 I-0.0015 J-0.0192
X-43.3187 Y-0.5041 I0.0188 J-0.0041
X-43.3563 Y-0.4959 I-0.0188 J0.0041
X-43.349 Y-0.5074 I0.0094 J-0.0021
G1 X-43.3413 Y-0.509
X-43.3383 Y-0.5097 Z-0.1447
X-43.3354 Y-0.5103 Z-0.1438
X-43.3327 Y-0.5109 Z-0.1423
X-43.3304 Y-0.5114 Z-0.1404
X-43.3285 Y-0.5118 Z-0.138
X-43.327 Y-0.5121 Z-0.1353
X-43.3262 Y-0.5123 Z-0.1323
X-43.3259 Y-0.5124 Z-0.1292
G0 Z0.4
X-42.8515 Y-0.5096
Z0.13
G1 Z0.0658 F40.
G18 G2 X-42.8358 Z0.05 I0.0157 K0.
G1 X-42.8279
G17 G3 X-42.8182 Y-0.5 I0. J0.0096
X-42.8568 Z0.0397 I-0.0193 J0.
X-42.8401 Y-0.5191 Z0.035 I0.0193 J0.
X-42.8349 Y-0.4809 Z0.0247 I0.0026 J0.0191
X-42.856 Y-0.4948 Z0.02 I-0.0026 J-0.0191
X-42.819 Y-0.5052 Z0.0097 I0.0185 J-0.0052
X-42.856 Y-0.4948 Z-0.0006 I-0.0185 J0.0052
X-42.819 Y-0.5052 Z-0.0109 I0.0185 J-0.0052
X-42.856 Y-0.4948 Z-0.0212 I-0.0185 J0.0052
X-42.819 Y-0.5052 Z-0.0315 I0.0185 J-0.0052
X-42.8506 Y-0.4859 Z-0.04 I-0.0185 J0.0052
X-42.8244 Y-0.5141 Z-0.0503 I0.0131 J-0.0141
X-42.8217 Y-0.489 Z-0.055 I-0.0131 J0.0141
X-42.8533 Y-0.511 Z-0.0653 I-0.0158 J-0.011
X-42.8217 Y-0.489 Z-0.0756 I0.0158 J0.011
X-42.8533 Y-0.511 Z-0.0859 I-0.0158 J-0.011
X-42.8217 Y-0.489 Z-0.0962 I0.0158 J0.011
X-42.8533 Y-0.511 Z-0.1065 I-0.0158 J-0.011
X-42.8217 Y-0.489 Z-0.1168 I0.0158 J0.011
X-42.8533 Y-0.511 Z-0.1271 I-0.0158 J-0.011
X-42.8217 Y-0.489 Z-0.1374 I0.0158 J0.011
X-42.8563 Y-0.4959 Z-0.145 I-0.0158 J-0.011
X-42.8187 Y-0.5041 I0.0188 J-0.0041
X-42.8563 Y-0.4959 I-0.0188 J0.0041
X-42.849 Y-0.5074 I0.0094 J-0.0021
G1 X-42.8413 Y-0.509
X-42.8383 Y-0.5097 Z-0.1447
X-42.8354 Y-0.5103 Z-0.1438
X-42.8327 Y-0.5109 Z-0.1423
X-42.8304 Y-0.5114 Z-0.1404
X-42.8285 Y-0.5118 Z-0.138
X-42.827 Y-0.5121 Z-0.1353
X-42.8262 Y-0.5123 Z-0.1323
X-42.8259 Y-0.5124 Z-0.1292
G0 Z0.4
X-42.3515 Y-0.5096
Z0.13
G1 Z0.0658 F40.
G18 G2 X-42.3357 Z0.05 I0.0158 K0.
G1 X-42.3279
G17 G3 X-42.3182 Y-0.5 I0. J0.0096
X-42.3568 Z0.0397 I-0.0193 J0.
X-42.3401 Y-0.5191 Z0.035 I0.0193 J0.
X-42.3349 Y-0.4809 Z0.0247 I0.0026 J0.0191
X-42.3401 Y-0.5191 Z0.0144 I-0.0026 J-0.0191
X-42.3298 Y-0.4824 Z0.005 I0.0026 J0.0191
X-42.3452 Y-0.5176 Z-0.0053 I-0.0077 J-0.0176
X-42.3211 Y-0.5101 Z-0.01 I0.0077 J0.0176
X-42.3539 Y-0.49 Z-0.0203 I-0.0164 J0.0101
X-42.3497 Y-0.5149 Z-0.025 I0.0164 J-0.01
X-42.3253 Y-0.4851 Z-0.0353 I0.0122 J0.0149
X-42.3506 Y-0.4859 Z-0.04 I-0.0122 J-0.0149
X-42.3244 Y-0.5141 Z-0.0503 I0.0131 J-0.0141
X-42.3217 Y-0.489 Z-0.055 I-0.0131 J0.0141
X-42.3533 Y-0.511 Z-0.0653 I-0.0158 J-0.011
X-42.3287 Y-0.5171 Z-0.07 I0.0158 J0.011
X-42.3463 Y-0.4829 Z-0.0803 I-0.0088 J0.0171
X-42.3287 Y-0.5171 Z-0.0906 I0.0088 J-0.0171
X-42.3413 Y-0.4811 Z-0.1 I-0.0088 J0.0171
X-42.3337 Y-0.5189 Z-0.1103 I0.0038 J-0.0189
X-42.3183 Y-0.4988 Z-0.115 I-0.0038 J0.0189
X-42.3567 Y-0.5012 Z-0.1253 I-0.0192 J-0.0012
X-42.339 Y-0.5192 Z-0.13 I0.0192 J0.0012
X-42.336 Y-0.4808 Z-0.1403 I0.0015 J0.0192
X-42.3563 Y-0.4959 Z-0.145 I-0.0015 J-0.0192
X-42.3187 Y-0.5041 I0.0188 J-0.0041
X-42.3563 Y-0.4959 I-0.0188 J0.0041
X-42.349 Y-0.5074 I0.0094 J-0.0021
G1 X-42.3413 Y-0.509
X-42.3383 Y-0.5097 Z-0.1447
X-42.3354 Y-0.5103 Z-0.1438
X-42.3327 Y-0.5109 Z-0.1423
X-42.3304 Y-0.5114 Z-0.1404
X-42.3285 Y-0.5118 Z-0.138
X-42.327 Y-0.5121 Z-0.1353
X-42.3262 Y-0.5123 Z-0.1323
X-42.3259 Y-0.5124 Z-0.1292
G0 Z0.4
X-41.8515 Y-0.5096
Z0.13
G1 Z0.0658 F40.
G18 G2 X-41.8358 Z0.05 I0.0157 K0.
G1 X-41.8279
G17 G3 X-41.8183 Y-0.5 I0. J0.0096
X-41.8567 Z0.0397 I-0.0192 J0.
X-41.8401 Y-0.5191 Z0.035 I0.0192 J0.
X-41.8349 Y-0.4809 Z0.0247 I0.0026 J0.0191
X-41.8401 Y-0.5191 Z0.0144 I-0.0026 J-0.0191
X-41.8298 Y-0.4824 Z0.005 I0.0026 J0.0191
X-41.8452 Y-0.5176 Z-0.0053 I-0.0077 J-0.0176
X-41.8298 Y-0.4824 Z-0.0156 I0.0077 J0.0176
X-41.8497 Y-0.5149 Z-0.025 I-0.0077 J-0.0176
X-41.8253 Y-0.4851 Z-0.0353 I0.0122 J0.0149
X-41.8506 Y-0.4859 Z-0.04 I-0.0122 J-0.0149
X-41.8244 Y-0.5141 Z-0.0503 I0.0131 J-0.0141
X-41.8217 Y-0.489 Z-0.055 I-0.0131 J0.0141
X-41.8533 Y-0.511 Z-0.0653 I-0.0158 J-0.011
X-41.8287 Y-0.5171 Z-0.07 I0.0158 J0.011
X-41.8463 Y-0.4829 Z-0.0803 I-0.0088 J0.0171
X-41.8557 Y-0.5063 Z-0.085 I0.0088 J-0.0171
X-41.8193 Y-0.4937 Z-0.0953 I0.0182 J0.0063
X-41.8557 Y-0.5063 Z-0.1056 I-0.0182 J-0.0063
X-41.8193 Y-0.4937 Z-0.1159 I0.0182 J0.0063
X-41.8557 Y-0.5063 Z-0.1262 I-0.0182 J-0.0063
X-41.839 Y-0.5192 Z-0.13 I0.0182 J0.0063
X-41.836 Y-0.4808 Z-0.1403 I0.0015 J0.0192
X-41.8563 Y-0.4959 Z-0.145 I-0.0015 J-0.0192
X-41.8187 Y-0.5041 I0.0188 J-0.0041
X-41.8563 Y-0.4959 I-0.0188 J0.0041
X-41.849 Y-0.5074 I0.0094 J-0.0021
G1 X-41.8413 Y-0.509
X-41.8383 Y-0.5097 Z-0.1447
X-41.8354 Y-0.5103 Z-0.1438
X-41.8327 Y-0.5109 Z-0.1423
X-41.8304 Y-0.5114 Z-0.1404
X-41.8285 Y-0.5118 Z-0.138
X-41.827 Y-0.5121 Z-0.1353
X-41.8262 Y-0.5123 Z-0.1323
X-41.8259 Y-0.5124 Z-0.1292
G0 Z0.4
X-41.3515 Y-0.5096
Z0.13
G1 Z0.0658 F40.
G18 G2 X-41.3358 Z0.05 I0.0157 K0.
G1 X-41.3279
G17 G3 X-41.3182 Y-0.5 I0. J0.0096
X-41.3568 Z0.0397 I-0.0193 J0.
X-41.3401 Y-0.5191 Z0.035 I0.0193 J0.
X-41.3349 Y-0.4809 Z0.0247 I0.0026 J0.0191
X-41.356 Y-0.4948 Z0.02 I-0.0026 J-0.0191
X-41.319 Y-0.5052 Z0.0097 I0.0185 J-0.0052
X-41.356 Y-0.4948 Z-0.0006 I-0.0185 J0.0052
X-41.319 Y-0.5052 Z-0.0109 I0.0185 J-0.0052
X-41.356 Y-0.4948 Z-0.0212 I-0.0185 J0.0052
X-41.3497 Y-0.5149 Z-0.025 I0.0185 J-0.0052
X-41.3253 Y-0.4851 Z-0.0353 I0.0122 J0.0149
X-41.3506 Y-0.4859 Z-0.04 I-0.0122 J-0.0149
X-41.3244 Y-0.5141 Z-0.0503 I0.0131 J-0.0141
X-41.3506 Y-0.4859 Z-0.0606 I-0.0131 J0.0141
X-41.3244 Y-0.5141 Z-0.0709 I0.0131 J-0.0141
X-41.3506 Y-0.4859 Z-0.0812 I-0.0131 J0.0141
X-41.3244 Y-0.5141 Z-0.0915 I0.0131 J-0.0141
X-41.3506 Y-0.4859 Z-0.1018 I-0.0131 J0.0141
X-41.3244 Y-0.5141 Z-0.1121 I0.0131 J-0.0141
X-41.3183 Y-0.4988 Z-0.115 I-0.0131 J0.0141
X-41.3567 Y-0.5012 Z-0.1253 I-0.0192 J-0.0012
X-41.339 Y-0.5192 Z-0.13 I0.0192 J0.0012
X-41.336 Y-0.4808 Z-0.1403 I0.0015 J0.0192
X-41.3563 Y-0.4959 Z-0.145 I-0.0015 J-0.0192
X-41.3187 Y-0.5041 I0.0188 J-0.0041
X-41.3563 Y-0.4959 I-0.0188 J0.0041
X-41.349 Y-0.5074 I0.0094 J-0.0021
G1 X-41.3413 Y-0.509
X-41.3383 Y-0.5097 Z-0.1447
X-41.3354 Y-0.5103 Z-0.1438
X-41.3327 Y-0.5109 Z-0.1423
X-41.3304 Y-0.5114 Z-0.1404
X-41.3285 Y-0.5118 Z-0.138
X-41.327 Y-0.5121 Z-0.1353
X-41.3262 Y-0.5123 Z-0.1323
X-41.3259 Y-0.5124 Z-0.1292
G0 Z0.4
X-40.8515 Y-0.5096
Z0.13
G1 Z0.0658 F40.
G18 G2 X-40.8357 Z0.05 I0.0157 K0.
G1 X-40.8279
G17 G3 X-40.8183 Y-0.5 I0. J0.0096
X-40.8567 Z0.0397 I-0.0192 J0.
X-40.8401 Y-0.5191 Z0.035 I0.0192 J0.
X-40.8349 Y-0.4809 Z0.0247 I0.0026 J0.0191
X-40.856 Y-0.4948 Z0.02 I-0.0026 J-0.0191
X-40.819 Y-0.5052 Z0.0097 I0.0185 J-0.0052
X-40.856 Y-0.4948 Z-0.0006 I-0.0185 J0.0052
X-40.819 Y-0.5052 Z-0.0109 I0.0185 J-0.0052
X-40.856 Y-0.4948 Z-0.0212 I-0.0185 J0.0052
X-40.8497 Y-0.5149 Z-0.025 I0.0185 J-0.0052
X-40.8253 Y-0.4851 Z-0.0353 I0.0122 J0.0149
X-40.8506 Y-0.4859 Z-0.04 I-0.0122 J-0.0149
X-40.8244 Y-0.5141 Z-0.0503 I0.0131 J-0.0141
X-40.8217 Y-0.489 Z-0.055 I-0.0131 J0.0141
X-40.8533 Y-0.511 Z-0.0653 I-0.0158 J-0.011
X-40.8217 Y-0.489 Z-0.0756 I0.0158 J0.011
X-40.8533 Y-0.511 Z-0.0859 I-0.0158 J-0.011
X-40.8217 Y-0.489 Z-0.0962 I0.0158 J0.011
X-40.8533 Y-0.511 Z-0.1065 I-0.0158 J-0.011
X-40.8217 Y-0.489 Z-0.1168 I0.0158 J0.011
X-40.8533 Y-0.511 Z-0.1271 I-0.0158 J-0.011
X-40.839 Y-0.5192 Z-0.13 I0.0158 J0.011
X-40.836 Y-0.4808 Z-0.1403 I0.0015 J0.0192
X-40.8563 Y-0.4959 Z-0.145 I-0.0015 J-0.0192
X-40.8187 Y-0.5041 I0.0188 J-0.0041
X-40.8563 Y-0.4959 I-0.0188 J0.0041
X-40.849 Y-0.5074 I0.0094 J-0.0021
G1 X-40.8413 Y-0.509
X-40.8383 Y-0.5097 Z-0.1447
X-40.8354 Y-0.5103 Z-0.1438
X-40.8327 Y-0.5109 Z-0.1423
X-40.8304 Y-0.5114 Z-0.1404
X-40.8285 Y-0.5118 Z-0.138
X-40.827 Y-0.5121 Z-0.1353
X-40.8262 Y-0.5123 Z-0.1323
X-40.8259 Y-0.5124 Z-0.1292
G0 Z0.4
X-40.3515 Y-0.5096
Z0.13
G1 Z0.0658 F40.
G18 G2 X-40.3358 Z0.05 I0.0157 K0.
G1 X-40.3279
G17 G3 X-40.3182 Y-0.5 I0. J0.0096
X-40.3568 Z0.0397 I-0.0193 J0.
X-40.3401 Y-0.5191 Z0.035 I0.0193 J0.
X-40.3349 Y-0.4809 Z0.0247 I0.0026 J0.0191
X-40.356 Y-0.4948 Z0.02 I-0.0026 J-0.0191
X-40.319 Y-0.5052 Z0.0097 I0.0185 J-0.0052
X-40.356 Y-0.4948 Z-0.0006 I-0.0185 J0.0052
X-40.319 Y-0.5052 Z-0.0109 I0.0185 J-0.0052
X-40.356 Y-0.4948 Z-0.0212 I-0.0185 J0.0052
X-40.319 Y-0.5052 Z-0.0315 I0.0185 J-0.0052
X-40.3506 Y-0.4859 Z-0.04 I-0.0185 J0.0052
X-40.3244 Y-0.5141 Z-0.0503 I0.0131 J-0.0141
X-40.3217 Y-0.489 Z-0.055 I-0.0131 J0.0141
X-40.3533 Y-0.511 Z-0.0653 I-0.0158 J-0.011
X-40.3217 Y-0.489 Z-0.0756 I0.0158 J0.011
X-40.3533 Y-0.511 Z-0.0859 I-0.0158 J-0.011
X-40.3217 Y-0.489 Z-0.0962 I0.0158 J0.011
X-40.3533 Y-0.511 Z-0.1065 I-0.0158 J-0.011
X-40.3217 Y-0.489 Z-0.1168 I0.0158 J0.011
X-40.3533 Y-0.511 Z-0.1271 I-0.0158 J-0.011
X-40.3217 Y-0.489 Z-0.1374 I0.0158 J0.011
X-40.3563 Y-0.4959 Z-0.145 I-0.0158 J-0.011
X-40.3187 Y-0.5041 I0.0188 J-0.0041
X-40.3563 Y-0.4959 I-0.0188 J0.0041
X-40.349 Y-0.5074 I0.0094 J-0.0021
G1 X-40.3413 Y-0.509
X-40.3383 Y-0.5097 Z-0.1447
X-40.3354 Y-0.5103 Z-0.1438
X-40.3327 Y-0.5109 Z-0.1423
X-40.3304 Y-0.5114 Z-0.1404
X-40.3285 Y-0.5118 Z-0.138
X-40.327 Y-0.5121 Z-0.1353
X-40.3262 Y-0.5123 Z-0.1323
X-40.3259 Y-0.5124 Z-0.1292
G0 Z0.4
X-39.8515 Y-0.5096
Z0.13
G1 Z0.0658 F40.
G18 G2 X-39.8358 Z0.05 I0.0157 K0.
G1 X-39.8279
G17 G3 X-39.8182 Y-0.5 I0. J0.0096
X-39.8568 Z0.0397 I-0.0193 J0.
X-39.8182 Z0.0294 I0.0193 J0.
X-39.8568 Z0.0191 I-0.0193 J0.
X-39.8182 Z0.0088 I0.0193 J0.
X-39.8568 Z-0.0015 I-0.0193 J0.
X-39.8182 Z-0.0118 I0.0193 J0.
X-39.8568 Z-0.0221 I-0.0193 J0.
X-39.8182 Z-0.0324 I0.0193 J0.
X-39.8568 Z-0.0427 I-0.0193 J0.
X-39.8182 Z-0.053 I0.0193 J0.
X-39.8568 Z-0.0633 I-0.0193 J0.
X-39.8182 Z-0.0736 I0.0193 J0.
X-39.8568 Z-0.0839 I-0.0193 J0.
X-39.8182 Z-0.0942 I0.0193 J0.
X-39.8568 Z-0.1045 I-0.0193 J0.
X-39.8182 Z-0.1148 I0.0193 J0.
X-39.8568 Z-0.1251 I-0.0193 J0.
X-39.8182 Z-0.1354 I0.0193 J0.
X-39.8563 Y-0.4959 Z-0.145 I-0.0193 J0.
X-39.8187 Y-0.5041 I0.0188 J-0.0041
X-39.8563 Y-0.4959 I-0.0188 J0.0041
X-39.849 Y-0.5074 I0.0094 J-0.0021
G1 X-39.8413 Y-0.509
X-39.8383 Y-0.5097 Z-0.1447
X-39.8354 Y-0.5103 Z-0.1438
X-39.8327 Y-0.5109 Z-0.1423
X-39.8304 Y-0.5114 Z-0.1404
X-39.8285 Y-0.5118 Z-0.138
X-39.827 Y-0.5121 Z-0.1353
X-39.8262 Y-0.5123 Z-0.1323
X-39.8259 Y-0.5124 Z-0.1292
G0 Z0.4
X-39.3515 Y-0.5096
Z0.13
G1 Z0.0658 F40.
G18 G2 X-39.3358 Z0.05 I0.0157 K0.
G1 X-39.3279
G17 G3 X-39.3182 Y-0.5 I0. J0.0096
X-39.3567 Z0.0397 I-0.0193 J0.
X-39.3182 Z0.0294 I0.0193 J0.
X-39.3567 Z0.0191 I-0.0193 J0.
X-39.3182 Z0.0088 I0.0193 J0.
X-39.3567 Z-0.0015 I-0.0193 J0.
X-39.3182 Z-0.0118 I0.0193 J0.
X-39.3567 Z-0.0221 I-0.0193 J0.
X-39.3182 Z-0.0324 I0.0193 J0.
X-39.3567 Z-0.0427 I-0.0193 J0.
X-39.3182 Z-0.053 I0.0193 J0.
X-39.3567 Z-0.0633 I-0.0193 J0.
X-39.3182 Z-0.0736 I0.0193 J0.
X-39.3567 Z-0.0839 I-0.0193 J0.
X-39.3182 Z-0.0942 I0.0193 J0.
X-39.3567 Z-0.1045 I-0.0193 J0.
X-39.3182 Z-0.1148 I0.0193 J0.
X-39.3567 Z-0.1251 I-0.0193 J0.
X-39.3182 Z-0.1354 I0.0193 J0.
X-39.3563 Y-0.4959 Z-0.145 I-0.0193 J0.
X-39.3187 Y-0.5041 I0.0188 J-0.0041
X-39.3563 Y-0.4959 I-0.0188 J0.0041
X-39.349 Y-0.5074 I0.0094 J-0.0021
G1 X-39.3413 Y-0.509
X-39.3383 Y-0.5097 Z-0.1447
X-39.3354 Y-0.5103 Z-0.1438
X-39.3327 Y-0.5109 Z-0.1423
X-39.3304 Y-0.5114 Z-0.1404
X-39.3285 Y-0.5118 Z-0.138
X-39.327 Y-0.5121 Z-0.1353
X-39.3262 Y-0.5123 Z-0.1323
X-39.3259 Y-0.5124 Z-0.1292
G0 Z0.4
X-38.8515 Y-0.5096
Z0.13
G1 Z0.0658 F40.
G18 G2 X-38.8357 Z0.05 I0.0158 K0.
G1 X-38.8279
G17 G3 X-38.8182 Y-0.5 I0. J0.0096
X-38.8567 Z0.0397 I-0.0193 J0.
X-38.8182 Z0.0294 I0.0193 J0.
X-38.8567 Z0.0191 I-0.0193 J0.
X-38.8182 Z0.0088 I0.0193 J0.
X-38.8567 Z-0.0015 I-0.0193 J0.
X-38.8182 Z-0.0118 I0.0193 J0.
X-38.8568 Z-0.0221 I-0.0193 J0.
X-38.8497 Y-0.5149 Z-0.025 I0.0193 J0.
X-38.8253 Y-0.4851 Z-0.0353 I0.0122 J0.0149
X-38.8506 Y-0.4859 Z-0.04 I-0.0122 J-0.0149
X-38.8244 Y-0.5141 Z-0.0503 I0.0131 J-0.0141
X-38.8506 Y-0.4859 Z-0.0606 I-0.0131 J0.0141
X-38.8244 Y-0.5141 Z-0.0709 I0.0131 J-0.0141
X-38.8506 Y-0.4859 Z-0.0812 I-0.0131 J0.0141
X-38.8557 Y-0.5063 Z-0.085 I0.0131 J-0.0141
X-38.8193 Y-0.4937 Z-0.0953 I0.0182 J0.0063
X-38.8413 Y-0.4811 Z-0.1 I-0.0182 J-0.0063
X-38.8337 Y-0.5189 Z-0.1103 I0.0038 J-0.0189
X-38.8413 Y-0.4811 Z-0.1206 I-0.0038 J0.0189
X-38.839 Y-0.5192 Z-0.13 I0.0038 J-0.0189
X-38.836 Y-0.4808 Z-0.1403 I0.0015 J0.0192
X-38.8563 Y-0.4959 Z-0.145 I-0.0015 J-0.0192
X-38.8187 Y-0.5041 I0.0188 J-0.0041
X-38.8563 Y-0.4959 I-0.0188 J0.0041
X-38.849 Y-0.5074 I0.0094 J-0.0021
G1 X-38.8413 Y-0.509
X-38.8383 Y-0.5097 Z-0.1447
X-38.8354 Y-0.5103 Z-0.1438
X-38.8327 Y-0.5109 Z-0.1423
X-38.8304 Y-0.5114 Z-0.1404
X-38.8285 Y-0.5118 Z-0.138
X-38.827 Y-0.5121 Z-0.1353
X-38.8262 Y-0.5123 Z-0.1323
X-38.8259 Y-0.5124 Z-0.1292
G0 Z0.4
X-38.3515 Y-0.5096
Z0.13
G1 Z0.0658 F40.
G18 G2 X-38.3357 Z0.05 I0.0158 K0.
G1 X-38.3279
G17 G3 X-38.3183 Y-0.5 I0. J0.0096
X-38.3568 Z0.0397 I-0.0193 J0.
X-38.3401 Y-0.5191 Z0.035 I0.0192 J0.
X-38.3349 Y-0.4809 Z0.0247 I0.0026 J0.0191
X-38.3401 Y-0.5191 Z0.0144 I-0.0026 J-0.0191
X-38.3298 Y-0.4824 Z0.005 I0.0026 J0.0191
X-38.3452 Y-0.5176 Z-0.0053 I-0.0077 J-0.0176
X-38.3298 Y-0.4824 Z-0.0156 I0.0077 J0.0176
X-38.3452 Y-0.5176 Z-0.0259 I-0.0077 J-0.0176
X-38.3298 Y-0.4824 Z-0.0362 I0.0077 J0.0176
X-38.3452 Y-0.5176 Z-0.0465 I-0.0077 J-0.0176
X-38.3217 Y-0.489 Z-0.055 I0.0077 J0.0176
X-38.3533 Y-0.511 Z-0.0653 I-0.0158 J-0.011
X-38.3287 Y-0.5171 Z-0.07 I0.0158 J0.011
X-38.3463 Y-0.4829 Z-0.0803 I-0.0088 J0.0171
X-38.3287 Y-0.5171 Z-0.0906 I0.0088 J-0.0171
X-38.3463 Y-0.4829 Z-0.1009 I-0.0088 J0.0171
X-38.3287 Y-0.5171 Z-0.1112 I0.0088 J-0.0171
X-38.3463 Y-0.4829 Z-0.1215 I-0.0088 J0.0171
X-38.3287 Y-0.5171 Z-0.1318 I0.0088 J-0.0171
X-38.3463 Y-0.4829 Z-0.1421 I-0.0088 J0.0171
X-38.3563 Y-0.4959 Z-0.145 I0.0088 J-0.0171
X-38.3187 Y-0.5041 I0.0188 J-0.0041
X-38.3563 Y-0.4959 I-0.0188 J0.0041
X-38.349 Y-0.5074 I0.0094 J-0.0021
G1 X-38.3413 Y-0.509
X-38.3383 Y-0.5097 Z-0.1447
X-38.3354 Y-0.5103 Z-0.1438
X-38.3327 Y-0.5109 Z-0.1423
X-38.3304 Y-0.5114 Z-0.1404
X-38.3285 Y-0.5118 Z-0.138
X-38.327 Y-0.5121 Z-0.1353
X-38.3262 Y-0.5123 Z-0.1323
X-38.3259 Y-0.5124 Z-0.1292
G0 Z0.4
X-37.8515 Y-0.5096
Z0.13
G1 Z0.0658 F40.
G18 G2 X-37.8358 Z0.05 I0.0157 K0.
G1 X-37.8279
G17 G3 X-37.8183 Y-0.5 I0. J0.0096
X-37.8568 Z0.0397 I-0.0193 J0.
X-37.8183 Z0.0294 I0.0193 J0.
X-37.8568 Z0.0191 I-0.0193 J0.
X-37.8183 Z0.0088 I0.0193 J0.
X-37.8568 Z-0.0015 I-0.0193 J0.
X-37.8183 Z-0.0118 I0.0193 J0.
X-37.8568 Z-0.0221 I-0.0193 J0.
X-37.8183 Z-0.0324 I0.0193 J0.
X-37.8568 Z-0.0427 I-0.0193 J0.
X-37.8183 Z-0.053 I0.0193 J0.
X-37.8568 Z-0.0633 I-0.0193 J0.
X-37.8183 Z-0.0736 I0.0193 J0.
X-37.8568 Z-0.0839 I-0.0193 J0.
X-37.8183 Z-0.0942 I0.0193 J0.
X-37.8568 Z-0.1045 I-0.0193 J0.
X-37.8183 Z-0.1148 I0.0193 J0.
X-37.8568 Z-0.1251 I-0.0193 J0.
X-37.8183 Z-0.1354 I0.0193 J0.
X-37.8563 Y-0.4959 Z-0.145 I-0.0193 J0.
X-37.8187 Y-0.5041 I0.0188 J-0.0041
X-37.8563 Y-0.4959 I-0.0188 J0.0041
X-37.849 Y-0.5074 I0.0094 J-0.0021
G1 X-37.8413 Y-0.509
X-37.8383 Y-0.5097 Z-0.1447
X-37.8354 Y-0.5103 Z-0.1438
X-37.8327 Y-0.5109 Z-0.1423
X-37.8304 Y-0.5114 Z-0.1404
X-37.8285 Y-0.5118 Z-0.138
X-37.827 Y-0.5121 Z-0.1353
X-37.8262 Y-0.5123 Z-0.1323
X-37.8259 Y-0.5124 Z-0.1292
G0 Z0.4
X-37.3515 Y-0.5096
Z0.13
G1 Z0.0658 F40.
G18 G2 X-37.3358 Z0.05 I0.0157 K0.
G1 X-37.3279
G17 G3 X-37.3182 Y-0.5 I0. J0.0096
X-37.3568 Z0.0397 I-0.0193 J0.
X-37.3182 Z0.0294 I0.0193 J0.
X-37.3568 Z0.0191 I-0.0193 J0.
X-37.3182 Z0.0088 I0.0193 J0.
X-37.3568 Z-0.0015 I-0.0193 J0.
X-37.3182 Z-0.0118 I0.0193 J0.
X-37.3568 Z-0.0221 I-0.0193 J0.
X-37.3182 Z-0.0324 I0.0193 J0.
X-37.3568 Z-0.0427 I-0.0193 J0.
X-37.3182 Z-0.053 I0.0193 J0.
X-37.3568 Z-0.0633 I-0.0193 J0.
X-37.3182 Z-0.0736 I0.0193 J0.
X-37.3568 Z-0.0839 I-0.0193 J0.
X-37.3182 Z-0.0942 I0.0193 J0.
X-37.3568 Z-0.1045 I-0.0193 J0.
X-37.3182 Z-0.1148 I0.0193 J0.
X-37.3568 Z-0.1251 I-0.0193 J0.
X-37.3182 Z-0.1354 I0.0193 J0.
X-37.3563 Y-0.4959 Z-0.145 I-0.0193 J0.
X-37.3187 Y-0.5041 I0.0188 J-0.0041
X-37.3563 Y-0.4959 I-0.0188 J0.0041
X-37.349 Y-0.5074 I0.0094 J-0.0021
G1 X-37.3413 Y-0.509
X-37.3383 Y-0.5097 Z-0.1447
X-37.3354 Y-0.5103 Z-0.1438
X-37.3327 Y-0.5109 Z-0.1423
X-37.3304 Y-0.5114 Z-0.1404
X-37.3285 Y-0.5118 Z-0.138
X-37.327 Y-0.5121 Z-0.1353
X-37.3262 Y-0.5123 Z-0.1323
X-37.3259 Y-0.5124 Z-0.1292
G0 Z0.4
X-36.7529 Y-0.514
Z0.13
G1 Z0.0658 F40.
G19 G3 Y-0.4983 Z0.05 J0.0158 K0.
G1 Y-0.4904
G17 G3 X-36.7625 Y-0.4808 I-0.0096 J0.
Y-0.5192 Z0.0397 I0. J-0.0192
Y-0.4808 Z0.0294 I0. J0.0192
Y-0.5192 Z0.0191 I0. J-0.0192
Y-0.4808 Z0.0088 I0. J0.0192
Y-0.5192 Z-0.0015 I0. J-0.0192
Y-0.4808 Z-0.0118 I0. J0.0192
Y-0.5192 Z-0.0221 I0. J-0.0192
Y-0.4808 Z-0.0324 I0. J0.0192
Y-0.5192 Z-0.0427 I0. J-0.0192
Y-0.4808 Z-0.053 I0. J0.0192
Y-0.5192 Z-0.0633 I0. J-0.0192
Y-0.4808 Z-0.0736 I0. J0.0192
Y-0.5192 Z-0.0839 I0. J-0.0192
Y-0.4808 Z-0.0942 I0. J0.0192
Y-0.5192 Z-0.1045 I0. J-0.0192
Y-0.4808 Z-0.1148 I0. J0.0192
Y-0.5192 Z-0.1251 I0. J-0.0192
Y-0.4808 Z-0.1354 I0. J0.0192
X-36.7666 Y-0.5188 Z-0.145 I0. J-0.0192
X-36.7584 Y-0.4812 I0.0041 J0.0188
X-36.7666 Y-0.5188 I-0.0041 J-0.0188
X-36.7551 Y-0.5115 I0.0021 J0.0094
G1 X-36.7535 Y-0.5038
X-36.7528 Y-0.5008 Z-0.1447
X-36.7522 Y-0.4979 Z-0.1438
X-36.7516 Y-0.4952 Z-0.1423
X-36.7511 Y-0.4929 Z-0.1404
X-36.7507 Y-0.491 Z-0.138
X-36.7504 Y-0.4895 Z-0.1353
X-36.7502 Y-0.4887 Z-0.1323
X-36.7501 Y-0.4884 Z-0.1292
G0 Z0.4
X-36.2529 Y-0.514
Z0.13
G1 Z0.0658 F40.
G19 G3 Y-0.4983 Z0.05 J0.0158 K0.
G1 Y-0.4904
G17 G3 X-36.2625 Y-0.4808 I-0.0096 J0.
Y-0.5192 Z0.0397 I0. J-0.0192
Y-0.4808 Z0.0294 I0. J0.0192
Y-0.5192 Z0.0191 I0. J-0.0192
Y-0.4808 Z0.0088 I0. J0.0192
Y-0.5192 Z-0.0015 I0. J-0.0192
Y-0.4808 Z-0.0118 I0. J0.0192
Y-0.5192 Z-0.0221 I0. J-0.0192
Y-0.4808 Z-0.0324 I0. J0.0192
Y-0.5192 Z-0.0427 I0. J-0.0192
Y-0.4808 Z-0.053 I0. J0.0192
Y-0.5192 Z-0.0633 I0. J-0.0192
Y-0.4808 Z-0.0736 I0. J0.0192
Y-0.5192 Z-0.0839 I0. J-0.0192
Y-0.4808 Z-0.0942 I0. J0.0192
Y-0.5192 Z-0.1045 I0. J-0.0192
Y-0.4808 Z-0.1148 I0. J0.0192
Y-0.5192 Z-0.1251 I0. J-0.0192
Y-0.4808 Z-0.1354 I0. J0.0192
X-36.2666 Y-0.5188 Z-0.145 I0. J-0.0192
X-36.2584 Y-0.4812 I0.0041 J0.0188
X-36.2666 Y-0.5188 I-0.0041 J-0.0188
X-36.2551 Y-0.5115 I0.0021 J0.0094
G1 X-36.2535 Y-0.5038
X-36.2528 Y-0.5008 Z-0.1447
X-36.2522 Y-0.4979 Z-0.1438
X-36.2516 Y-0.4952 Z-0.1423
X-36.2511 Y-0.4929 Z-0.1404
X-36.2507 Y-0.491 Z-0.138
X-36.2504 Y-0.4895 Z-0.1353
X-36.2502 Y-0.4887 Z-0.1323
X-36.2501 Y-0.4884 Z-0.1292
G0 Z0.4
X-35.7529 Y-0.514
Z0.13
G1 Z0.0658 F40.
G19 G3 Y-0.4983 Z0.05 J0.0158 K0.
G1 Y-0.4904
G17 G3 X-35.7625 Y-0.4808 I-0.0096 J0.
Y-0.5192 Z0.0397 I0. J-0.0192
Y-0.4808 Z0.0294 I0. J0.0192
Y-0.5192 Z0.0191 I0. J-0.0192
Y-0.4808 Z0.0088 I0. J0.0192
Y-0.5192 Z-0.0015 I0. J-0.0192
Y-0.4808 Z-0.0118 I0. J0.0192
Y-0.5192 Z-0.0221 I0. J-0.0192
Y-0.4808 Z-0.0324 I0. J0.0192
Y-0.5192 Z-0.0427 I0. J-0.0192
Y-0.4808 Z-0.053 I0. J0.0192
Y-0.5192 Z-0.0633 I0. J-0.0192
Y-0.4808 Z-0.0736 I0. J0.0192
Y-0.5192 Z-0.0839 I0. J-0.0192
Y-0.4808 Z-0.0942 I0. J0.0192
Y-0.5192 Z-0.1045 I0. J-0.0192
Y-0.4808 Z-0.1148 I0. J0.0192
Y-0.5192 Z-0.1251 I0. J-0.0192
Y-0.4808 Z-0.1354 I0. J0.0192
X-35.7666 Y-0.5188 Z-0.145 I0. J-0.0192
X-35.7584 Y-0.4812 I0.0041 J0.0188
X-35.7666 Y-0.5188 I-0.0041 J-0.0188
X-35.7551 Y-0.5115 I0.002 J0.0094
G1 X-35.7535 Y-0.5038
X-35.7528 Y-0.5008 Z-0.1447
X-35.7522 Y-0.4979 Z-0.1438
X-35.7516 Y-0.4952 Z-0.1423
X-35.7511 Y-0.4929 Z-0.1404
X-35.7507 Y-0.491 Z-0.138
X-35.7504 Y-0.4895 Z-0.1353
X-35.7502 Y-0.4887 Z-0.1323
X-35.7501 Y-0.4884 Z-0.1292
G0 Z0.4
X-35.2529 Y-0.514
Z0.13
G1 Z0.0658 F40.
G19 G3 Y-0.4983 Z0.05 J0.0158 K0.
G1 Y-0.4904
G17 G3 X-35.2625 Y-0.4808 I-0.0096 J0.
Y-0.5192 Z0.0397 I0. J-0.0192
Y-0.4808 Z0.0294 I0. J0.0192
Y-0.5192 Z0.0191 I0. J-0.0192
Y-0.4808 Z0.0088 I0. J0.0192
Y-0.5192 Z-0.0015 I0. J-0.0192
Y-0.4808 Z-0.0118 I0. J0.0192
Y-0.5192 Z-0.0221 I0. J-0.0192
Y-0.4808 Z-0.0324 I0. J0.0192
Y-0.5192 Z-0.0427 I0. J-0.0192
Y-0.4808 Z-0.053 I0. J0.0192
Y-0.5192 Z-0.0633 I0. J-0.0192
Y-0.4808 Z-0.0736 I0. J0.0192
Y-0.5192 Z-0.0839 I0. J-0.0192
Y-0.4808 Z-0.0942 I0. J0.0192
Y-0.5192 Z-0.1045 I0. J-0.0192
Y-0.4808 Z-0.1148 I0. J0.0192
Y-0.5192 Z-0.1251 I0. J-0.0192
Y-0.4808 Z-0.1354 I0. J0.0192
X-35.2666 Y-0.5188 Z-0.145 I0. J-0.0192
X-35.2584 Y-0.4812 I0.0041 J0.0188
X-35.2666 Y-0.5188 I-0.0041 J-0.0188
X-35.2551 Y-0.5115 I0.002 J0.0094
G1 X-35.2535 Y-0.5038
X-35.2528 Y-0.5008 Z-0.1447
X-35.2522 Y-0.4979 Z-0.1438
X-35.2516 Y-0.4952 Z-0.1423
X-35.2511 Y-0.4929 Z-0.1404
X-35.2507 Y-0.491 Z-0.138
X-35.2504 Y-0.4895 Z-0.1353
X-35.2502 Y-0.4887 Z-0.1323
X-35.2501 Y-0.4884 Z-0.1292
G0 Z0.4
X-34.7529 Y-0.514
Z0.13
G1 Z0.0658 F40.
G19 G3 Y-0.4983 Z0.05 J0.0158 K0.
G1 Y-0.4904
G17 G3 X-34.7625 Y-0.4808 I-0.0096 J0.
Y-0.5193 Z0.0397 I0. J-0.0192
Y-0.4807 Z0.0294 I0. J0.0193
Y-0.5193 Z0.0191 I0. J-0.0193
Y-0.4807 Z0.0088 I0. J0.0193
Y-0.5193 Z-0.0015 I0. J-0.0193
X-34.7524 Y-0.4836 Z-0.01 I0. J0.0193
X-34.7726 Y-0.5164 Z-0.0203 I-0.0101 J-0.0164
X-34.7524 Y-0.4836 Z-0.0306 I0.0101 J0.0164
X-34.7766 Y-0.5131 Z-0.04 I-0.0101 J-0.0164
X-34.7484 Y-0.4869 Z-0.0503 I0.0141 J0.0131
X-34.7735 Y-0.4842 Z-0.055 I-0.0141 J-0.0131
X-34.7515 Y-0.5158 Z-0.0653 I0.011 J-0.0158
X-34.7735 Y-0.4842 Z-0.0756 I-0.011 J0.0158
X-34.7562 Y-0.5182 Z-0.085 I0.011 J-0.0158
X-34.7688 Y-0.4818 Z-0.0953 I-0.0063 J0.0182
X-34.7562 Y-0.5182 Z-0.1056 I0.0063 J-0.0182
X-34.7637 Y-0.4808 Z-0.115 I-0.0063 J0.0182
X-34.7614 Y-0.5192 Z-0.1253 I0.0012 J-0.0192
X-34.7637 Y-0.4808 Z-0.1356 I-0.0012 J0.0192
X-34.7666 Y-0.5188 Z-0.145 I0.0012 J-0.0192
X-34.7584 Y-0.4812 I0.0041 J0.0188
X-34.7666 Y-0.5188 I-0.0041 J-0.0188
X-34.7551 Y-0.5115 I0.0021 J0.0094
G1 X-34.7535 Y-0.5038
X-34.7528 Y-0.5008 Z-0.1447
X-34.7522 Y-0.4979 Z-0.1438
X-34.7516 Y-0.4952 Z-0.1423
X-34.7511 Y-0.4929 Z-0.1404
X-34.7507 Y-0.491 Z-0.138
X-34.7504 Y-0.4895 Z-0.1353
X-34.7502 Y-0.4887 Z-0.1323
X-34.7501 Y-0.4884 Z-0.1292
G0 Z0.4
X-34.2529 Y-0.514
Z0.13
G1 Z0.0658 F40.
G19 G3 Y-0.4983 Z0.05 J0.0158 K0.
G1 Y-0.4904
G17 G3 X-34.2625 Y-0.4808 I-0.0096 J0.
Y-0.5192 Z0.0397 I0. J-0.0192
Y-0.4808 Z0.0294 I0. J0.0192
Y-0.5192 Z0.0191 I0. J-0.0192
Y-0.4808 Z0.0088 I0. J0.0192
Y-0.5192 Z-0.0015 I0. J-0.0192
Y-0.4808 Z-0.0118 I0. J0.0192
Y-0.5192 Z-0.0221 I0. J-0.0192
Y-0.4808 Z-0.0324 I0. J0.0192
Y-0.5192 Z-0.0427 I0. J-0.0192
Y-0.4808 Z-0.053 I0. J0.0192
Y-0.5192 Z-0.0633 I0. J-0.0192
Y-0.4808 Z-0.0736 I0. J0.0192
Y-0.5192 Z-0.0839 I0. J-0.0192
Y-0.4808 Z-0.0942 I0. J0.0192
Y-0.5192 Z-0.1045 I0. J-0.0192
Y-0.4808 Z-0.1148 I0. J0.0192
Y-0.5192 Z-0.1251 I0. J-0.0192
Y-0.4808 Z-0.1354 I0. J0.0192
X-34.2666 Y-0.5188 Z-0.145 I0. J-0.0192
X-34.2584 Y-0.4812 I0.0041 J0.0188
X-34.2666 Y-0.5188 I-0.0041 J-0.0188
X-34.2551 Y-0.5115 I0.0021 J0.0094
G1 X-34.2535 Y-0.5038
X-34.2528 Y-0.5008 Z-0.1447
X-34.2522 Y-0.4979 Z-0.1438
X-34.2516 Y-0.4952 Z-0.1423
X-34.2511 Y-0.4929 Z-0.1404
X-34.2507 Y-0.491 Z-0.138
X-34.2504 Y-0.4895 Z-0.1353
X-34.2502 Y-0.4887 Z-0.1323
X-34.2501 Y-0.4884 Z-0.1292
G0 Z0.4
X-33.7529 Y-0.514
Z0.13
G1 Z0.0658 F40.
G19 G3 Y-0.4983 Z0.05 J0.0158 K0.
G1 Y-0.4904
G17 G3 X-33.7625 Y-0.4808 I-0.0096 J0.
Y-0.5192 Z0.0397 I0. J-0.0192
Y-0.4808 Z0.0294 I0. J0.0192
Y-0.5192 Z0.0191 I0. J-0.0192
Y-0.4808 Z0.0088 I0. J0.0192
Y-0.5192 Z-0.0015 I0. J-0.0192
Y-0.4808 Z-0.0118 I0. J0.0192
Y-0.5192 Z-0.0221 I0. J-0.0192
Y-0.4808 Z-0.0324 I0. J0.0192
Y-0.5192 Z-0.0427 I0. J-0.0192
Y-0.4808 Z-0.053 I0. J0.0192
Y-0.5192 Z-0.0633 I0. J-0.0192
Y-0.4808 Z-0.0736 I0. J0.0192
Y-0.5192 Z-0.0839 I0. J-0.0192
Y-0.4808 Z-0.0942 I0. J0.0192
Y-0.5192 Z-0.1045 I0. J-0.0192
Y-0.4808 Z-0.1148 I0. J0.0192
Y-0.5192 Z-0.1251 I0. J-0.0192
Y-0.4808 Z-0.1354 I0. J0.0192
X-33.7666 Y-0.5188 Z-0.145 I0. J-0.0192
X-33.7584 Y-0.4812 I0.0041 J0.0188
X-33.7666 Y-0.5188 I-0.0041 J-0.0188
X-33.7551 Y-0.5115 I0.0021 J0.0094
G1 X-33.7535 Y-0.5038
X-33.7528 Y-0.5008 Z-0.1447
X-33.7522 Y-0.4979 Z-0.1438
X-33.7516 Y-0.4952 Z-0.1423
X-33.7511 Y-0.4929 Z-0.1404
X-33.7507 Y-0.491 Z-0.138
X-33.7504 Y-0.4895 Z-0.1353
X-33.7502 Y-0.4887 Z-0.1323
X-33.7501 Y-0.4884 Z-0.1292
G0 Z0.4
X-33.2529 Y-0.514
Z0.13
G1 Z0.0658 F40.
G19 G3 Y-0.4983 Z0.05 J0.0158 K0.
G1 Y-0.4904
G17 G3 X-33.2625 Y-0.4808 I-0.0096 J0.
Y-0.5192 Z0.0397 I0. J-0.0192
Y-0.4808 Z0.0294 I0. J0.0192
Y-0.5192 Z0.0191 I0. J-0.0192
Y-0.4808 Z0.0088 I0. J0.0192
Y-0.5192 Z-0.0015 I0. J-0.0192
Y-0.4808 Z-0.0118 I0. J0.0192
Y-0.5192 Z-0.0221 I0. J-0.0192
Y-0.4808 Z-0.0324 I0. J0.0192
Y-0.5192 Z-0.0427 I0. J-0.0192
Y-0.4808 Z-0.053 I0. J0.0192
Y-0.5192 Z-0.0633 I0. J-0.0192
Y-0.4808 Z-0.0736 I0. J0.0192
Y-0.5192 Z-0.0839 I0. J-0.0192
Y-0.4808 Z-0.0942 I0. J0.0192
Y-0.5192 Z-0.1045 I0. J-0.0192
Y-0.4808 Z-0.1148 I0. J0.0192
Y-0.5192 Z-0.1251 I0. J-0.0192
Y-0.4808 Z-0.1354 I0. J0.0192
X-33.2666 Y-0.5188 Z-0.145 I0. J-0.0192
X-33.2584 Y-0.4812 I0.0041 J0.0188
X-33.2666 Y-0.5188 I-0.0041 J-0.0188
X-33.2551 Y-0.5115 I0.002 J0.0094
G1 X-33.2535 Y-0.5038
X-33.2528 Y-0.5008 Z-0.1447
X-33.2522 Y-0.4979 Z-0.1438
X-33.2516 Y-0.4952 Z-0.1423
X-33.2511 Y-0.4929 Z-0.1404
X-33.2507 Y-0.491 Z-0.138
X-33.2504 Y-0.4895 Z-0.1353
X-33.2502 Y-0.4887 Z-0.1323
X-33.2501 Y-0.4884 Z-0.1292
G0 Z0.4
X-32.7529 Y-0.514
Z0.13
G1 Z0.0658 F40.
G19 G3 Y-0.4983 Z0.05 J0.0158 K0.
G1 Y-0.4904
G17 G3 X-32.7625 Y-0.4808 I-0.0096 J0.
Y-0.5192 Z0.0397 I0. J-0.0192
Y-0.4808 Z0.0294 I0. J0.0192
Y-0.5192 Z0.0191 I0. J-0.0192
Y-0.4808 Z0.0088 I0. J0.0192
Y-0.5192 Z-0.0015 I0. J-0.0192
Y-0.4808 Z-0.0118 I0. J0.0192
Y-0.5192 Z-0.0221 I0. J-0.0192
Y-0.4808 Z-0.0324 I0. J0.0192
Y-0.5192 Z-0.0427 I0. J-0.0192
Y-0.4808 Z-0.053 I0. J0.0192
Y-0.5192 Z-0.0633 I0. J-0.0192
Y-0.4808 Z-0.0736 I0. J0.0192
Y-0.5192 Z-0.0839 I0. J-0.0192
Y-0.4808 Z-0.0942 I0. J0.0192
Y-0.5192 Z-0.1045 I0. J-0.0192
Y-0.4808 Z-0.1148 I0. J0.0192
Y-0.5192 Z-0.1251 I0. J-0.0192
Y-0.4808 Z-0.1354 I0. J0.0192
X-32.7666 Y-0.5188 Z-0.145 I0. J-0.0192
X-32.7584 Y-0.4812 I0.0041 J0.0188
X-32.7666 Y-0.5188 I-0.0041 J-0.0188
X-32.7551 Y-0.5115 I0.002 J0.0094
G1 X-32.7535 Y-0.5038
X-32.7528 Y-0.5008 Z-0.1447
X-32.7522 Y-0.4979 Z-0.1438
X-32.7516 Y-0.4952 Z-0.1423
X-32.7511 Y-0.4929 Z-0.1404
X-32.7507 Y-0.491 Z-0.138
X-32.7504 Y-0.4895 Z-0.1353
X-32.7502 Y-0.4887 Z-0.1323
X-32.7501 Y-0.4884 Z-0.1292
G0 Z0.4
X-32.2529 Y-0.514
Z0.13
G1 Z0.0658 F40.
G19 G3 Y-0.4983 Z0.05 J0.0158 K0.
G1 Y-0.4904
G17 G3 X-32.2625 Y-0.4808 I-0.0096 J0.
Y-0.5193 Z0.0397 I0. J-0.0192
Y-0.4807 Z0.0294 I0. J0.0193
Y-0.5193 Z0.0191 I0. J-0.0193
Y-0.4807 Z0.0088 I0. J0.0193
Y-0.5193 Z-0.0015 I0. J-0.0193
X-32.2524 Y-0.4836 Z-0.01 I0. J0.0193
X-32.2726 Y-0.5164 Z-0.0203 I-0.0101 J-0.0164
X-32.2524 Y-0.4836 Z-0.0306 I0.0101 J0.0164
X-32.2766 Y-0.5131 Z-0.04 I-0.0101 J-0.0164
X-32.2484 Y-0.4869 Z-0.0503 I0.0141 J0.0131
X-32.2735 Y-0.4842 Z-0.055 I-0.0141 J-0.0131
X-32.2515 Y-0.5158 Z-0.0653 I0.011 J-0.0158
X-32.2735 Y-0.4842 Z-0.0756 I-0.011 J0.0158
X-32.2562 Y-0.5182 Z-0.085 I0.011 J-0.0158
X-32.2688 Y-0.4818 Z-0.0953 I-0.0063 J0.0182
X-32.2562 Y-0.5182 Z-0.1056 I0.0063 J-0.0182
X-32.2637 Y-0.4808 Z-0.115 I-0.0063 J0.0182
X-32.2614 Y-0.5192 Z-0.1253 I0.0012 J-0.0192
X-32.2637 Y-0.4808 Z-0.1356 I-0.0012 J0.0192
X-32.2666 Y-0.5188 Z-0.145 I0.0012 J-0.0192
X-32.2584 Y-0.4812 I0.0041 J0.0188
X-32.2666 Y-0.5188 I-0.0041 J-0.0188
X-32.2551 Y-0.5115 I0.0021 J0.0094
G1 X-32.2535 Y-0.5038
X-32.2528 Y-0.5008 Z-0.1447
X-32.2522 Y-0.4979 Z-0.1438
X-32.2516 Y-0.4952 Z-0.1423
X-32.2511 Y-0.4929 Z-0.1404
X-32.2507 Y-0.491 Z-0.138
X-32.2504 Y-0.4895 Z-0.1353
X-32.2502 Y-0.4887 Z-0.1323
X-32.2501 Y-0.4884 Z-0.1292
G0 Z0.4
X-31.7529 Y-0.514
Z0.13
G1 Z0.0658 F40.
G19 G3 Y-0.4983 Z0.05 J0.0158 K0.
G1 Y-0.4904
G17 G3 X-31.7625 Y-0.4808 I-0.0096 J0.
Y-0.5192 Z0.0397 I0. J-0.0192
Y-0.4808 Z0.0294 I0. J0.0192
Y-0.5192 Z0.0191 I0. J-0.0192
Y-0.4808 Z0.0088 I0. J0.0192
Y-0.5192 Z-0.0015 I0. J-0.0192
Y-0.4808 Z-0.0118 I0. J0.0192
Y-0.5192 Z-0.0221 I0. J-0.0192
Y-0.4808 Z-0.0324 I0. J0.0192
Y-0.5192 Z-0.0427 I0. J-0.0192
Y-0.4808 Z-0.053 I0. J0.0192
Y-0.5192 Z-0.0633 I0. J-0.0192
Y-0.4808 Z-0.0736 I0. J0.0192
Y-0.5192 Z-0.0839 I0. J-0.0192
Y-0.4808 Z-0.0942 I0. J0.0192
Y-0.5192 Z-0.1045 I0. J-0.0192
Y-0.4808 Z-0.1148 I0. J0.0192
Y-0.5192 Z-0.1251 I0. J-0.0192
Y-0.4808 Z-0.1354 I0. J0.0192
X-31.7666 Y-0.5188 Z-0.145 I0. J-0.0192
X-31.7584 Y-0.4812 I0.0041 J0.0188
X-31.7666 Y-0.5188 I-0.0041 J-0.0188
X-31.7551 Y-0.5115 I0.0021 J0.0094
G1 X-31.7535 Y-0.5038
X-31.7528 Y-0.5008 Z-0.1447
X-31.7522 Y-0.4979 Z-0.1438
X-31.7516 Y-0.4952 Z-0.1423
X-31.7511 Y-0.4929 Z-0.1404
X-31.7507 Y-0.491 Z-0.138
X-31.7504 Y-0.4895 Z-0.1353
X-31.7502 Y-0.4887 Z-0.1323
X-31.7501 Y-0.4884 Z-0.1292
G0 Z0.4
X-31.2529 Y-0.514
Z0.13
G1 Z0.0658 F40.
G19 G3 Y-0.4983 Z0.05 J0.0158 K0.
G1 Y-0.4904
G17 G3 X-31.2625 Y-0.4808 I-0.0096 J0.
Y-0.5192 Z0.0397 I0. J-0.0192
Y-0.4808 Z0.0294 I0. J0.0192
Y-0.5192 Z0.0191 I0. J-0.0192
Y-0.4808 Z0.0088 I0. J0.0192
Y-0.5192 Z-0.0015 I0. J-0.0192
Y-0.4808 Z-0.0118 I0. J0.0192
Y-0.5192 Z-0.0221 I0. J-0.0192
Y-0.4808 Z-0.0324 I0. J0.0192
Y-0.5192 Z-0.0427 I0. J-0.0192
Y-0.4808 Z-0.053 I0. J0.0192
Y-0.5192 Z-0.0633 I0. J-0.0192
Y-0.4808 Z-0.0736 I0. J0.0192
Y-0.5192 Z-0.0839 I0. J-0.0192
Y-0.4808 Z-0.0942 I0. J0.0192
Y-0.5192 Z-0.1045 I0. J-0.0192
Y-0.4808 Z-0.1148 I0. J0.0192
Y-0.5192 Z-0.1251 I0. J-0.0192
Y-0.4808 Z-0.1354 I0. J0.0192
X-31.2666 Y-0.5188 Z-0.145 I0. J-0.0192
X-31.2584 Y-0.4812 I0.0041 J0.0188
X-31.2666 Y-0.5188 I-0.0041 J-0.0188
X-31.2551 Y-0.5115 I0.0021 J0.0094
G1 X-31.2535 Y-0.5038
X-31.2528 Y-0.5008 Z-0.1447
X-31.2522 Y-0.4979 Z-0.1438
X-31.2516 Y-0.4952 Z-0.1423
X-31.2511 Y-0.4929 Z-0.1404
X-31.2507 Y-0.491 Z-0.138
X-31.2504 Y-0.4895 Z-0.1353
X-31.2502 Y-0.4887 Z-0.1323
X-31.2501 Y-0.4884 Z-0.1292
G0 Z0.4
X-30.7529 Y-0.514
Z0.13
G1 Z0.0658 F40.
G19 G3 Y-0.4983 Z0.05 J0.0158 K0.
G1 Y-0.4904
G17 G3 X-30.7625 Y-0.4808 I-0.0096 J0.
Y-0.5192 Z0.0397 I0. J-0.0192
Y-0.4808 Z0.0294 I0. J0.0192
Y-0.5192 Z0.0191 I0. J-0.0192
Y-0.4808 Z0.0088 I0. J0.0192
Y-0.5192 Z-0.0015 I0. J-0.0192
Y-0.4808 Z-0.0118 I0. J0.0192
Y-0.5192 Z-0.0221 I0. J-0.0192
Y-0.4808 Z-0.0324 I0. J0.0192
Y-0.5192 Z-0.0427 I0. J-0.0192
Y-0.4808 Z-0.053 I0. J0.0192
Y-0.5192 Z-0.0633 I0. J-0.0192
Y-0.4808 Z-0.0736 I0. J0.0192
Y-0.5192 Z-0.0839 I0. J-0.0192
Y-0.4808 Z-0.0942 I0. J0.0192
Y-0.5192 Z-0.1045 I0. J-0.0192
Y-0.4808 Z-0.1148 I0. J0.0192
Y-0.5192 Z-0.1251 I0. J-0.0192
Y-0.4808 Z-0.1354 I0. J0.0192
X-30.7666 Y-0.5188 Z-0.145 I0. J-0.0192
X-30.7584 Y-0.4812 I0.0041 J0.0188
X-30.7666 Y-0.5188 I-0.0041 J-0.0188
X-30.7551 Y-0.5115 I0.002 J0.0094
G1 X-30.7535 Y-0.5038
X-30.7528 Y-0.5008 Z-0.1447
X-30.7522 Y-0.4979 Z-0.1438
X-30.7516 Y-0.4952 Z-0.1423
X-30.7511 Y-0.4929 Z-0.1404
X-30.7507 Y-0.491 Z-0.138
X-30.7504 Y-0.4895 Z-0.1353
X-30.7502 Y-0.4887 Z-0.1323
X-30.7501 Y-0.4884 Z-0.1292
G0 Z0.4
X-30.2529 Y-0.514
Z0.13
G1 Z0.0658 F40.
G19 G3 Y-0.4983 Z0.05 J0.0158 K0.
G1 Y-0.4904
G17 G3 X-30.2625 Y-0.4808 I-0.0096 J0.
Y-0.5192 Z0.0397 I0. J-0.0192
Y-0.4808 Z0.0294 I0. J0.0192
Y-0.5192 Z0.0191 I0. J-0.0192
Y-0.4808 Z0.0088 I0. J0.0192
Y-0.5192 Z-0.0015 I0. J-0.0192
Y-0.4808 Z-0.0118 I0. J0.0192
Y-0.5192 Z-0.0221 I0. J-0.0192
Y-0.4808 Z-0.0324 I0. J0.0192
Y-0.5192 Z-0.0427 I0. J-0.0192
Y-0.4808 Z-0.053 I0. J0.0192
Y-0.5192 Z-0.0633 I0. J-0.0192
Y-0.4808 Z-0.0736 I0. J0.0192
Y-0.5192 Z-0.0839 I0. J-0.0192
Y-0.4808 Z-0.0942 I0. J0.0192
Y-0.5192 Z-0.1045 I0. J-0.0192
Y-0.4808 Z-0.1148 I0. J0.0192
Y-0.5192 Z-0.1251 I0. J-0.0192
Y-0.4808 Z-0.1354 I0. J0.0192
X-30.2666 Y-0.5188 Z-0.145 I0. J-0.0192
X-30.2584 Y-0.4812 I0.0041 J0.0188
X-30.2666 Y-0.5188 I-0.0041 J-0.0188
X-30.2551 Y-0.5115 I0.002 J0.0094
G1 X-30.2535 Y-0.5038
X-30.2528 Y-0.5008 Z-0.1447
X-30.2522 Y-0.4979 Z-0.1438
X-30.2516 Y-0.4952 Z-0.1423
X-30.2511 Y-0.4929 Z-0.1404
X-30.2507 Y-0.491 Z-0.138
X-30.2504 Y-0.4895 Z-0.1353
X-30.2502 Y-0.4887 Z-0.1323
X-30.2501 Y-0.4884 Z-0.1292
G0 Z0.4
X-29.7529 Y-0.514
Z0.13
G1 Z0.0658 F40.
G19 G3 Y-0.4983 Z0.05 J0.0158 K0.
G1 Y-0.4904
G17 G3 X-29.7625 Y-0.4808 I-0.0096 J0.
Y-0.5193 Z0.0397 I0. J-0.0192
Y-0.4807 Z0.0294 I0. J0.0193
Y-0.5193 Z0.0191 I0. J-0.0193
Y-0.4807 Z0.0088 I0. J0.0193
Y-0.5193 Z-0.0015 I0. J-0.0193
X-29.7524 Y-0.4836 Z-0.01 I0. J0.0193
X-29.7726 Y-0.5164 Z-0.0203 I-0.0101 J-0.0164
X-29.7524 Y-0.4836 Z-0.0306 I0.0101 J0.0164
X-29.7766 Y-0.5131 Z-0.04 I-0.0101 J-0.0164
X-29.7484 Y-0.4869 Z-0.0503 I0.0141 J0.0131
X-29.7735 Y-0.4842 Z-0.055 I-0.0141 J-0.0131
X-29.7515 Y-0.5158 Z-0.0653 I0.011 J-0.0158
X-29.7735 Y-0.4842 Z-0.0756 I-0.011 J0.0158
X-29.7562 Y-0.5182 Z-0.085 I0.011 J-0.0158
X-29.7688 Y-0.4818 Z-0.0953 I-0.0063 J0.0182
X-29.7562 Y-0.5182 Z-0.1056 I0.0063 J-0.0182
X-29.7637 Y-0.4808 Z-0.115 I-0.0063 J0.0182
X-29.7614 Y-0.5192 Z-0.1253 I0.0012 J-0.0192
X-29.7637 Y-0.4808 Z-0.1356 I-0.0012 J0.0192
X-29.7666 Y-0.5188 Z-0.145 I0.0012 J-0.0192
X-29.7584 Y-0.4812 I0.0041 J0.0188
X-29.7666 Y-0.5188 I-0.0041 J-0.0188
X-29.7551 Y-0.5115 I0.0021 J0.0094
G1 X-29.7535 Y-0.5038
X-29.7528 Y-0.5008 Z-0.1447
X-29.7522 Y-0.4979 Z-0.1438
X-29.7516 Y-0.4952 Z-0.1423
X-29.7511 Y-0.4929 Z-0.1404
X-29.7507 Y-0.491 Z-0.138
X-29.7504 Y-0.4895 Z-0.1353
X-29.7502 Y-0.4887 Z-0.1323
X-29.7501 Y-0.4884 Z-0.1292
G0 Z0.4
X-29.2529 Y-0.514
Z0.13
G1 Z0.0658 F40.
G19 G3 Y-0.4983 Z0.05 J0.0158 K0.
G1 Y-0.4904
G17 G3 X-29.2625 Y-0.4808 I-0.0096 J0.
Y-0.5192 Z0.0397 I0. J-0.0192
Y-0.4808 Z0.0294 I0. J0.0192
Y-0.5192 Z0.0191 I0. J-0.0192
Y-0.4808 Z0.0088 I0. J0.0192
Y-0.5192 Z-0.0015 I0. J-0.0192
Y-0.4808 Z-0.0118 I0. J0.0192
Y-0.5192 Z-0.0221 I0. J-0.0192
Y-0.4808 Z-0.0324 I0. J0.0192
Y-0.5192 Z-0.0427 I0. J-0.0192
Y-0.4808 Z-0.053 I0. J0.0192
Y-0.5192 Z-0.0633 I0. J-0.0192
Y-0.4808 Z-0.0736 I0. J0.0192
Y-0.5192 Z-0.0839 I0. J-0.0192
Y-0.4808 Z-0.0942 I0. J0.0192
Y-0.5192 Z-0.1045 I0. J-0.0192
Y-0.4808 Z-0.1148 I0. J0.0192
Y-0.5192 Z-0.1251 I0. J-0.0192
Y-0.4808 Z-0.1354 I0. J0.0192
X-29.2666 Y-0.5188 Z-0.145 I0. J-0.0192
X-29.2584 Y-0.4812 I0.0041 J0.0188
X-29.2666 Y-0.5188 I-0.0041 J-0.0188
X-29.2551 Y-0.5115 I0.0021 J0.0094
G1 X-29.2535 Y-0.5038
X-29.2528 Y-0.5008 Z-0.1447
X-29.2522 Y-0.4979 Z-0.1438
X-29.2516 Y-0.4952 Z-0.1423
X-29.2511 Y-0.4929 Z-0.1404
X-29.2507 Y-0.491 Z-0.138
X-29.2504 Y-0.4895 Z-0.1353
X-29.2502 Y-0.4887 Z-0.1323
X-29.2501 Y-0.4884 Z-0.1292
G0 Z0.4
X-28.7529 Y-0.514
Z0.13
G1 Z0.0658 F40.
G19 G3 Y-0.4983 Z0.05 J0.0158 K0.
G1 Y-0.4904
G17 G3 X-28.7625 Y-0.4808 I-0.0096 J0.
Y-0.5192 Z0.0397 I0. J-0.0192
Y-0.4808 Z0.0294 I0. J0.0192
Y-0.5192 Z0.0191 I0. J-0.0192
Y-0.4808 Z0.0088 I0. J0.0192
Y-0.5192 Z-0.0015 I0. J-0.0192
Y-0.4808 Z-0.0118 I0. J0.0192
Y-0.5192 Z-0.0221 I0. J-0.0192
Y-0.4808 Z-0.0324 I0. J0.0192
Y-0.5192 Z-0.0427 I0. J-0.0192
Y-0.4808 Z-0.053 I0. J0.0192
Y-0.5192 Z-0.0633 I0. J-0.0192
Y-0.4808 Z-0.0736 I0. J0.0192
Y-0.5192 Z-0.0839 I0. J-0.0192
Y-0.4808 Z-0.0942 I0. J0.0192
Y-0.5192 Z-0.1045 I0. J-0.0192
Y-0.4808 Z-0.1148 I0. J0.0192
Y-0.5192 Z-0.1251 I0. J-0.0192
Y-0.4808 Z-0.1354 I0. J0.0192
X-28.7666 Y-0.5188 Z-0.145 I0. J-0.0192
X-28.7584 Y-0.4812 I0.0041 J0.0188
X-28.7666 Y-0.5188 I-0.0041 J-0.0188
X-28.7551 Y-0.5115 I0.0021 J0.0094
G1 X-28.7535 Y-0.5038
X-28.7528 Y-0.5008 Z-0.1447
X-28.7522 Y-0.4979 Z-0.1438
X-28.7516 Y-0.4952 Z-0.1423
X-28.7511 Y-0.4929 Z-0.1404
X-28.7507 Y-0.491 Z-0.138
X-28.7504 Y-0.4895 Z-0.1353
X-28.7502 Y-0.4887 Z-0.1323
X-28.7501 Y-0.4884 Z-0.1292
G0 Z0.4
X-28.2529 Y-0.514
Z0.13
G1 Z0.0658 F40.
G19 G3 Y-0.4983 Z0.05 J0.0158 K0.
G1 Y-0.4904
G17 G3 X-28.2625 Y-0.4808 I-0.0096 J0.
Y-0.5192 Z0.0397 I0. J-0.0192
Y-0.4808 Z0.0294 I0. J0.0192
Y-0.5192 Z0.0191 I0. J-0.0192
Y-0.4808 Z0.0088 I0. J0.0192
Y-0.5192 Z-0.0015 I0. J-0.0192
Y-0.4808 Z-0.0118 I0. J0.0192
Y-0.5192 Z-0.0221 I0. J-0.0192
Y-0.4808 Z-0.0324 I0. J0.0192
Y-0.5192 Z-0.0427 I0. J-0.0192
Y-0.4808 Z-0.053 I0. J0.0192
Y-0.5192 Z-0.0633 I0. J-0.0192
Y-0.4808 Z-0.0736 I0. J0.0192
Y-0.5192 Z-0.0839 I0. J-0.0192
Y-0.4808 Z-0.0942 I0. J0.0192
Y-0.5192 Z-0.1045 I0. J-0.0192
Y-0.4808 Z-0.1148 I0. J0.0192
Y-0.5192 Z-0.1251 I0. J-0.0192
Y-0.4808 Z-0.1354 I0. J0.0192
X-28.2666 Y-0.5188 Z-0.145 I0. J-0.0192
X-28.2584 Y-0.4812 I0.0041 J0.0188
X-28.2666 Y-0.5188 I-0.0041 J-0.0188
X-28.2551 Y-0.5115 I0.002 J0.0094
G1 X-28.2535 Y-0.5038
X-28.2528 Y-0.5008 Z-0.1447
X-28.2522 Y-0.4979 Z-0.1438
X-28.2516 Y-0.4952 Z-0.1423
X-28.2511 Y-0.4929 Z-0.1404
X-28.2507 Y-0.491 Z-0.138
X-28.2504 Y-0.4895 Z-0.1353
X-28.2502 Y-0.4887 Z-0.1323
X-28.2501 Y-0.4884 Z-0.1292
G0 Z0.4
X-27.7529 Y-0.514
Z0.13
G1 Z0.0658 F40.
G19 G3 Y-0.4983 Z0.05 J0.0158 K0.
G1 Y-0.4904
G17 G3 X-27.7625 Y-0.4808 I-0.0096 J0.
Y-0.5192 Z0.0397 I0. J-0.0192
Y-0.4808 Z0.0294 I0. J0.0192
Y-0.5192 Z0.0191 I0. J-0.0192
Y-0.4808 Z0.0088 I0. J0.0192
Y-0.5192 Z-0.0015 I0. J-0.0192
Y-0.4808 Z-0.0118 I0. J0.0192
Y-0.5192 Z-0.0221 I0. J-0.0192
Y-0.4808 Z-0.0324 I0. J0.0192
Y-0.5192 Z-0.0427 I0. J-0.0192
Y-0.4808 Z-0.053 I0. J0.0192
Y-0.5192 Z-0.0633 I0. J-0.0192
Y-0.4808 Z-0.0736 I0. J0.0192
Y-0.5192 Z-0.0839 I0. J-0.0192
Y-0.4808 Z-0.0942 I0. J0.0192
Y-0.5192 Z-0.1045 I0. J-0.0192
Y-0.4808 Z-0.1148 I0. J0.0192
Y-0.5192 Z-0.1251 I0. J-0.0192
Y-0.4808 Z-0.1354 I0. J0.0192
X-27.7666 Y-0.5188 Z-0.145 I0. J-0.0192
X-27.7584 Y-0.4812 I0.0041 J0.0188
X-27.7666 Y-0.5188 I-0.0041 J-0.0188
X-27.7551 Y-0.5115 I0.002 J0.0094
G1 X-27.7535 Y-0.5038
X-27.7528 Y-0.5008 Z-0.1447
X-27.7522 Y-0.4979 Z-0.1438
X-27.7516 Y-0.4952 Z-0.1423
X-27.7511 Y-0.4929 Z-0.1404
X-27.7507 Y-0.491 Z-0.138
X-27.7504 Y-0.4895 Z-0.1353
X-27.7502 Y-0.4887 Z-0.1323
X-27.7501 Y-0.4884 Z-0.1292
G0 Z0.4
X-27.2529 Y-0.514
Z0.13
G1 Z0.0658 F40.
G19 G3 Y-0.4983 Z0.05 J0.0158 K0.
G1 Y-0.4904
G17 G3 X-27.2625 Y-0.4808 I-0.0096 J0.
Y-0.5193 Z0.0397 I0. J-0.0192
Y-0.4807 Z0.0294 I0. J0.0193
Y-0.5193 Z0.0191 I0. J-0.0193
Y-0.4807 Z0.0088 I0. J0.0193
Y-0.5193 Z-0.0015 I0. J-0.0193
X-27.2524 Y-0.4836 Z-0.01 I0. J0.0193
X-27.2726 Y-0.5164 Z-0.0203 I-0.0101 J-0.0164
X-27.2524 Y-0.4836 Z-0.0306 I0.0101 J0.0164
X-27.2766 Y-0.5131 Z-0.04 I-0.0101 J-0.0164
X-27.2484 Y-0.4869 Z-0.0503 I0.0141 J0.0131
X-27.2735 Y-0.4842 Z-0.055 I-0.0141 J-0.0131
X-27.2515 Y-0.5158 Z-0.0653 I0.011 J-0.0158
X-27.2735 Y-0.4842 Z-0.0756 I-0.011 J0.0158
X-27.2562 Y-0.5182 Z-0.085 I0.011 J-0.0158
X-27.2688 Y-0.4818 Z-0.0953 I-0.0063 J0.0182
X-27.2562 Y-0.5182 Z-0.1056 I0.0063 J-0.0182
X-27.2637 Y-0.4808 Z-0.115 I-0.0063 J0.0182
X-27.2614 Y-0.5192 Z-0.1253 I0.0012 J-0.0192
X-27.2637 Y-0.4808 Z-0.1356 I-0.0012 J0.0192
X-27.2666 Y-0.5188 Z-0.145 I0.0012 J-0.0192
X-27.2584 Y-0.4812 I0.0041 J0.0188
X-27.2666 Y-0.5188 I-0.0041 J-0.0188
X-27.2551 Y-0.5115 I0.0021 J0.0094
G1 X-27.2535 Y-0.5038
X-27.2528 Y-0.5008 Z-0.1447
X-27.2522 Y-0.4979 Z-0.1438
X-27.2516 Y-0.4952 Z-0.1423
X-27.2511 Y-0.4929 Z-0.1404
X-27.2507 Y-0.491 Z-0.138
X-27.2504 Y-0.4895 Z-0.1353
X-27.2502 Y-0.4887 Z-0.1323
X-27.2501 Y-0.4884 Z-0.1292
G0 Z0.4
X-26.7529 Y-0.514
Z0.13
G1 Z0.0658 F40.
G19 G3 Y-0.4983 Z0.05 J0.0158 K0.
G1 Y-0.4904
G17 G3 X-26.7625 Y-0.4808 I-0.0096 J0.
Y-0.5192 Z0.0397 I0. J-0.0192
Y-0.4808 Z0.0294 I0. J0.0192
Y-0.5192 Z0.0191 I0. J-0.0192
Y-0.4808 Z0.0088 I0. J0.0192
Y-0.5192 Z-0.0015 I0. J-0.0192
Y-0.4808 Z-0.0118 I0. J0.0192
Y-0.5192 Z-0.0221 I0. J-0.0192
Y-0.4808 Z-0.0324 I0. J0.0192
Y-0.5192 Z-0.0427 I0. J-0.0192
Y-0.4808 Z-0.053 I0. J0.0192
Y-0.5192 Z-0.0633 I0. J-0.0192
Y-0.4808 Z-0.0736 I0. J0.0192
Y-0.5192 Z-0.0839 I0. J-0.0192
Y-0.4808 Z-0.0942 I0. J0.0192
Y-0.5192 Z-0.1045 I0. J-0.0192
Y-0.4808 Z-0.1148 I0. J0.0192
Y-0.5192 Z-0.1251 I0. J-0.0192
Y-0.4808 Z-0.1354 I0. J0.0192
X-26.7666 Y-0.5188 Z-0.145 I0. J-0.0192
X-26.7584 Y-0.4812 I0.0041 J0.0188
X-26.7666 Y-0.5188 I-0.0041 J-0.0188
X-26.7551 Y-0.5115 I0.0021 J0.0094
G1 X-26.7535 Y-0.5038
X-26.7528 Y-0.5008 Z-0.1447
X-26.7522 Y-0.4979 Z-0.1438
X-26.7516 Y-0.4952 Z-0.1423
X-26.7511 Y-0.4929 Z-0.1404
X-26.7507 Y-0.491 Z-0.138
X-26.7504 Y-0.4895 Z-0.1353
X-26.7502 Y-0.4887 Z-0.1323
X-26.7501 Y-0.4884 Z-0.1292
G0 Z0.4
X-26.2529 Y-0.514
Z0.13
G1 Z0.0658 F40.
G19 G3 Y-0.4983 Z0.05 J0.0158 K0.
G1 Y-0.4904
G17 G3 X-26.2625 Y-0.4808 I-0.0096 J0.
Y-0.5192 Z0.0397 I0. J-0.0192
Y-0.4808 Z0.0294 I0. J0.0192
Y-0.5192 Z0.0191 I0. J-0.0192
Y-0.4808 Z0.0088 I0. J0.0192
Y-0.5192 Z-0.0015 I0. J-0.0192
Y-0.4808 Z-0.0118 I0. J0.0192
Y-0.5192 Z-0.0221 I0. J-0.0192
Y-0.4808 Z-0.0324 I0. J0.0192
Y-0.5192 Z-0.0427 I0. J-0.0192
Y-0.4808 Z-0.053 I0. J0.0192
Y-0.5192 Z-0.0633 I0. J-0.0192
Y-0.4808 Z-0.0736 I0. J0.0192
Y-0.5192 Z-0.0839 I0. J-0.0192
Y-0.4808 Z-0.0942 I0. J0.0192
Y-0.5192 Z-0.1045 I0. J-0.0192
Y-0.4808 Z-0.1148 I0. J0.0192
Y-0.5192 Z-0.1251 I0. J-0.0192
Y-0.4808 Z-0.1354 I0. J0.0192
X-26.2666 Y-0.5188 Z-0.145 I0. J-0.0192
X-26.2584 Y-0.4812 I0.0041 J0.0188
X-26.2666 Y-0.5188 I-0.0041 J-0.0188
X-26.2551 Y-0.5115 I0.0021 J0.0094
G1 X-26.2535 Y-0.5038
X-26.2528 Y-0.5008 Z-0.1447
X-26.2522 Y-0.4979 Z-0.1438
X-26.2516 Y-0.4952 Z-0.1423
X-26.2511 Y-0.4929 Z-0.1404
X-26.2507 Y-0.491 Z-0.138
X-26.2504 Y-0.4895 Z-0.1353
X-26.2502 Y-0.4887 Z-0.1323
X-26.2501 Y-0.4884 Z-0.1292
G0 Z0.4
X-25.7529 Y-0.514
Z0.13
G1 Z0.0658 F40.
G19 G3 Y-0.4983 Z0.05 J0.0158 K0.
G1 Y-0.4904
G17 G3 X-25.7625 Y-0.4808 I-0.0096 J0.
Y-0.5192 Z0.0397 I0. J-0.0192
Y-0.4808 Z0.0294 I0. J0.0192
Y-0.5192 Z0.0191 I0. J-0.0192
Y-0.4808 Z0.0088 I0. J0.0192
Y-0.5192 Z-0.0015 I0. J-0.0192
Y-0.4808 Z-0.0118 I0. J0.0192
Y-0.5192 Z-0.0221 I0. J-0.0192
Y-0.4808 Z-0.0324 I0. J0.0192
Y-0.5192 Z-0.0427 I0. J-0.0192
Y-0.4808 Z-0.053 I0. J0.0192
Y-0.5192 Z-0.0633 I0. J-0.0192
Y-0.4808 Z-0.0736 I0. J0.0192
Y-0.5192 Z-0.0839 I0. J-0.0192
Y-0.4808 Z-0.0942 I0. J0.0192
Y-0.5192 Z-0.1045 I0. J-0.0192
Y-0.4808 Z-0.1148 I0. J0.0192
Y-0.5192 Z-0.1251 I0. J-0.0192
Y-0.4808 Z-0.1354 I0. J0.0192
X-25.7666 Y-0.5188 Z-0.145 I0. J-0.0192
X-25.7584 Y-0.4812 I0.0041 J0.0188
X-25.7666 Y-0.5188 I-0.0041 J-0.0188
X-25.7551 Y-0.5115 I0.002 J0.0094
G1 X-25.7535 Y-0.5038
X-25.7528 Y-0.5008 Z-0.1447
X-25.7522 Y-0.4979 Z-0.1438
X-25.7516 Y-0.4952 Z-0.1423
X-25.7511 Y-0.4929 Z-0.1404
X-25.7507 Y-0.491 Z-0.138
X-25.7504 Y-0.4895 Z-0.1353
X-25.7502 Y-0.4887 Z-0.1323
X-25.7501 Y-0.4884 Z-0.1292
G0 Z0.4
X-25.2529 Y-0.514
Z0.13
G1 Z0.0658 F40.
G19 G3 Y-0.4983 Z0.05 J0.0158 K0.
G1 Y-0.4904
G17 G3 X-25.2625 Y-0.4808 I-0.0096 J0.
Y-0.5192 Z0.0397 I0. J-0.0192
Y-0.4808 Z0.0294 I0. J0.0192
Y-0.5192 Z0.0191 I0. J-0.0192
Y-0.4808 Z0.0088 I0. J0.0192
Y-0.5192 Z-0.0015 I0. J-0.0192
Y-0.4808 Z-0.0118 I0. J0.0192
Y-0.5192 Z-0.0221 I0. J-0.0192
Y-0.4808 Z-0.0324 I0. J0.0192
Y-0.5192 Z-0.0427 I0. J-0.0192
Y-0.4808 Z-0.053 I0. J0.0192
Y-0.5192 Z-0.0633 I0. J-0.0192
Y-0.4808 Z-0.0736 I0. J0.0192
Y-0.5192 Z-0.0839 I0. J-0.0192
Y-0.4808 Z-0.0942 I0. J0.0192
Y-0.5192 Z-0.1045 I0. J-0.0192
Y-0.4808 Z-0.1148 I0. J0.0192
Y-0.5192 Z-0.1251 I0. J-0.0192
Y-0.4808 Z-0.1354 I0. J0.0192
X-25.2666 Y-0.5188 Z-0.145 I0. J-0.0192
X-25.2584 Y-0.4812 I0.0041 J0.0188
X-25.2666 Y-0.5188 I-0.0041 J-0.0188
X-25.2551 Y-0.5115 I0.002 J0.0094
G1 X-25.2535 Y-0.5038
X-25.2528 Y-0.5008 Z-0.1447
X-25.2522 Y-0.4979 Z-0.1438
X-25.2516 Y-0.4952 Z-0.1423
X-25.2511 Y-0.4929 Z-0.1404
X-25.2507 Y-0.491 Z-0.138
X-25.2504 Y-0.4895 Z-0.1353
X-25.2502 Y-0.4887 Z-0.1323
X-25.2501 Y-0.4884 Z-0.1292
G0 Z0.4
X-24.7529 Y-0.514
Z0.13
G1 Z0.0658 F40.
G19 G3 Y-0.4983 Z0.05 J0.0158 K0.
G1 Y-0.4904
G17 G3 X-24.7625 Y-0.4808 I-0.0096 J0.
Y-0.5193 Z0.0397 I0. J-0.0192
Y-0.4807 Z0.0294 I0. J0.0193
Y-0.5193 Z0.0191 I0. J-0.0193
Y-0.4807 Z0.0088 I0. J0.0193
Y-0.5193 Z-0.0015 I0. J-0.0193
X-24.7524 Y-0.4836 Z-0.01 I0. J0.0193
X-24.7726 Y-0.5164 Z-0.0203 I-0.0101 J-0.0164
X-24.7524 Y-0.4836 Z-0.0306 I0.0101 J0.0164
X-24.7766 Y-0.5131 Z-0.04 I-0.0101 J-0.0164
X-24.7484 Y-0.4869 Z-0.0503 I0.0141 J0.0131
X-24.7735 Y-0.4842 Z-0.055 I-0.0141 J-0.0131
X-24.7515 Y-0.5158 Z-0.0653 I0.011 J-0.0158
X-24.7735 Y-0.4842 Z-0.0756 I-0.011 J0.0158
X-24.7562 Y-0.5182 Z-0.085 I0.011 J-0.0158
X-24.7688 Y-0.4818 Z-0.0953 I-0.0063 J0.0182
X-24.7562 Y-0.5182 Z-0.1056 I0.0063 J-0.0182
X-24.7637 Y-0.4808 Z-0.115 I-0.0063 J0.0182
X-24.7614 Y-0.5192 Z-0.1253 I0.0012 J-0.0192
X-24.7637 Y-0.4808 Z-0.1356 I-0.0012 J0.0192
X-24.7666 Y-0.5188 Z-0.145 I0.0012 J-0.0192
X-24.7584 Y-0.4812 I0.0041 J0.0188
X-24.7666 Y-0.5188 I-0.0041 J-0.0188
X-24.7551 Y-0.5115 I0.0021 J0.0094
G1 X-24.7535 Y-0.5038
X-24.7528 Y-0.5008 Z-0.1447
X-24.7522 Y-0.4979 Z-0.1438
X-24.7516 Y-0.4952 Z-0.1423
X-24.7511 Y-0.4929 Z-0.1404
X-24.7507 Y-0.491 Z-0.138
X-24.7504 Y-0.4895 Z-0.1353
X-24.7502 Y-0.4887 Z-0.1323
X-24.7501 Y-0.4884 Z-0.1292
G0 Z0.4
X-24.2529 Y-0.514
Z0.13
G1 Z0.0658 F40.
G19 G3 Y-0.4983 Z0.05 J0.0158 K0.
G1 Y-0.4904
G17 G3 X-24.2625 Y-0.4808 I-0.0096 J0.
Y-0.5192 Z0.0397 I0. J-0.0192
Y-0.4808 Z0.0294 I0. J0.0192
Y-0.5192 Z0.0191 I0. J-0.0192
Y-0.4808 Z0.0088 I0. J0.0192
Y-0.5192 Z-0.0015 I0. J-0.0192
Y-0.4808 Z-0.0118 I0. J0.0192
Y-0.5192 Z-0.0221 I0. J-0.0192
Y-0.4808 Z-0.0324 I0. J0.0192
Y-0.5192 Z-0.0427 I0. J-0.0192
Y-0.4808 Z-0.053 I0. J0.0192
Y-0.5192 Z-0.0633 I0. J-0.0192
Y-0.4808 Z-0.0736 I0. J0.0192
Y-0.5192 Z-0.0839 I0. J-0.0192
Y-0.4808 Z-0.0942 I0. J0.0192
Y-0.5192 Z-0.1045 I0. J-0.0192
Y-0.4808 Z-0.1148 I0. J0.0192
Y-0.5192 Z-0.1251 I0. J-0.0192
Y-0.4808 Z-0.1354 I0. J0.0192
X-24.2666 Y-0.5188 Z-0.145 I0. J-0.0192
X-24.2584 Y-0.4812 I0.0041 J0.0188
X-24.2666 Y-0.5188 I-0.0041 J-0.0188
X-24.2551 Y-0.5115 I0.0021 J0.0094
G1 X-24.2535 Y-0.5038
X-24.2528 Y-0.5008 Z-0.1447
X-24.2522 Y-0.4979 Z-0.1438
X-24.2516 Y-0.4952 Z-0.1423
X-24.2511 Y-0.4929 Z-0.1404
X-24.2507 Y-0.491 Z-0.138
X-24.2504 Y-0.4895 Z-0.1353
X-24.2502 Y-0.4887 Z-0.1323
X-24.2501 Y-0.4884 Z-0.1292
G0 Z0.4
X-23.7529 Y-0.514
Z0.13
G1 Z0.0658 F40.
G19 G3 Y-0.4983 Z0.05 J0.0158 K0.
G1 Y-0.4904
G17 G3 X-23.7625 Y-0.4808 I-0.0096 J0.
Y-0.5192 Z0.0397 I0. J-0.0192
Y-0.4808 Z0.0294 I0. J0.0192
Y-0.5192 Z0.0191 I0. J-0.0192
Y-0.4808 Z0.0088 I0. J0.0192
Y-0.5192 Z-0.0015 I0. J-0.0192
Y-0.4808 Z-0.0118 I0. J0.0192
Y-0.5192 Z-0.0221 I0. J-0.0192
Y-0.4808 Z-0.0324 I0. J0.0192
Y-0.5192 Z-0.0427 I0. J-0.0192
Y-0.4808 Z-0.053 I0. J0.0192
Y-0.5192 Z-0.0633 I0. J-0.0192
Y-0.4808 Z-0.0736 I0. J0.0192
Y-0.5192 Z-0.0839 I0. J-0.0192
Y-0.4808 Z-0.0942 I0. J0.0192
Y-0.5192 Z-0.1045 I0. J-0.0192
Y-0.4808 Z-0.1148 I0. J0.0192
Y-0.5192 Z-0.1251 I0. J-0.0192
Y-0.4808 Z-0.1354 I0. J0.0192
X-23.7666 Y-0.5188 Z-0.145 I0. J-0.0192
X-23.7584 Y-0.4812 I0.0041 J0.0188
X-23.7666 Y-0.5188 I-0.0041 J-0.0188
X-23.7551 Y-0.5115 I0.0021 J0.0094
G1 X-23.7535 Y-0.5038
X-23.7528 Y-0.5008 Z-0.1447
X-23.7522 Y-0.4979 Z-0.1438
X-23.7516 Y-0.4952 Z-0.1423
X-23.7511 Y-0.4929 Z-0.1404
X-23.7507 Y-0.491 Z-0.138
X-23.7504 Y-0.4895 Z-0.1353
X-23.7502 Y-0.4887 Z-0.1323
X-23.7501 Y-0.4884 Z-0.1292
G0 Z0.4
X-23.2529 Y-0.514
Z0.13
G1 Z0.0658 F40.
G19 G3 Y-0.4983 Z0.05 J0.0158 K0.
G1 Y-0.4904
G17 G3 X-23.2625 Y-0.4808 I-0.0096 J0.
Y-0.5192 Z0.0397 I0. J-0.0192
Y-0.4808 Z0.0294 I0. J0.0192
Y-0.5192 Z0.0191 I0. J-0.0192
Y-0.4808 Z0.0088 I0. J0.0192
Y-0.5192 Z-0.0015 I0. J-0.0192
Y-0.4808 Z-0.0118 I0. J0.0192
Y-0.5192 Z-0.0221 I0. J-0.0192
Y-0.4808 Z-0.0324 I0. J0.0192
Y-0.5192 Z-0.0427 I0. J-0.0192
Y-0.4808 Z-0.053 I0. J0.0192
Y-0.5192 Z-0.0633 I0. J-0.0192
Y-0.4808 Z-0.0736 I0. J0.0192
Y-0.5192 Z-0.0839 I0. J-0.0192
Y-0.4808 Z-0.0942 I0. J0.0192
Y-0.5192 Z-0.1045 I0. J-0.0192
Y-0.4808 Z-0.1148 I0. J0.0192
Y-0.5192 Z-0.1251 I0. J-0.0192
Y-0.4808 Z-0.1354 I0. J0.0192
X-23.2666 Y-0.5188 Z-0.145 I0. J-0.0192
X-23.2584 Y-0.4812 I0.0041 J0.0188
X-23.2666 Y-0.5188 I-0.0041 J-0.0188
X-23.2551 Y-0.5115 I0.002 J0.0094
G1 X-23.2535 Y-0.5038
X-23.2528 Y-0.5008 Z-0.1447
X-23.2522 Y-0.4979 Z-0.1438
X-23.2516 Y-0.4952 Z-0.1423
X-23.2511 Y-0.4929 Z-0.1404
X-23.2507 Y-0.491 Z-0.138
X-23.2504 Y-0.4895 Z-0.1353
X-23.2502 Y-0.4887 Z-0.1323
X-23.2501 Y-0.4884 Z-0.1292
G0 Z0.4
X-22.7529 Y-0.514
Z0.13
G1 Z0.0658 F40.
G19 G3 Y-0.4983 Z0.05 J0.0158 K0.
G1 Y-0.4904
G17 G3 X-22.7625 Y-0.4808 I-0.0096 J0.
Y-0.5192 Z0.0397 I0. J-0.0192
Y-0.4808 Z0.0294 I0. J0.0192
Y-0.5192 Z0.0191 I0. J-0.0192
Y-0.4808 Z0.0088 I0. J0.0192
Y-0.5192 Z-0.0015 I0. J-0.0192
Y-0.4808 Z-0.0118 I0. J0.0192
Y-0.5192 Z-0.0221 I0. J-0.0192
Y-0.4808 Z-0.0324 I0. J0.0192
Y-0.5192 Z-0.0427 I0. J-0.0192
Y-0.4808 Z-0.053 I0. J0.0192
Y-0.5192 Z-0.0633 I0. J-0.0192
Y-0.4808 Z-0.0736 I0. J0.0192
Y-0.5192 Z-0.0839 I0. J-0.0192
Y-0.4808 Z-0.0942 I0. J0.0192
Y-0.5192 Z-0.1045 I0. J-0.0192
Y-0.4808 Z-0.1148 I0. J0.0192
Y-0.5192 Z-0.1251 I0. J-0.0192
Y-0.4808 Z-0.1354 I0. J0.0192
X-22.7666 Y-0.5188 Z-0.145 I0. J-0.0192
X-22.7584 Y-0.4812 I0.0041 J0.0188
X-22.7666 Y-0.5188 I-0.0041 J-0.0188
X-22.7551 Y-0.5115 I0.002 J0.0094
G1 X-22.7535 Y-0.5038
X-22.7528 Y-0.5008 Z-0.1447
X-22.7522 Y-0.4979 Z-0.1438
X-22.7516 Y-0.4952 Z-0.1423
X-22.7511 Y-0.4929 Z-0.1404
X-22.7507 Y-0.491 Z-0.138
X-22.7504 Y-0.4895 Z-0.1353
X-22.7502 Y-0.4887 Z-0.1323
X-22.7501 Y-0.4884 Z-0.1292
G0 Z0.4
X-22.2529 Y-0.514
Z0.13
G1 Z0.0658 F40.
G19 G3 Y-0.4983 Z0.05 J0.0158 K0.
G1 Y-0.4904
G17 G3 X-22.2625 Y-0.4808 I-0.0096 J0.
Y-0.5193 Z0.0397 I0. J-0.0192
Y-0.4807 Z0.0294 I0. J0.0193
Y-0.5193 Z0.0191 I0. J-0.0193
Y-0.4807 Z0.0088 I0. J0.0193
Y-0.5193 Z-0.0015 I0. J-0.0193
X-22.2524 Y-0.4836 Z-0.01 I0. J0.0193
X-22.2726 Y-0.5164 Z-0.0203 I-0.0101 J-0.0164
X-22.2524 Y-0.4836 Z-0.0306 I0.0101 J0.0164
X-22.2766 Y-0.5131 Z-0.04 I-0.0101 J-0.0164
X-22.2484 Y-0.4869 Z-0.0503 I0.0141 J0.0131
X-22.2735 Y-0.4842 Z-0.055 I-0.0141 J-0.0131
X-22.2515 Y-0.5158 Z-0.0653 I0.011 J-0.0158
X-22.2735 Y-0.4842 Z-0.0756 I-0.011 J0.0158
X-22.2562 Y-0.5182 Z-0.085 I0.011 J-0.0158
X-22.2688 Y-0.4818 Z-0.0953 I-0.0063 J0.0182
X-22.2562 Y-0.5182 Z-0.1056 I0.0063 J-0.0182
X-22.2637 Y-0.4808 Z-0.115 I-0.0063 J0.0182
X-22.2614 Y-0.5192 Z-0.1253 I0.0012 J-0.0192
X-22.2637 Y-0.4808 Z-0.1356 I-0.0012 J0.0192
X-22.2666 Y-0.5188 Z-0.145 I0.0012 J-0.0192
X-22.2584 Y-0.4812 I0.0041 J0.0188
X-22.2666 Y-0.5188 I-0.0041 J-0.0188
X-22.2551 Y-0.5115 I0.0021 J0.0094
G1 X-22.2535 Y-0.5038
X-22.2528 Y-0.5008 Z-0.1447
X-22.2522 Y-0.4979 Z-0.1438
X-22.2516 Y-0.4952 Z-0.1423
X-22.2511 Y-0.4929 Z-0.1404
X-22.2507 Y-0.491 Z-0.138
X-22.2504 Y-0.4895 Z-0.1353
X-22.2502 Y-0.4887 Z-0.1323
X-22.2501 Y-0.4884 Z-0.1292
G0 Z0.4
X-21.7529 Y-0.514
Z0.13
G1 Z0.0658 F40.
G19 G3 Y-0.4983 Z0.05 J0.0158 K0.
G1 Y-0.4904
G17 G3 X-21.7625 Y-0.4808 I-0.0096 J0.
Y-0.5192 Z0.0397 I0. J-0.0192
Y-0.4808 Z0.0294 I0. J0.0192
Y-0.5192 Z0.0191 I0. J-0.0192
Y-0.4808 Z0.0088 I0. J0.0192
Y-0.5192 Z-0.0015 I0. J-0.0192
Y-0.4808 Z-0.0118 I0. J0.0192
Y-0.5192 Z-0.0221 I0. J-0.0192
Y-0.4808 Z-0.0324 I0. J0.0192
Y-0.5192 Z-0.0427 I0. J-0.0192
Y-0.4808 Z-0.053 I0. J0.0192
Y-0.5192 Z-0.0633 I0. J-0.0192
Y-0.4808 Z-0.0736 I0. J0.0192
Y-0.5192 Z-0.0839 I0. J-0.0192
Y-0.4808 Z-0.0942 I0. J0.0192
Y-0.5192 Z-0.1045 I0. J-0.0192
Y-0.4808 Z-0.1148 I0. J0.0192
Y-0.5192 Z-0.1251 I0. J-0.0192
Y-0.4808 Z-0.1354 I0. J0.0192
X-21.7666 Y-0.5188 Z-0.145 I0. J-0.0192
X-21.7584 Y-0.4812 I0.0041 J0.0188
X-21.7666 Y-0.5188 I-0.0041 J-0.0188
X-21.7551 Y-0.5115 I0.0021 J0.0094
G1 X-21.7535 Y-0.5038
X-21.7528 Y-0.5008 Z-0.1447
X-21.7522 Y-0.4979 Z-0.1438
X-21.7516 Y-0.4952 Z-0.1423
X-21.7511 Y-0.4929 Z-0.1404
X-21.7507 Y-0.491 Z-0.138
X-21.7504 Y-0.4895 Z-0.1353
X-21.7502 Y-0.4887 Z-0.1323
X-21.7501 Y-0.4884 Z-0.1292
G0 Z0.4
X-21.2529 Y-0.514
Z0.13
G1 Z0.0658 F40.
G19 G3 Y-0.4983 Z0.05 J0.0158 K0.
G1 Y-0.4904
G17 G3 X-21.2625 Y-0.4808 I-0.0096 J0.
Y-0.5192 Z0.0397 I0. J-0.0192
Y-0.4808 Z0.0294 I0. J0.0192
Y-0.5192 Z0.0191 I0. J-0.0192
Y-0.4808 Z0.0088 I0. J0.0192
Y-0.5192 Z-0.0015 I0. J-0.0192
Y-0.4808 Z-0.0118 I0. J0.0192
Y-0.5192 Z-0.0221 I0. J-0.0192
Y-0.4808 Z-0.0324 I0. J0.0192
Y-0.5192 Z-0.0427 I0. J-0.0192
Y-0.4808 Z-0.053 I0. J0.0192
Y-0.5192 Z-0.0633 I0. J-0.0192
Y-0.4808 Z-0.0736 I0. J0.0192
Y-0.5192 Z-0.0839 I0. J-0.0192
Y-0.4808 Z-0.0942 I0. J0.0192
Y-0.5192 Z-0.1045 I0. J-0.0192
Y-0.4808 Z-0.1148 I0. J0.0192
Y-0.5192 Z-0.1251 I0. J-0.0192
Y-0.4808 Z-0.1354 I0. J0.0192
X-21.2666 Y-0.5188 Z-0.145 I0. J-0.0192
X-21.2584 Y-0.4812 I0.0041 J0.0188
X-21.2666 Y-0.5188 I-0.0041 J-0.0188
X-21.2551 Y-0.5115 I0.0021 J0.0094
G1 X-21.2535 Y-0.5038
X-21.2528 Y-0.5008 Z-0.1447
X-21.2522 Y-0.4979 Z-0.1438
X-21.2516 Y-0.4952 Z-0.1423
X-21.2511 Y-0.4929 Z-0.1404
X-21.2507 Y-0.491 Z-0.138
X-21.2504 Y-0.4895 Z-0.1353
X-21.2502 Y-0.4887 Z-0.1323
X-21.2501 Y-0.4884 Z-0.1292
G0 Z0.4
X-20.6735 Y-0.4904
Z0.13
G1 Z0.0658 F40.
G18 G3 X-20.6893 Z0.05 I-0.0158 K0.
G1 X-20.6971
G17 G3 X-20.7068 Y-0.5 I0. J-0.0096
X-20.6683 Z0.0397 I0.0193 J0.
X-20.7068 Z0.0294 I-0.0193 J0.
X-20.6683 Z0.0191 I0.0193 J0.
X-20.7068 Z0.0088 I-0.0193 J0.
X-20.6683 Z-0.0015 I0.0193 J0.
X-20.7068 Z-0.0118 I-0.0193 J0.
X-20.6682 Z-0.0221 I0.0193 J0.
X-20.6753 Y-0.4851 Z-0.025 I-0.0193 J0.
X-20.6997 Y-0.5149 Z-0.0353 I-0.0122 J-0.0149
X-20.6744 Y-0.5141 Z-0.04 I0.0122 J0.0149
X-20.7006 Y-0.4859 Z-0.0503 I-0.0131 J0.0141
X-20.6744 Y-0.5141 Z-0.0606 I0.0131 J-0.0141
X-20.7006 Y-0.4859 Z-0.0709 I-0.0131 J0.0141
X-20.6744 Y-0.5141 Z-0.0812 I0.0131 J-0.0141
X-20.6693 Y-0.4937 Z-0.085 I-0.0131 J0.0141
X-20.7057 Y-0.5063 Z-0.0953 I-0.0182 J-0.0063
X-20.6837 Y-0.5189 Z-0.1 I0.0182 J0.0063
X-20.6913 Y-0.4811 Z-0.1103 I-0.0038 J0.0189
X-20.6837 Y-0.5189 Z-0.1206 I0.0038 J-0.0189
X-20.686 Y-0.4808 Z-0.13 I-0.0038 J0.0189
X-20.689 Y-0.5192 Z-0.1403 I-0.0015 J-0.0192
X-20.6687 Y-0.5041 Z-0.145 I0.0015 J0.0192
X-20.7063 Y-0.4959 I-0.0188 J0.0041
X-20.6687 Y-0.5041 I0.0188 J-0.0041
X-20.676 Y-0.4926 I-0.0094 J0.0021
G1 X-20.6837 Y-0.491
X-20.6867 Y-0.4903 Z-0.1447
X-20.6896 Y-0.4897 Z-0.1438
X-20.6923 Y-0.4891 Z-0.1423
X-20.6946 Y-0.4886 Z-0.1404
X-20.6965 Y-0.4882 Z-0.138
X-20.698 Y-0.4879 Z-0.1353
X-20.6988 Y-0.4877 Z-0.1323
X-20.6991 Y-0.4876 Z-0.1292
G0 Z0.4
X-20.1735 Y-0.4904
Z0.13
G1 Z0.0658 F40.
G18 G3 X-20.1892 Z0.05 I-0.0157 K0.
G1 X-20.1971
G17 G3 X-20.2068 Y-0.5 I0. J-0.0096
X-20.1683 Z0.0397 I0.0193 J0.
X-20.2068 Z0.0294 I-0.0193 J0.
X-20.1683 Z0.0191 I0.0193 J0.
X-20.2068 Z0.0088 I-0.0193 J0.
X-20.1683 Z-0.0015 I0.0193 J0.
X-20.2068 Z-0.0118 I-0.0193 J0.
X-20.1683 Z-0.0221 I0.0193 J0.
X-20.2068 Z-0.0324 I-0.0193 J0.
X-20.1683 Z-0.0427 I0.0193 J0.
X-20.2068 Z-0.053 I-0.0193 J0.
X-20.1683 Z-0.0633 I0.0193 J0.
X-20.2068 Z-0.0736 I-0.0193 J0.
X-20.1683 Z-0.0839 I0.0193 J0.
X-20.2068 Z-0.0942 I-0.0193 J0.
X-20.1683 Z-0.1045 I0.0193 J0.
X-20.2068 Z-0.1148 I-0.0193 J0.
X-20.1683 Z-0.1251 I0.0193 J0.
X-20.2068 Z-0.1354 I-0.0193 J0.
X-20.1687 Y-0.5041 Z-0.145 I0.0193 J0.
X-20.2063 Y-0.4959 I-0.0188 J0.0041
X-20.1687 Y-0.5041 I0.0188 J-0.0041
X-20.176 Y-0.4926 I-0.0094 J0.0021
G1 X-20.1837 Y-0.491
X-20.1867 Y-0.4903 Z-0.1447
X-20.1896 Y-0.4897 Z-0.1438
X-20.1923 Y-0.4891 Z-0.1423
X-20.1946 Y-0.4886 Z-0.1404
X-20.1965 Y-0.4882 Z-0.138
X-20.198 Y-0.4879 Z-0.1353
X-20.1988 Y-0.4877 Z-0.1323
X-20.1991 Y-0.4876 Z-0.1292
G0 Z0.4
X-19.6735 Y-0.4904
Z0.13
G1 Z0.0658 F40.
G18 G3 X-19.6893 Z0.05 I-0.0158 K0.
G1 X-19.6971
G17 G3 X-19.7068 Y-0.5 I0. J-0.0096
X-19.6682 Z0.0397 I0.0193 J0.
X-19.7068 Z0.0294 I-0.0193 J0.
X-19.6682 Z0.0191 I0.0193 J0.
X-19.7068 Z0.0088 I-0.0193 J0.
X-19.6682 Z-0.0015 I0.0193 J0.
X-19.7068 Z-0.0118 I-0.0193 J0.
X-19.6682 Z-0.0221 I0.0193 J0.
X-19.7068 Z-0.0324 I-0.0193 J0.
X-19.6682 Z-0.0427 I0.0193 J0.
X-19.7068 Z-0.053 I-0.0193 J0.
X-19.6682 Z-0.0633 I0.0193 J0.
X-19.7068 Z-0.0736 I-0.0193 J0.
X-19.6682 Z-0.0839 I0.0193 J0.
X-19.7068 Z-0.0942 I-0.0193 J0.
X-19.6682 Z-0.1045 I0.0193 J0.
X-19.7068 Z-0.1148 I-0.0193 J0.
X-19.6682 Z-0.1251 I0.0193 J0.
X-19.7068 Z-0.1354 I-0.0193 J0.
X-19.6687 Y-0.5041 Z-0.145 I0.0193 J0.
X-19.7063 Y-0.4959 I-0.0188 J0.0041
X-19.6687 Y-0.5041 I0.0188 J-0.0041
X-19.676 Y-0.4926 I-0.0094 J0.0021
G1 X-19.6837 Y-0.491
X-19.6867 Y-0.4903 Z-0.1447
X-19.6896 Y-0.4897 Z-0.1438
X-19.6923 Y-0.4891 Z-0.1423
X-19.6946 Y-0.4886 Z-0.1404
X-19.6965 Y-0.4882 Z-0.138
X-19.698 Y-0.4879 Z-0.1353
X-19.6988 Y-0.4877 Z-0.1323
X-19.6991 Y-0.4876 Z-0.1292
G0 Z0.4
X-19.1735 Y-0.4904
Z0.13
G1 Z0.0658 F40.
G18 G3 X-19.1893 Z0.05 I-0.0158 K0.
G1 X-19.1971
G17 G3 X-19.2067 Y-0.5 I0. J-0.0096
X-19.1682 Z0.0397 I0.0193 J0.
X-19.2067 Z0.0294 I-0.0193 J0.
X-19.1682 Z0.0191 I0.0192 J0.
X-19.2067 Z0.0088 I-0.0192 J0.
X-19.1682 Z-0.0015 I0.0192 J0.
X-19.2067 Z-0.0118 I-0.0192 J0.
X-19.1682 Z-0.0221 I0.0192 J0.
X-19.2067 Z-0.0324 I-0.0192 J0.
X-19.1682 Z-0.0427 I0.0192 J0.
X-19.2067 Z-0.053 I-0.0192 J0.
X-19.1683 Z-0.0633 I0.0192 J0.
X-19.2067 Z-0.0736 I-0.0192 J0.
X-19.1683 Z-0.0839 I0.0192 J0.
X-19.2067 Z-0.0942 I-0.0192 J0.
X-19.1683 Z-0.1045 I0.0192 J0.
X-19.2067 Z-0.1148 I-0.0192 J0.
X-19.1683 Z-0.1251 I0.0192 J0.
X-19.2067 Z-0.1354 I-0.0192 J0.
X-19.1687 Y-0.5041 Z-0.145 I0.0192 J0.
X-19.2063 Y-0.4959 I-0.0188 J0.0041
X-19.1687 Y-0.5041 I0.0188 J-0.0041
X-19.176 Y-0.4926 I-0.0094 J0.0021
G1 X-19.1837 Y-0.491
X-19.1867 Y-0.4903 Z-0.1447
X-19.1896 Y-0.4897 Z-0.1438
X-19.1923 Y-0.4891 Z-0.1423
X-19.1946 Y-0.4886 Z-0.1404
X-19.1965 Y-0.4882 Z-0.138
X-19.198 Y-0.4879 Z-0.1353
X-19.1988 Y-0.4877 Z-0.1323
X-19.1991 Y-0.4876 Z-0.1292
G0 Z0.4
X-18.6735 Y-0.4904
Z0.13
G1 Z0.0658 F40.
G18 G3 X-18.6892 Z0.05 I-0.0158 K0.
G1 X-18.6971
G17 G3 X-18.7068 Y-0.5 I0. J-0.0096
X-18.6683 Z0.0397 I0.0193 J0.
X-18.7068 Z0.0294 I-0.0193 J0.
X-18.6683 Z0.0191 I0.0193 J0.
X-18.7068 Z0.0088 I-0.0193 J0.
X-18.6683 Z-0.0015 I0.0193 J0.
X-18.7068 Z-0.0118 I-0.0193 J0.
X-18.6683 Z-0.0221 I0.0193 J0.
X-18.7068 Z-0.0324 I-0.0193 J0.
X-18.6683 Z-0.0427 I0.0193 J0.
X-18.7068 Z-0.053 I-0.0193 J0.
X-18.6683 Z-0.0633 I0.0193 J0.
X-18.7068 Z-0.0736 I-0.0193 J0.
X-18.6683 Z-0.0839 I0.0193 J0.
X-18.7068 Z-0.0942 I-0.0193 J0.
X-18.6683 Z-0.1045 I0.0193 J0.
X-18.7068 Z-0.1148 I-0.0193 J0.
X-18.6683 Z-0.1251 I0.0193 J0.
X-18.7068 Z-0.1354 I-0.0193 J0.
X-18.6687 Y-0.5041 Z-0.145 I0.0193 J0.
X-18.7063 Y-0.4959 I-0.0188 J0.0041
X-18.6687 Y-0.5041 I0.0188 J-0.0041
X-18.676 Y-0.4926 I-0.0094 J0.0021
G1 X-18.6837 Y-0.491
X-18.6867 Y-0.4903 Z-0.1447
X-18.6896 Y-0.4897 Z-0.1438
X-18.6923 Y-0.4891 Z-0.1423
X-18.6946 Y-0.4886 Z-0.1404
X-18.6965 Y-0.4882 Z-0.138
X-18.698 Y-0.4879 Z-0.1353
X-18.6988 Y-0.4877 Z-0.1323
X-18.6991 Y-0.4876 Z-0.1292
G0 Z0.4
X-18.1735 Y-0.4904
Z0.13
G1 Z0.0658 F40.
G18 G3 X-18.1893 Z0.05 I-0.0158 K0.
G1 X-18.1971
G17 G3 X-18.2067 Y-0.5 I0. J-0.0096
X-18.1682 Z0.0397 I0.0193 J0.
X-18.2067 Z0.0294 I-0.0193 J0.
X-18.1682 Z0.0191 I0.0193 J0.
X-18.2067 Z0.0088 I-0.0193 J0.
X-18.1682 Z-0.0015 I0.0193 J0.
X-18.2067 Z-0.0118 I-0.0193 J0.
X-18.1682 Z-0.0221 I0.0193 J0.
X-18.2067 Z-0.0324 I-0.0193 J0.
X-18.1682 Z-0.0427 I0.0193 J0.
X-18.2067 Z-0.053 I-0.0193 J0.
X-18.1682 Z-0.0633 I0.0193 J0.
X-18.2067 Z-0.0736 I-0.0193 J0.
X-18.1682 Z-0.0839 I0.0193 J0.
X-18.2067 Z-0.0942 I-0.0193 J0.
X-18.1682 Z-0.1045 I0.0193 J0.
X-18.2067 Z-0.1148 I-0.0193 J0.
X-18.1682 Z-0.1251 I0.0193 J0.
X-18.2067 Z-0.1354 I-0.0193 J0.
X-18.1687 Y-0.5041 Z-0.145 I0.0193 J0.
X-18.2063 Y-0.4959 I-0.0188 J0.0041
X-18.1687 Y-0.5041 I0.0188 J-0.0041
X-18.176 Y-0.4926 I-0.0094 J0.0021
G1 X-18.1837 Y-0.491
X-18.1867 Y-0.4903 Z-0.1447
X-18.1896 Y-0.4897 Z-0.1438
X-18.1923 Y-0.4891 Z-0.1423
X-18.1946 Y-0.4886 Z-0.1404
X-18.1965 Y-0.4882 Z-0.138
X-18.198 Y-0.4879 Z-0.1353
X-18.1988 Y-0.4877 Z-0.1323
X-18.1991 Y-0.4876 Z-0.1292
G0 Z0.4
X-17.6735 Y-0.4904
Z0.13
G1 Z0.0658 F40.
G18 G3 X-17.6892 Z0.05 I-0.0158 K0.
G1 X-17.6971
G17 G3 X-17.7068 Y-0.5 I0. J-0.0096
X-17.6683 Z0.0397 I0.0193 J0.
X-17.7068 Z0.0294 I-0.0193 J0.
X-17.6683 Z0.0191 I0.0193 J0.
X-17.7068 Z0.0088 I-0.0193 J0.
X-17.6683 Z-0.0015 I0.0193 J0.
X-17.7068 Z-0.0118 I-0.0193 J0.
X-17.6683 Z-0.0221 I0.0193 J0.
X-17.7068 Z-0.0324 I-0.0193 J0.
X-17.6683 Z-0.0427 I0.0193 J0.
X-17.7068 Z-0.053 I-0.0193 J0.
X-17.6683 Z-0.0633 I0.0193 J0.
X-17.7068 Z-0.0736 I-0.0193 J0.
X-17.6683 Z-0.0839 I0.0193 J0.
X-17.7068 Z-0.0942 I-0.0193 J0.
X-17.6683 Z-0.1045 I0.0193 J0.
X-17.7068 Z-0.1148 I-0.0193 J0.
X-17.6683 Z-0.1251 I0.0193 J0.
X-17.7068 Z-0.1354 I-0.0193 J0.
X-17.6687 Y-0.5041 Z-0.145 I0.0193 J0.
X-17.7063 Y-0.4959 I-0.0188 J0.0041
X-17.6687 Y-0.5041 I0.0188 J-0.0041
X-17.676 Y-0.4926 I-0.0094 J0.0021
G1 X-17.6837 Y-0.491
X-17.6867 Y-0.4903 Z-0.1447
X-17.6896 Y-0.4897 Z-0.1438
X-17.6923 Y-0.4891 Z-0.1423
X-17.6946 Y-0.4886 Z-0.1404
X-17.6965 Y-0.4882 Z-0.138
X-17.698 Y-0.4879 Z-0.1353
X-17.6988 Y-0.4877 Z-0.1323
X-17.6991 Y-0.4876 Z-0.1292
G0 Z0.4
X-17.1735 Y-0.4904
Z0.13
G1 Z0.0658 F40.
G18 G3 X-17.1893 Z0.05 I-0.0158 K0.
G1 X-17.1971
G17 G3 X-17.2068 Y-0.5 I0. J-0.0096
X-17.1682 Z0.0397 I0.0193 J0.
X-17.2068 Z0.0294 I-0.0193 J0.
X-17.1682 Z0.0191 I0.0193 J0.
X-17.2068 Z0.0088 I-0.0193 J0.
X-17.1682 Z-0.0015 I0.0193 J0.
X-17.2068 Z-0.0118 I-0.0193 J0.
X-17.1682 Z-0.0221 I0.0193 J0.
X-17.2068 Z-0.0324 I-0.0193 J0.
X-17.1682 Z-0.0427 I0.0193 J0.
X-17.2068 Z-0.053 I-0.0193 J0.
X-17.1682 Z-0.0633 I0.0193 J0.
X-17.2068 Z-0.0736 I-0.0193 J0.
X-17.1682 Z-0.0839 I0.0193 J0.
X-17.2068 Z-0.0942 I-0.0193 J0.
X-17.1682 Z-0.1045 I0.0193 J0.
X-17.2068 Z-0.1148 I-0.0193 J0.
X-17.1682 Z-0.1251 I0.0193 J0.
X-17.2068 Z-0.1354 I-0.0193 J0.
X-17.1687 Y-0.5041 Z-0.145 I0.0193 J0.
X-17.2063 Y-0.4959 I-0.0188 J0.0041
X-17.1687 Y-0.5041 I0.0188 J-0.0041
X-17.176 Y-0.4926 I-0.0094 J0.0021
G1 X-17.1837 Y-0.491
X-17.1867 Y-0.4903 Z-0.1447
X-17.1896 Y-0.4897 Z-0.1438
X-17.1923 Y-0.4891 Z-0.1423
X-17.1946 Y-0.4886 Z-0.1404
X-17.1965 Y-0.4882 Z-0.138
X-17.198 Y-0.4879 Z-0.1353
X-17.1988 Y-0.4877 Z-0.1323
X-17.1991 Y-0.4876 Z-0.1292
G0 Z0.4
X-16.6735 Y-0.4904
Z0.13
G1 Z0.0658 F40.
G18 G3 X-16.6893 Z0.05 I-0.0158 K0.
G1 X-16.6971
G17 G3 X-16.7067 Y-0.5 I0. J-0.0096
X-16.6682 Z0.0397 I0.0193 J0.
X-16.7067 Z0.0294 I-0.0193 J0.
X-16.6682 Z0.0191 I0.0192 J0.
X-16.7067 Z0.0088 I-0.0192 J0.
X-16.6682 Z-0.0015 I0.0192 J0.
X-16.7067 Z-0.0118 I-0.0192 J0.
X-16.6682 Z-0.0221 I0.0192 J0.
X-16.7067 Z-0.0324 I-0.0192 J0.
X-16.6682 Z-0.0427 I0.0192 J0.
X-16.7067 Z-0.053 I-0.0192 J0.
X-16.6683 Z-0.0633 I0.0192 J0.
X-16.7067 Z-0.0736 I-0.0192 J0.
X-16.6683 Z-0.0839 I0.0192 J0.
X-16.7067 Z-0.0942 I-0.0192 J0.
X-16.6683 Z-0.1045 I0.0192 J0.
X-16.7067 Z-0.1148 I-0.0192 J0.
X-16.6683 Z-0.1251 I0.0192 J0.
X-16.7067 Z-0.1354 I-0.0192 J0.
X-16.6687 Y-0.5041 Z-0.145 I0.0192 J0.
X-16.7063 Y-0.4959 I-0.0188 J0.0041
X-16.6687 Y-0.5041 I0.0188 J-0.0041
X-16.676 Y-0.4926 I-0.0094 J0.0021
G1 X-16.6837 Y-0.491
X-16.6867 Y-0.4903 Z-0.1447
X-16.6896 Y-0.4897 Z-0.1438
X-16.6923 Y-0.4891 Z-0.1423
X-16.6946 Y-0.4886 Z-0.1404
X-16.6965 Y-0.4882 Z-0.138
X-16.698 Y-0.4879 Z-0.1353
X-16.6988 Y-0.4877 Z-0.1323
X-16.6991 Y-0.4876 Z-0.1292
G0 Z0.4
X-16.1735 Y-0.4904
Z0.13
G1 Z0.0658 F40.
G18 G3 X-16.1892 Z0.05 I-0.0158 K0.
G1 X-16.1971
G17 G3 X-16.2068 Y-0.5 I0. J-0.0096
X-16.1683 Z0.0397 I0.0193 J0.
X-16.2068 Z0.0294 I-0.0193 J0.
X-16.1683 Z0.0191 I0.0193 J0.
X-16.2068 Z0.0088 I-0.0193 J0.
X-16.1683 Z-0.0015 I0.0193 J0.
X-16.2068 Z-0.0118 I-0.0193 J0.
X-16.1683 Z-0.0221 I0.0193 J0.
X-16.2068 Z-0.0324 I-0.0193 J0.
X-16.1683 Z-0.0427 I0.0193 J0.
X-16.2068 Z-0.053 I-0.0193 J0.
X-16.1683 Z-0.0633 I0.0193 J0.
X-16.2068 Z-0.0736 I-0.0193 J0.
X-16.1683 Z-0.0839 I0.0193 J0.
X-16.2068 Z-0.0942 I-0.0193 J0.
X-16.1683 Z-0.1045 I0.0193 J0.
X-16.2068 Z-0.1148 I-0.0193 J0.
X-16.1683 Z-0.1251 I0.0193 J0.
X-16.2068 Z-0.1354 I-0.0193 J0.
X-16.1687 Y-0.5041 Z-0.145 I0.0193 J0.
X-16.2063 Y-0.4959 I-0.0188 J0.0041
X-16.1687 Y-0.5041 I0.0188 J-0.0041
X-16.176 Y-0.4926 I-0.0094 J0.0021
G1 X-16.1837 Y-0.491
X-16.1867 Y-0.4903 Z-0.1447
X-16.1896 Y-0.4897 Z-0.1438
X-16.1923 Y-0.4891 Z-0.1423
X-16.1946 Y-0.4886 Z-0.1404
X-16.1965 Y-0.4882 Z-0.138
X-16.198 Y-0.4879 Z-0.1353
X-16.1988 Y-0.4877 Z-0.1323
X-16.1991 Y-0.4876 Z-0.1292
G0 Z0.4
X-15.6735 Y-0.4904
Z0.13
G1 Z0.0658 F40.
G18 G3 X-15.6893 Z0.05 I-0.0158 K0.
G1 X-15.6971
G17 G3 X-15.7067 Y-0.5 I0. J-0.0096
X-15.6682 Z0.0397 I0.0193 J0.
X-15.7067 Z0.0294 I-0.0193 J0.
X-15.6682 Z0.0191 I0.0193 J0.
X-15.7067 Z0.0088 I-0.0193 J0.
X-15.6682 Z-0.0015 I0.0193 J0.
X-15.7067 Z-0.0118 I-0.0193 J0.
X-15.6682 Z-0.0221 I0.0193 J0.
X-15.7067 Z-0.0324 I-0.0193 J0.
X-15.6682 Z-0.0427 I0.0193 J0.
X-15.7067 Z-0.053 I-0.0193 J0.
X-15.6682 Z-0.0633 I0.0193 J0.
X-15.7067 Z-0.0736 I-0.0193 J0.
X-15.6682 Z-0.0839 I0.0193 J0.
X-15.7067 Z-0.0942 I-0.0193 J0.
X-15.6682 Z-0.1045 I0.0193 J0.
X-15.7067 Z-0.1148 I-0.0193 J0.
X-15.6682 Z-0.1251 I0.0193 J0.
X-15.7067 Z-0.1354 I-0.0193 J0.
X-15.6687 Y-0.5041 Z-0.145 I0.0193 J0.
X-15.7063 Y-0.4959 I-0.0188 J0.0041
X-15.6687 Y-0.5041 I0.0188 J-0.0041
X-15.676 Y-0.4926 I-0.0094 J0.0021
G1 X-15.6837 Y-0.491
X-15.6867 Y-0.4903 Z-0.1447
X-15.6896 Y-0.4897 Z-0.1438
X-15.6923 Y-0.4891 Z-0.1423
X-15.6946 Y-0.4886 Z-0.1404
X-15.6965 Y-0.4882 Z-0.138
X-15.698 Y-0.4879 Z-0.1353
X-15.6988 Y-0.4877 Z-0.1323
X-15.6991 Y-0.4876 Z-0.1292
G0 Z0.4
X-15.1735 Y-0.4904
Z0.13
G1 Z0.0658 F40.
G18 G3 X-15.1892 Z0.05 I-0.0158 K0.
G1 X-15.1971
G17 G3 X-15.2068 Y-0.5 I0. J-0.0096
X-15.1683 Z0.0397 I0.0193 J0.
X-15.2068 Z0.0294 I-0.0193 J0.
X-15.1683 Z0.0191 I0.0193 J0.
X-15.2068 Z0.0088 I-0.0193 J0.
X-15.1683 Z-0.0015 I0.0193 J0.
X-15.2068 Z-0.0118 I-0.0193 J0.
X-15.1683 Z-0.0221 I0.0193 J0.
X-15.2068 Z-0.0324 I-0.0193 J0.
X-15.1683 Z-0.0427 I0.0193 J0.
X-15.2068 Z-0.053 I-0.0193 J0.
X-15.1683 Z-0.0633 I0.0193 J0.
X-15.2068 Z-0.0736 I-0.0193 J0.
X-15.1683 Z-0.0839 I0.0193 J0.
X-15.2068 Z-0.0942 I-0.0193 J0.
X-15.1683 Z-0.1045 I0.0193 J0.
X-15.2068 Z-0.1148 I-0.0193 J0.
X-15.1683 Z-0.1251 I0.0193 J0.
X-15.2068 Z-0.1354 I-0.0193 J0.
X-15.1687 Y-0.5041 Z-0.145 I0.0193 J0.
X-15.2063 Y-0.4959 I-0.0188 J0.0041
X-15.1687 Y-0.5041 I0.0188 J-0.0041
X-15.176 Y-0.4926 I-0.0094 J0.0021
G1 X-15.1837 Y-0.491
X-15.1867 Y-0.4903 Z-0.1447
X-15.1896 Y-0.4897 Z-0.1438
X-15.1923 Y-0.4891 Z-0.1423
X-15.1946 Y-0.4886 Z-0.1404
X-15.1965 Y-0.4882 Z-0.138
X-15.198 Y-0.4879 Z-0.1353
X-15.1988 Y-0.4877 Z-0.1323
X-15.1991 Y-0.4876 Z-0.1292
G0 Z0.4
X-14.6735 Y-0.4904
Z0.13
G1 Z0.0658 F40.
G18 G3 X-14.6893 Z0.05 I-0.0158 K0.
G1 X-14.6971
G17 G3 X-14.7068 Y-0.5 I0. J-0.0096
X-14.6682 Z0.0397 I0.0193 J0.
X-14.7068 Z0.0294 I-0.0193 J0.
X-14.6682 Z0.0191 I0.0193 J0.
X-14.7068 Z0.0088 I-0.0193 J0.
X-14.6682 Z-0.0015 I0.0193 J0.
X-14.7068 Z-0.0118 I-0.0193 J0.
X-14.6682 Z-0.0221 I0.0193 J0.
X-14.7068 Z-0.0324 I-0.0193 J0.
X-14.6682 Z-0.0427 I0.0193 J0.
X-14.7068 Z-0.053 I-0.0193 J0.
X-14.6682 Z-0.0633 I0.0193 J0.
X-14.7068 Z-0.0736 I-0.0193 J0.
X-14.6682 Z-0.0839 I0.0193 J0.
X-14.7068 Z-0.0942 I-0.0193 J0.
X-14.6682 Z-0.1045 I0.0193 J0.
X-14.7068 Z-0.1148 I-0.0193 J0.
X-14.6682 Z-0.1251 I0.0193 J0.
X-14.7068 Z-0.1354 I-0.0193 J0.
X-14.6687 Y-0.5041 Z-0.145 I0.0193 J0.
X-14.7063 Y-0.4959 I-0.0188 J0.0041
X-14.6687 Y-0.5041 I0.0188 J-0.0041
X-14.676 Y-0.4926 I-0.0094 J0.0021
G1 X-14.6837 Y-0.491
X-14.6867 Y-0.4903 Z-0.1447
X-14.6896 Y-0.4897 Z-0.1438
X-14.6923 Y-0.4891 Z-0.1423
X-14.6946 Y-0.4886 Z-0.1404
X-14.6965 Y-0.4882 Z-0.138
X-14.698 Y-0.4879 Z-0.1353
X-14.6988 Y-0.4877 Z-0.1323
X-14.6991 Y-0.4876 Z-0.1292
G0 Z0.4
X-14.1735 Y-0.4904
Z0.13
G1 Z0.0658 F40.
G18 G3 X-14.1893 Z0.05 I-0.0158 K0.
G1 X-14.1971
G17 G3 X-14.2067 Y-0.5 I0. J-0.0096
X-14.1682 Z0.0397 I0.0193 J0.
X-14.2067 Z0.0294 I-0.0193 J0.
X-14.1682 Z0.0191 I0.0192 J0.
X-14.2067 Z0.0088 I-0.0192 J0.
X-14.1682 Z-0.0015 I0.0192 J0.
X-14.2067 Z-0.0118 I-0.0192 J0.
X-14.1682 Z-0.0221 I0.0192 J0.
X-14.2067 Z-0.0324 I-0.0192 J0.
X-14.1682 Z-0.0427 I0.0192 J0.
X-14.2067 Z-0.053 I-0.0192 J0.
X-14.1683 Z-0.0633 I0.0192 J0.
X-14.2067 Z-0.0736 I-0.0192 J0.
X-14.1683 Z-0.0839 I0.0192 J0.
X-14.2067 Z-0.0942 I-0.0192 J0.
X-14.1683 Z-0.1045 I0.0192 J0.
X-14.2067 Z-0.1148 I-0.0192 J0.
X-14.1683 Z-0.1251 I0.0192 J0.
X-14.2067 Z-0.1354 I-0.0192 J0.
X-14.1687 Y-0.5041 Z-0.145 I0.0192 J0.
X-14.2063 Y-0.4959 I-0.0188 J0.0041
X-14.1687 Y-0.5041 I0.0188 J-0.0041
X-14.176 Y-0.4926 I-0.0094 J0.0021
G1 X-14.1837 Y-0.491
X-14.1867 Y-0.4903 Z-0.1447
X-14.1896 Y-0.4897 Z-0.1438
X-14.1923 Y-0.4891 Z-0.1423
X-14.1946 Y-0.4886 Z-0.1404
X-14.1965 Y-0.4882 Z-0.138
X-14.198 Y-0.4879 Z-0.1353
X-14.1988 Y-0.4877 Z-0.1323
X-14.1991 Y-0.4876 Z-0.1292
G0 Z0.4
X-13.6735 Y-0.4904
Z0.13
G1 Z0.0658 F40.
G18 G3 X-13.6892 Z0.05 I-0.0158 K0.
G1 X-13.6971
G17 G3 X-13.7068 Y-0.5 I0. J-0.0096
X-13.6683 Z0.0397 I0.0193 J0.
X-13.7068 Z0.0294 I-0.0193 J0.
X-13.6683 Z0.0191 I0.0193 J0.
X-13.7068 Z0.0088 I-0.0193 J0.
X-13.6683 Z-0.0015 I0.0193 J0.
X-13.7068 Z-0.0118 I-0.0193 J0.
X-13.6683 Z-0.0221 I0.0193 J0.
X-13.7068 Z-0.0324 I-0.0193 J0.
X-13.6683 Z-0.0427 I0.0193 J0.
X-13.7068 Z-0.053 I-0.0193 J0.
X-13.6683 Z-0.0633 I0.0193 J0.
X-13.7068 Z-0.0736 I-0.0193 J0.
X-13.6683 Z-0.0839 I0.0193 J0.
X-13.7068 Z-0.0942 I-0.0193 J0.
X-13.6683 Z-0.1045 I0.0193 J0.
X-13.7068 Z-0.1148 I-0.0193 J0.
X-13.6683 Z-0.1251 I0.0193 J0.
X-13.7068 Z-0.1354 I-0.0193 J0.
X-13.6687 Y-0.5041 Z-0.145 I0.0193 J0.
X-13.7063 Y-0.4959 I-0.0188 J0.0041
X-13.6687 Y-0.5041 I0.0188 J-0.0041
X-13.676 Y-0.4926 I-0.0094 J0.0021
G1 X-13.6837 Y-0.491
X-13.6867 Y-0.4903 Z-0.1447
X-13.6896 Y-0.4897 Z-0.1438
X-13.6923 Y-0.4891 Z-0.1423
X-13.6946 Y-0.4886 Z-0.1404
X-13.6965 Y-0.4882 Z-0.138
X-13.698 Y-0.4879 Z-0.1353
X-13.6988 Y-0.4877 Z-0.1323
X-13.6991 Y-0.4876 Z-0.1292
G0 Z0.4
X-13.1735 Y-0.4904
Z0.13
G1 Z0.0658 F40.
G18 G3 X-13.1893 Z0.05 I-0.0158 K0.
G1 X-13.1971
G17 G3 X-13.2067 Y-0.5 I0. J-0.0096
X-13.1682 Z0.0397 I0.0193 J0.
X-13.2067 Z0.0294 I-0.0193 J0.
X-13.1682 Z0.0191 I0.0193 J0.
X-13.2067 Z0.0088 I-0.0193 J0.
X-13.1682 Z-0.0015 I0.0193 J0.
X-13.2067 Z-0.0118 I-0.0193 J0.
X-13.1682 Z-0.0221 I0.0193 J0.
X-13.2067 Z-0.0324 I-0.0193 J0.
X-13.1682 Z-0.0427 I0.0193 J0.
X-13.2067 Z-0.053 I-0.0193 J0.
X-13.1682 Z-0.0633 I0.0193 J0.
X-13.2067 Z-0.0736 I-0.0193 J0.
X-13.1682 Z-0.0839 I0.0193 J0.
X-13.2067 Z-0.0942 I-0.0193 J0.
X-13.1682 Z-0.1045 I0.0193 J0.
X-13.2067 Z-0.1148 I-0.0193 J0.
X-13.1682 Z-0.1251 I0.0193 J0.
X-13.2067 Z-0.1354 I-0.0193 J0.
X-13.1687 Y-0.5041 Z-0.145 I0.0193 J0.
X-13.2063 Y-0.4959 I-0.0188 J0.0041
X-13.1687 Y-0.5041 I0.0188 J-0.0041
X-13.176 Y-0.4926 I-0.0094 J0.0021
G1 X-13.1837 Y-0.491
X-13.1867 Y-0.4903 Z-0.1447
X-13.1896 Y-0.4897 Z-0.1438
X-13.1923 Y-0.4891 Z-0.1423
X-13.1946 Y-0.4886 Z-0.1404
X-13.1965 Y-0.4882 Z-0.138
X-13.198 Y-0.4879 Z-0.1353
X-13.1988 Y-0.4877 Z-0.1323
X-13.1991 Y-0.4876 Z-0.1292
G0 Z0.4
X-12.6735 Y-0.4904
Z0.13
G1 Z0.0658 F40.
G18 G3 X-12.6892 Z0.05 I-0.0158 K0.
G1 X-12.6971
G17 G3 X-12.7068 Y-0.5 I0. J-0.0096
X-12.6683 Z0.0397 I0.0193 J0.
X-12.7068 Z0.0294 I-0.0193 J0.
X-12.6683 Z0.0191 I0.0193 J0.
X-12.7068 Z0.0088 I-0.0193 J0.
X-12.6683 Z-0.0015 I0.0193 J0.
X-12.7068 Z-0.0118 I-0.0193 J0.
X-12.6683 Z-0.0221 I0.0193 J0.
X-12.7068 Z-0.0324 I-0.0193 J0.
X-12.6683 Z-0.0427 I0.0193 J0.
X-12.7068 Z-0.053 I-0.0193 J0.
X-12.6683 Z-0.0633 I0.0193 J0.
X-12.7068 Z-0.0736 I-0.0193 J0.
X-12.6683 Z-0.0839 I0.0193 J0.
X-12.7068 Z-0.0942 I-0.0193 J0.
X-12.6683 Z-0.1045 I0.0193 J0.
X-12.7068 Z-0.1148 I-0.0193 J0.
X-12.6683 Z-0.1251 I0.0193 J0.
X-12.7068 Z-0.1354 I-0.0193 J0.
X-12.6687 Y-0.5041 Z-0.145 I0.0193 J0.
X-12.7063 Y-0.4959 I-0.0188 J0.0041
X-12.6687 Y-0.5041 I0.0188 J-0.0041
X-12.676 Y-0.4926 I-0.0094 J0.0021
G1 X-12.6837 Y-0.491
X-12.6867 Y-0.4903 Z-0.1447
X-12.6896 Y-0.4897 Z-0.1438
X-12.6923 Y-0.4891 Z-0.1423
X-12.6946 Y-0.4886 Z-0.1404
X-12.6965 Y-0.4882 Z-0.138
X-12.698 Y-0.4879 Z-0.1353
X-12.6988 Y-0.4877 Z-0.1323
X-12.6991 Y-0.4876 Z-0.1292
G0 Z0.4
X-12.1735 Y-0.4904
Z0.13
G1 Z0.0658 F40.
G18 G3 X-12.1893 Z0.05 I-0.0158 K0.
G1 X-12.1971
G17 G3 X-12.2068 Y-0.5 I0. J-0.0096
X-12.1682 Z0.0397 I0.0193 J0.
X-12.2068 Z0.0294 I-0.0193 J0.
X-12.1682 Z0.0191 I0.0193 J0.
X-12.2068 Z0.0088 I-0.0193 J0.
X-12.1682 Z-0.0015 I0.0193 J0.
X-12.2068 Z-0.0118 I-0.0193 J0.
X-12.1682 Z-0.0221 I0.0193 J0.
X-12.2068 Z-0.0324 I-0.0193 J0.
X-12.1682 Z-0.0427 I0.0193 J0.
X-12.2068 Z-0.053 I-0.0193 J0.
X-12.1682 Z-0.0633 I0.0193 J0.
X-12.2068 Z-0.0736 I-0.0193 J0.
X-12.1682 Z-0.0839 I0.0193 J0.
X-12.2068 Z-0.0942 I-0.0193 J0.
X-12.1682 Z-0.1045 I0.0193 J0.
X-12.2068 Z-0.1148 I-0.0193 J0.
X-12.1682 Z-0.1251 I0.0193 J0.
X-12.2068 Z-0.1354 I-0.0193 J0.
X-12.1687 Y-0.5041 Z-0.145 I0.0193 J0.
X-12.2063 Y-0.4959 I-0.0188 J0.0041
X-12.1687 Y-0.5041 I0.0188 J-0.0041
X-12.176 Y-0.4926 I-0.0094 J0.0021
G1 X-12.1837 Y-0.491
X-12.1867 Y-0.4903 Z-0.1447
X-12.1896 Y-0.4897 Z-0.1438
X-12.1923 Y-0.4891 Z-0.1423
X-12.1946 Y-0.4886 Z-0.1404
X-12.1965 Y-0.4882 Z-0.138
X-12.198 Y-0.4879 Z-0.1353
X-12.1988 Y-0.4877 Z-0.1323
X-12.1991 Y-0.4876 Z-0.1292
G0 Z0.4
X-11.6735 Y-0.4904
Z0.13
G1 Z0.0658 F40.
G18 G3 X-11.6893 Z0.05 I-0.0158 K0.
G1 X-11.6971
G17 G3 X-11.7067 Y-0.5 I0. J-0.0096
X-11.6682 Z0.0397 I0.0193 J0.
X-11.7067 Z0.0294 I-0.0193 J0.
X-11.6682 Z0.0191 I0.0192 J0.
X-11.7067 Z0.0088 I-0.0192 J0.
X-11.6682 Z-0.0015 I0.0192 J0.
X-11.7067 Z-0.0118 I-0.0192 J0.
X-11.6682 Z-0.0221 I0.0192 J0.
X-11.7067 Z-0.0324 I-0.0192 J0.
X-11.6682 Z-0.0427 I0.0192 J0.
X-11.7067 Z-0.053 I-0.0192 J0.
X-11.6683 Z-0.0633 I0.0192 J0.
X-11.7067 Z-0.0736 I-0.0192 J0.
X-11.6683 Z-0.0839 I0.0192 J0.
X-11.7067 Z-0.0942 I-0.0192 J0.
X-11.6683 Z-0.1045 I0.0192 J0.
X-11.7067 Z-0.1148 I-0.0192 J0.
X-11.6683 Z-0.1251 I0.0192 J0.
X-11.7067 Z-0.1354 I-0.0192 J0.
X-11.6687 Y-0.5041 Z-0.145 I0.0192 J0.
X-11.7063 Y-0.4959 I-0.0188 J0.0041
X-11.6687 Y-0.5041 I0.0188 J-0.0041
X-11.676 Y-0.4926 I-0.0094 J0.0021
G1 X-11.6837 Y-0.491
X-11.6867 Y-0.4903 Z-0.1447
X-11.6896 Y-0.4897 Z-0.1438
X-11.6923 Y-0.4891 Z-0.1423
X-11.6946 Y-0.4886 Z-0.1404
X-11.6965 Y-0.4882 Z-0.138
X-11.698 Y-0.4879 Z-0.1353
X-11.6988 Y-0.4877 Z-0.1323
X-11.6991 Y-0.4876 Z-0.1292
G0 Z0.4
X-11.1735 Y-0.4904
Z0.13
G1 Z0.0658 F40.
G18 G3 X-11.1892 Z0.05 I-0.0158 K0.
G1 X-11.1971
G17 G3 X-11.2068 Y-0.5 I0. J-0.0096
X-11.1683 Z0.0397 I0.0193 J0.
X-11.2068 Z0.0294 I-0.0193 J0.
X-11.1683 Z0.0191 I0.0193 J0.
X-11.2068 Z0.0088 I-0.0193 J0.
X-11.1683 Z-0.0015 I0.0193 J0.
X-11.2068 Z-0.0118 I-0.0193 J0.
X-11.1683 Z-0.0221 I0.0193 J0.
X-11.2068 Z-0.0324 I-0.0193 J0.
X-11.1683 Z-0.0427 I0.0193 J0.
X-11.2068 Z-0.053 I-0.0193 J0.
X-11.1683 Z-0.0633 I0.0193 J0.
X-11.2068 Z-0.0736 I-0.0193 J0.
X-11.1683 Z-0.0839 I0.0193 J0.
X-11.2068 Z-0.0942 I-0.0193 J0.
X-11.1683 Z-0.1045 I0.0193 J0.
X-11.2068 Z-0.1148 I-0.0193 J0.
X-11.1683 Z-0.1251 I0.0193 J0.
X-11.2068 Z-0.1354 I-0.0193 J0.
X-11.1687 Y-0.5041 Z-0.145 I0.0193 J0.
X-11.2063 Y-0.4959 I-0.0188 J0.0041
X-11.1687 Y-0.5041 I0.0188 J-0.0041
X-11.176 Y-0.4926 I-0.0094 J0.0021
G1 X-11.1837 Y-0.491
X-11.1867 Y-0.4903 Z-0.1447
X-11.1896 Y-0.4897 Z-0.1438
X-11.1923 Y-0.4891 Z-0.1423
X-11.1946 Y-0.4886 Z-0.1404
X-11.1965 Y-0.4882 Z-0.138
X-11.198 Y-0.4879 Z-0.1353
X-11.1988 Y-0.4877 Z-0.1323
X-11.1991 Y-0.4876 Z-0.1292
G0 Z0.4
X-10.6735 Y-0.4904
Z0.13
G1 Z0.0658 F40.
G18 G3 X-10.6893 Z0.05 I-0.0158 K0.
G1 X-10.6971
G17 G3 X-10.7067 Y-0.5 I0. J-0.0096
X-10.6682 Z0.0397 I0.0193 J0.
X-10.7067 Z0.0294 I-0.0193 J0.
X-10.6682 Z0.0191 I0.0193 J0.
X-10.7067 Z0.0088 I-0.0193 J0.
X-10.6682 Z-0.0015 I0.0193 J0.
X-10.7067 Z-0.0118 I-0.0193 J0.
X-10.6682 Z-0.0221 I0.0193 J0.
X-10.7067 Z-0.0324 I-0.0193 J0.
X-10.6682 Z-0.0427 I0.0193 J0.
X-10.7067 Z-0.053 I-0.0193 J0.
X-10.6682 Z-0.0633 I0.0193 J0.
X-10.7067 Z-0.0736 I-0.0193 J0.
X-10.6682 Z-0.0839 I0.0193 J0.
X-10.7067 Z-0.0942 I-0.0193 J0.
X-10.6682 Z-0.1045 I0.0193 J0.
X-10.7067 Z-0.1148 I-0.0193 J0.
X-10.6682 Z-0.1251 I0.0193 J0.
X-10.7067 Z-0.1354 I-0.0193 J0.
X-10.6687 Y-0.5041 Z-0.145 I0.0193 J0.
X-10.7063 Y-0.4959 I-0.0188 J0.0041
X-10.6687 Y-0.5041 I0.0188 J-0.0041
X-10.676 Y-0.4926 I-0.0094 J0.0021
G1 X-10.6837 Y-0.491
X-10.6867 Y-0.4903 Z-0.1447
X-10.6896 Y-0.4897 Z-0.1438
X-10.6923 Y-0.4891 Z-0.1423
X-10.6946 Y-0.4886 Z-0.1404
X-10.6965 Y-0.4882 Z-0.138
X-10.698 Y-0.4879 Z-0.1353
X-10.6988 Y-0.4877 Z-0.1323
X-10.6991 Y-0.4876 Z-0.1292
G0 Z0.4
X-10.1735 Y-0.4904
Z0.13
G1 Z0.0658 F40.
G18 G3 X-10.1892 Z0.05 I-0.0158 K0.
G1 X-10.1971
G17 G3 X-10.2068 Y-0.5 I0. J-0.0096
X-10.1683 Z0.0397 I0.0193 J0.
X-10.2068 Z0.0294 I-0.0193 J0.
X-10.1683 Z0.0191 I0.0193 J0.
X-10.2068 Z0.0088 I-0.0193 J0.
X-10.1683 Z-0.0015 I0.0193 J0.
X-10.2068 Z-0.0118 I-0.0193 J0.
X-10.1683 Z-0.0221 I0.0193 J0.
X-10.2068 Z-0.0324 I-0.0193 J0.
X-10.1683 Z-0.0427 I0.0193 J0.
X-10.2068 Z-0.053 I-0.0193 J0.
X-10.1683 Z-0.0633 I0.0193 J0.
X-10.2068 Z-0.0736 I-0.0193 J0.
X-10.1683 Z-0.0839 I0.0193 J0.
X-10.2068 Z-0.0942 I-0.0193 J0.
X-10.1683 Z-0.1045 I0.0193 J0.
X-10.2068 Z-0.1148 I-0.0193 J0.
X-10.1683 Z-0.1251 I0.0193 J0.
X-10.2068 Z-0.1354 I-0.0193 J0.
X-10.1687 Y-0.5041 Z-0.145 I0.0193 J0.
X-10.2063 Y-0.4959 I-0.0188 J0.0041
X-10.1687 Y-0.5041 I0.0188 J-0.0041
X-10.176 Y-0.4926 I-0.0094 J0.0021
G1 X-10.1837 Y-0.491
X-10.1867 Y-0.4903 Z-0.1447
X-10.1896 Y-0.4897 Z-0.1438
X-10.1923 Y-0.4891 Z-0.1423
X-10.1946 Y-0.4886 Z-0.1404
X-10.1965 Y-0.4882 Z-0.138
X-10.198 Y-0.4879 Z-0.1353
X-10.1988 Y-0.4877 Z-0.1323
X-10.1991 Y-0.4876 Z-0.1292
G0 Z0.4
X-9.6735 Y-0.4904
Z0.13
G1 Z0.0658 F40.
G18 G3 X-9.6892 Z0.05 I-0.0158 K0.
G1 X-9.6971
G17 G3 X-9.7068 Y-0.5 I0. J-0.0096
X-9.6682 Z0.0397 I0.0193 J0.
X-9.7068 Z0.0294 I-0.0193 J0.
X-9.6682 Z0.0191 I0.0193 J0.
X-9.7068 Z0.0088 I-0.0193 J0.
X-9.6682 Z-0.0015 I0.0193 J0.
X-9.7068 Z-0.0118 I-0.0193 J0.
X-9.6682 Z-0.0221 I0.0193 J0.
X-9.7068 Z-0.0324 I-0.0193 J0.
X-9.6682 Z-0.0427 I0.0193 J0.
X-9.7068 Z-0.053 I-0.0193 J0.
X-9.6682 Z-0.0633 I0.0193 J0.
X-9.7068 Z-0.0736 I-0.0193 J0.
X-9.6682 Z-0.0839 I0.0193 J0.
X-9.7068 Z-0.0942 I-0.0193 J0.
X-9.6682 Z-0.1045 I0.0193 J0.
X-9.7068 Z-0.1148 I-0.0193 J0.
X-9.6682 Z-0.1251 I0.0193 J0.
X-9.7068 Z-0.1354 I-0.0193 J0.
X-9.6687 Y-0.5041 Z-0.145 I0.0193 J0.
X-9.7063 Y-0.4959 I-0.0188 J0.0041
X-9.6687 Y-0.5041 I0.0188 J-0.0041
X-9.676 Y-0.4926 I-0.0094 J0.0021
G1 X-9.6837 Y-0.491
X-9.6867 Y-0.4903 Z-0.1447
X-9.6896 Y-0.4897 Z-0.1438
X-9.6923 Y-0.4891 Z-0.1423
X-9.6946 Y-0.4886 Z-0.1404
X-9.6965 Y-0.4882 Z-0.138
X-9.698 Y-0.4879 Z-0.1353
X-9.6988 Y-0.4877 Z-0.1323
X-9.6991 Y-0.4876 Z-0.1292
G0 Z0.4
X-9.1735 Y-0.4904
Z0.13
G1 Z0.0658 F40.
G18 G3 X-9.1893 Z0.05 I-0.0158 K0.
G1 X-9.1971
G17 G3 X-9.2068 Y-0.5 I0. J-0.0096
X-9.1683 Z0.0397 I0.0193 J0.
X-9.2068 Z0.0294 I-0.0193 J0.
X-9.1683 Z0.0191 I0.0193 J0.
X-9.2068 Z0.0088 I-0.0193 J0.
X-9.1683 Z-0.0015 I0.0193 J0.
X-9.2068 Z-0.0118 I-0.0193 J0.
X-9.1683 Z-0.0221 I0.0193 J0.
X-9.2068 Z-0.0324 I-0.0193 J0.
X-9.1683 Z-0.0427 I0.0193 J0.
X-9.2068 Z-0.053 I-0.0193 J0.
X-9.1682 Z-0.0633 I0.0193 J0.
X-9.2068 Z-0.0736 I-0.0193 J0.
X-9.1682 Z-0.0839 I0.0193 J0.
X-9.2068 Z-0.0942 I-0.0193 J0.
X-9.1682 Z-0.1045 I0.0193 J0.
X-9.2068 Z-0.1148 I-0.0193 J0.
X-9.1682 Z-0.1251 I0.0193 J0.
X-9.2068 Z-0.1354 I-0.0193 J0.
X-9.1687 Y-0.5041 Z-0.145 I0.0193 J0.
X-9.2063 Y-0.4959 I-0.0188 J0.0041
X-9.1687 Y-0.5041 I0.0188 J-0.0041
X-9.176 Y-0.4926 I-0.0094 J0.0021
G1 X-9.1837 Y-0.491
X-9.1867 Y-0.4903 Z-0.1447
X-9.1896 Y-0.4897 Z-0.1438
X-9.1923 Y-0.4891 Z-0.1423
X-9.1946 Y-0.4886 Z-0.1404
X-9.1965 Y-0.4882 Z-0.138
X-9.198 Y-0.4879 Z-0.1353
X-9.1988 Y-0.4877 Z-0.1323
X-9.1991 Y-0.4876 Z-0.1292
G0 Z0.4
X-8.6735 Y-0.4904
Z0.13
G1 Z0.0658 F40.
G18 G3 X-8.6893 Z0.05 I-0.0158 K0.
G1 X-8.6971
G17 G3 X-8.7067 Y-0.5 I0. J-0.0096
X-8.6683 Z0.0397 I0.0192 J0.
X-8.7067 Z0.0294 I-0.0192 J0.
X-8.6683 Z0.0191 I0.0192 J0.
X-8.7067 Z0.0088 I-0.0192 J0.
X-8.6683 Z-0.0015 I0.0192 J0.
X-8.7067 Z-0.0118 I-0.0192 J0.
X-8.6683 Z-0.0221 I0.0192 J0.
X-8.7068 Z-0.0324 I-0.0192 J0.
X-8.6683 Z-0.0427 I0.0192 J0.
X-8.7068 Z-0.053 I-0.0192 J0.
X-8.6683 Z-0.0633 I0.0192 J0.
X-8.7068 Z-0.0736 I-0.0192 J0.
X-8.6683 Z-0.0839 I0.0192 J0.
X-8.7068 Z-0.0942 I-0.0192 J0.
X-8.6683 Z-0.1045 I0.0192 J0.
X-8.7068 Z-0.1148 I-0.0193 J0.
X-8.6683 Z-0.1251 I0.0193 J0.
X-8.7068 Z-0.1354 I-0.0193 J0.
X-8.6687 Y-0.5041 Z-0.145 I0.0193 J0.
X-8.7063 Y-0.4959 I-0.0188 J0.0041
X-8.6687 Y-0.5041 I0.0188 J-0.0041
X-8.676 Y-0.4926 I-0.0094 J0.0021
G1 X-8.6837 Y-0.491
X-8.6867 Y-0.4903 Z-0.1447
X-8.6896 Y-0.4897 Z-0.1438
X-8.6923 Y-0.4891 Z-0.1423
X-8.6946 Y-0.4886 Z-0.1404
X-8.6965 Y-0.4882 Z-0.138
X-8.698 Y-0.4879 Z-0.1353
X-8.6988 Y-0.4877 Z-0.1323
X-8.6991 Y-0.4876 Z-0.1292
G0 Z0.4
X-8.1735 Y-0.4904
Z0.13
G1 Z0.0658 F40.
G18 G3 X-8.1892 Z0.05 I-0.0157 K0.
G1 X-8.1971
G17 G3 X-8.2067 Y-0.5 I0. J-0.0096
X-8.1682 Z0.0397 I0.0193 J0.
X-8.2067 Z0.0294 I-0.0193 J0.
X-8.1682 Z0.0191 I0.0193 J0.
X-8.2067 Z0.0088 I-0.0193 J0.
X-8.1682 Z-0.0015 I0.0192 J0.
X-8.2067 Z-0.0118 I-0.0192 J0.
X-8.1682 Z-0.0221 I0.0192 J0.
X-8.2067 Z-0.0324 I-0.0192 J0.
X-8.1682 Z-0.0427 I0.0192 J0.
X-8.2067 Z-0.053 I-0.0192 J0.
X-8.1682 Z-0.0633 I0.0192 J0.
X-8.2067 Z-0.0736 I-0.0192 J0.
X-8.1683 Z-0.0839 I0.0192 J0.
X-8.2067 Z-0.0942 I-0.0192 J0.
X-8.1683 Z-0.1045 I0.0192 J0.
X-8.2067 Z-0.1148 I-0.0192 J0.
X-8.1683 Z-0.1251 I0.0192 J0.
X-8.2067 Z-0.1354 I-0.0192 J0.
X-8.1687 Y-0.5041 Z-0.145 I0.0192 J0.
X-8.2063 Y-0.4959 I-0.0188 J0.0041
X-8.1687 Y-0.5041 I0.0188 J-0.0041
X-8.176 Y-0.4926 I-0.0094 J0.0021
G1 X-8.1837 Y-0.491
X-8.1867 Y-0.4903 Z-0.1447
X-8.1896 Y-0.4897 Z-0.1438
X-8.1923 Y-0.4891 Z-0.1423
X-8.1946 Y-0.4886 Z-0.1404
X-8.1965 Y-0.4882 Z-0.138
X-8.198 Y-0.4879 Z-0.1353
X-8.1988 Y-0.4877 Z-0.1323
X-8.1991 Y-0.4876 Z-0.1292
G0 Z0.4
X-7.6735 Y-0.4904
Z0.13
G1 Z0.0658 F40.
G18 G3 X-7.6892 Z0.05 I-0.0157 K0.
G1 X-7.6971
G17 G3 X-7.7067 Y-0.5 I0. J-0.0096
X-7.6682 Z0.0397 I0.0193 J0.
X-7.7067 Z0.0294 I-0.0193 J0.
X-7.6682 Z0.0191 I0.0193 J0.
X-7.7067 Z0.0088 I-0.0193 J0.
X-7.6682 Z-0.0015 I0.0193 J0.
X-7.7067 Z-0.0118 I-0.0193 J0.
X-7.6682 Z-0.0221 I0.0193 J0.
X-7.7067 Z-0.0324 I-0.0193 J0.
X-7.6682 Z-0.0427 I0.0193 J0.
X-7.7067 Z-0.053 I-0.0193 J0.
X-7.6682 Z-0.0633 I0.0193 J0.
X-7.7068 Z-0.0736 I-0.0193 J0.
X-7.6682 Z-0.0839 I0.0193 J0.
X-7.7068 Z-0.0942 I-0.0193 J0.
X-7.6682 Z-0.1045 I0.0193 J0.
X-7.7068 Z-0.1148 I-0.0193 J0.
X-7.6682 Z-0.1251 I0.0193 J0.
X-7.7068 Z-0.1354 I-0.0193 J0.
X-7.6687 Y-0.5041 Z-0.145 I0.0193 J0.
X-7.7063 Y-0.4959 I-0.0188 J0.0041
X-7.6687 Y-0.5041 I0.0188 J-0.0041
X-7.676 Y-0.4926 I-0.0094 J0.0021
G1 X-7.6837 Y-0.491
X-7.6867 Y-0.4903 Z-0.1447
X-7.6896 Y-0.4897 Z-0.1438
X-7.6923 Y-0.4891 Z-0.1423
X-7.6946 Y-0.4886 Z-0.1404
X-7.6965 Y-0.4882 Z-0.138
X-7.698 Y-0.4879 Z-0.1353
X-7.6988 Y-0.4877 Z-0.1323
X-7.6991 Y-0.4876 Z-0.1292
G0 Z0.4
X-7.1735 Y-0.4904
Z0.13
G1 Z0.0658 F40.
G18 G3 X-7.1892 Z0.05 I-0.0158 K0.
G1 X-7.1971
G17 G3 X-7.2068 Y-0.5 I0. J-0.0096
X-7.1682 Z0.0397 I0.0193 J0.
X-7.2068 Z0.0294 I-0.0193 J0.
X-7.1682 Z0.0191 I0.0193 J0.
X-7.2068 Z0.0088 I-0.0193 J0.
X-7.1682 Z-0.0015 I0.0193 J0.
X-7.2068 Z-0.0118 I-0.0193 J0.
X-7.1682 Z-0.0221 I0.0193 J0.
X-7.2068 Z-0.0324 I-0.0193 J0.
X-7.1682 Z-0.0427 I0.0193 J0.
X-7.2068 Z-0.053 I-0.0193 J0.
X-7.1682 Z-0.0633 I0.0193 J0.
X-7.2068 Z-0.0736 I-0.0193 J0.
X-7.1682 Z-0.0839 I0.0193 J0.
X-7.2068 Z-0.0942 I-0.0193 J0.
X-7.1682 Z-0.1045 I0.0193 J0.
X-7.2068 Z-0.1148 I-0.0193 J0.
X-7.1682 Z-0.1251 I0.0193 J0.
X-7.2068 Z-0.1354 I-0.0193 J0.
X-7.1687 Y-0.5041 Z-0.145 I0.0193 J0.
X-7.2063 Y-0.4959 I-0.0188 J0.0041
X-7.1687 Y-0.5041 I0.0188 J-0.0041
X-7.176 Y-0.4926 I-0.0094 J0.0021
G1 X-7.1837 Y-0.491
X-7.1867 Y-0.4903 Z-0.1447
X-7.1896 Y-0.4897 Z-0.1438
X-7.1923 Y-0.4891 Z-0.1423
X-7.1946 Y-0.4886 Z-0.1404
X-7.1965 Y-0.4882 Z-0.138
X-7.198 Y-0.4879 Z-0.1353
X-7.1988 Y-0.4877 Z-0.1323
X-7.1991 Y-0.4876 Z-0.1292
G0 Z0.4
X-6.6735 Y-0.4904
Z0.13
G1 Z0.0658 F40.
G18 G3 X-6.6893 Z0.05 I-0.0158 K0.
G1 X-6.6971
G17 G3 X-6.7068 Y-0.5 I0. J-0.0096
X-6.6683 Z0.0397 I0.0193 J0.
X-6.7068 Z0.0294 I-0.0193 J0.
X-6.6683 Z0.0191 I0.0193 J0.
X-6.7068 Z0.0088 I-0.0193 J0.
X-6.6683 Z-0.0015 I0.0193 J0.
X-6.7068 Z-0.0118 I-0.0193 J0.
X-6.6683 Z-0.0221 I0.0193 J0.
X-6.7068 Z-0.0324 I-0.0193 J0.
X-6.6683 Z-0.0427 I0.0193 J0.
X-6.7068 Z-0.053 I-0.0193 J0.
X-6.6682 Z-0.0633 I0.0193 J0.
X-6.7068 Z-0.0736 I-0.0193 J0.
X-6.6682 Z-0.0839 I0.0193 J0.
X-6.7068 Z-0.0942 I-0.0193 J0.
X-6.6682 Z-0.1045 I0.0193 J0.
X-6.7068 Z-0.1148 I-0.0193 J0.
X-6.6682 Z-0.1251 I0.0193 J0.
X-6.7068 Z-0.1354 I-0.0193 J0.
X-6.6687 Y-0.5041 Z-0.145 I0.0193 J0.
X-6.7063 Y-0.4959 I-0.0188 J0.0041
X-6.6687 Y-0.5041 I0.0188 J-0.0041
X-6.676 Y-0.4926 I-0.0094 J0.0021
G1 X-6.6837 Y-0.491
X-6.6867 Y-0.4903 Z-0.1447
X-6.6896 Y-0.4897 Z-0.1438
X-6.6923 Y-0.4891 Z-0.1423
X-6.6946 Y-0.4886 Z-0.1404
X-6.6965 Y-0.4882 Z-0.138
X-6.698 Y-0.4879 Z-0.1353
X-6.6988 Y-0.4877 Z-0.1323
X-6.6991 Y-0.4876 Z-0.1292
G0 Z0.4
X-6.1735 Y-0.4904
Z0.13
G1 Z0.0658 F40.
G18 G3 X-6.1893 Z0.05 I-0.0158 K0.
G1 X-6.1971
G17 G3 X-6.2067 Y-0.5 I0. J-0.0096
X-6.1683 Z0.0397 I0.0192 J0.
X-6.2067 Z0.0294 I-0.0192 J0.
X-6.1683 Z0.0191 I0.0192 J0.
X-6.2067 Z0.0088 I-0.0192 J0.
X-6.1683 Z-0.0015 I0.0192 J0.
X-6.2067 Z-0.0118 I-0.0192 J0.
X-6.1683 Z-0.0221 I0.0192 J0.
X-6.2068 Z-0.0324 I-0.0192 J0.
X-6.1683 Z-0.0427 I0.0192 J0.
X-6.2068 Z-0.053 I-0.0192 J0.
X-6.1683 Z-0.0633 I0.0192 J0.
X-6.2068 Z-0.0736 I-0.0192 J0.
X-6.1683 Z-0.0839 I0.0192 J0.
X-6.2068 Z-0.0942 I-0.0192 J0.
X-6.1683 Z-0.1045 I0.0192 J0.
X-6.2068 Z-0.1148 I-0.0193 J0.
X-6.1683 Z-0.1251 I0.0193 J0.
X-6.2068 Z-0.1354 I-0.0193 J0.
X-6.1687 Y-0.5041 Z-0.145 I0.0193 J0.
X-6.2063 Y-0.4959 I-0.0188 J0.0041
X-6.1687 Y-0.5041 I0.0188 J-0.0041
X-6.176 Y-0.4926 I-0.0094 J0.0021
G1 X-6.1837 Y-0.491
X-6.1867 Y-0.4903 Z-0.1447
X-6.1896 Y-0.4897 Z-0.1438
X-6.1923 Y-0.4891 Z-0.1423
X-6.1946 Y-0.4886 Z-0.1404
X-6.1965 Y-0.4882 Z-0.138
X-6.198 Y-0.4879 Z-0.1353
X-6.1988 Y-0.4877 Z-0.1323
X-6.1991 Y-0.4876 Z-0.1292
G0 Z0.4
X-5.6735 Y-0.4904
Z0.13
G1 Z0.0658 F40.
G18 G3 X-5.6892 Z0.05 I-0.0157 K0.
G1 X-5.6971
G17 G3 X-5.7067 Y-0.5 I0. J-0.0096
X-5.6682 Z0.0397 I0.0193 J0.
X-5.7067 Z0.0294 I-0.0193 J0.
X-5.6682 Z0.0191 I0.0193 J0.
X-5.7067 Z0.0088 I-0.0193 J0.
X-5.6682 Z-0.0015 I0.0192 J0.
X-5.7067 Z-0.0118 I-0.0192 J0.
X-5.6682 Z-0.0221 I0.0192 J0.
X-5.7067 Z-0.0324 I-0.0192 J0.
X-5.6682 Z-0.0427 I0.0192 J0.
X-5.7067 Z-0.053 I-0.0192 J0.
X-5.6682 Z-0.0633 I0.0192 J0.
X-5.7067 Z-0.0736 I-0.0192 J0.
X-5.6683 Z-0.0839 I0.0192 J0.
X-5.7067 Z-0.0942 I-0.0192 J0.
X-5.6683 Z-0.1045 I0.0192 J0.
X-5.7067 Z-0.1148 I-0.0192 J0.
X-5.6683 Z-0.1251 I0.0192 J0.
X-5.7067 Z-0.1354 I-0.0192 J0.
X-5.6687 Y-0.5041 Z-0.145 I0.0192 J0.
X-5.7063 Y-0.4959 I-0.0188 J0.0041
X-5.6687 Y-0.5041 I0.0188 J-0.0041
X-5.676 Y-0.4926 I-0.0094 J0.0021
G1 X-5.6837 Y-0.491
X-5.6867 Y-0.4903 Z-0.1447
X-5.6896 Y-0.4897 Z-0.1438
X-5.6923 Y-0.4891 Z-0.1423
X-5.6946 Y-0.4886 Z-0.1404
X-5.6965 Y-0.4882 Z-0.138
X-5.698 Y-0.4879 Z-0.1353
X-5.6988 Y-0.4877 Z-0.1323
X-5.6991 Y-0.4876 Z-0.1292
G0 Z0.4
X-5.1735 Y-0.4904
Z0.13
G1 Z0.0658 F40.
G18 G3 X-5.1892 Z0.05 I-0.0157 K0.
G1 X-5.1971
G17 G3 X-5.2067 Y-0.5 I0. J-0.0096
X-5.1682 Z0.0397 I0.0193 J0.
X-5.2067 Z0.0294 I-0.0193 J0.
X-5.1682 Z0.0191 I0.0193 J0.
X-5.2067 Z0.0088 I-0.0193 J0.
X-5.1682 Z-0.0015 I0.0193 J0.
X-5.2067 Z-0.0118 I-0.0193 J0.
X-5.1682 Z-0.0221 I0.0193 J0.
X-5.2067 Z-0.0324 I-0.0193 J0.
X-5.1682 Z-0.0427 I0.0193 J0.
X-5.2067 Z-0.053 I-0.0193 J0.
X-5.1682 Z-0.0633 I0.0193 J0.
X-5.2068 Z-0.0736 I-0.0193 J0.
X-5.1682 Z-0.0839 I0.0193 J0.
X-5.2068 Z-0.0942 I-0.0193 J0.
X-5.1682 Z-0.1045 I0.0193 J0.
X-5.2068 Z-0.1148 I-0.0193 J0.
X-5.1682 Z-0.1251 I0.0193 J0.
X-5.2068 Z-0.1354 I-0.0193 J0.
X-5.1687 Y-0.5041 Z-0.145 I0.0193 J0.
X-5.2063 Y-0.4959 I-0.0188 J0.0041
X-5.1687 Y-0.5041 I0.0188 J-0.0041
X-5.176 Y-0.4926 I-0.0094 J0.0021
G1 X-5.1837 Y-0.491
X-5.1867 Y-0.4903 Z-0.1447
X-5.1896 Y-0.4897 Z-0.1438
X-5.1923 Y-0.4891 Z-0.1423
X-5.1946 Y-0.4886 Z-0.1404
X-5.1965 Y-0.4882 Z-0.138
X-5.198 Y-0.4879 Z-0.1353
X-5.1988 Y-0.4877 Z-0.1323
X-5.1991 Y-0.4876 Z-0.1292
G0 Z0.4
X-4.6735 Y-0.4904
Z0.13
G1 Z0.0658 F40.
G18 G3 X-4.6892 Z0.05 I-0.0157 K0.
G1 X-4.6971
G17 G3 X-4.7068 Y-0.5 I0. J-0.0096
X-4.6682 Z0.0397 I0.0193 J0.
X-4.7068 Z0.0294 I-0.0193 J0.
X-4.6682 Z0.0191 I0.0193 J0.
X-4.7068 Z0.0088 I-0.0193 J0.
X-4.6682 Z-0.0015 I0.0193 J0.
X-4.7068 Z-0.0118 I-0.0193 J0.
X-4.6682 Z-0.0221 I0.0193 J0.
X-4.7068 Z-0.0324 I-0.0193 J0.
X-4.6682 Z-0.0427 I0.0193 J0.
X-4.7068 Z-0.053 I-0.0193 J0.
X-4.6682 Z-0.0633 I0.0193 J0.
X-4.7068 Z-0.0736 I-0.0193 J0.
X-4.6682 Z-0.0839 I0.0193 J0.
X-4.7068 Z-0.0942 I-0.0193 J0.
X-4.6682 Z-0.1045 I0.0193 J0.
X-4.7068 Z-0.1148 I-0.0193 J0.
X-4.6682 Z-0.1251 I0.0193 J0.
X-4.7068 Z-0.1354 I-0.0193 J0.
X-4.6687 Y-0.5041 Z-0.145 I0.0193 J0.
X-4.7063 Y-0.4959 I-0.0188 J0.0041
X-4.6687 Y-0.5041 I0.0188 J-0.0041
X-4.676 Y-0.4926 I-0.0094 J0.0021
G1 X-4.6837 Y-0.491
X-4.6867 Y-0.4903 Z-0.1447
X-4.6896 Y-0.4897 Z-0.1438
X-4.6923 Y-0.4891 Z-0.1423
X-4.6946 Y-0.4886 Z-0.1404
X-4.6965 Y-0.4882 Z-0.138
X-4.698 Y-0.4879 Z-0.1353
X-4.6988 Y-0.4877 Z-0.1323
X-4.6991 Y-0.4876 Z-0.1292
G0 Z0.4
X-4.1735 Y-0.4904
Z0.13
G1 Z0.0658 F40.
G18 G3 X-4.1893 Z0.05 I-0.0158 K0.
G1 X-4.1971
G17 G3 X-4.2067 Y-0.5 I0. J-0.0096
X-4.1683 Z0.0397 I0.0192 J0.
X-4.2067 Z0.0294 I-0.0192 J0.
X-4.1683 Z0.0191 I0.0192 J0.
X-4.2067 Z0.0088 I-0.0192 J0.
X-4.1683 Z-0.0015 I0.0192 J0.
X-4.2068 Z-0.0118 I-0.0192 J0.
X-4.1683 Z-0.0221 I0.0192 J0.
X-4.2068 Z-0.0324 I-0.0192 J0.
X-4.1683 Z-0.0427 I0.0192 J0.
X-4.2068 Z-0.053 I-0.0192 J0.
X-4.1683 Z-0.0633 I0.0192 J0.
X-4.2068 Z-0.0736 I-0.0192 J0.
X-4.1683 Z-0.0839 I0.0193 J0.
X-4.2068 Z-0.0942 I-0.0193 J0.
X-4.1683 Z-0.1045 I0.0193 J0.
X-4.2068 Z-0.1148 I-0.0193 J0.
X-4.1683 Z-0.1251 I0.0193 J0.
X-4.2068 Z-0.1354 I-0.0193 J0.
X-4.1687 Y-0.5041 Z-0.145 I0.0193 J0.
X-4.2063 Y-0.4959 I-0.0188 J0.0041
X-4.1687 Y-0.5041 I0.0188 J-0.0041
X-4.176 Y-0.4926 I-0.0094 J0.0021
G1 X-4.1837 Y-0.491
X-4.1867 Y-0.4903 Z-0.1447
X-4.1896 Y-0.4897 Z-0.1438
X-4.1923 Y-0.4891 Z-0.1423
X-4.1946 Y-0.4886 Z-0.1404
X-4.1965 Y-0.4882 Z-0.138
X-4.198 Y-0.4879 Z-0.1353
X-4.1988 Y-0.4877 Z-0.1323
X-4.1991 Y-0.4876 Z-0.1292
G0 Z0.4
X-3.6735 Y-0.4904
Z0.13
G1 Z0.0658 F40.
G18 G3 X-3.6892 Z0.05 I-0.0157 K0.
G1 X-3.6971
G17 G3 X-3.7068 Y-0.5 I0. J-0.0096
X-3.6682 Z0.0397 I0.0193 J0.
X-3.7068 Z0.0294 I-0.0193 J0.
X-3.6682 Z0.0191 I0.0193 J0.
X-3.7067 Z0.0088 I-0.0193 J0.
X-3.6682 Z-0.0015 I0.0193 J0.
X-3.7067 Z-0.0118 I-0.0193 J0.
X-3.6682 Z-0.0221 I0.0193 J0.
X-3.7067 Z-0.0324 I-0.0193 J0.
X-3.6682 Z-0.0427 I0.0192 J0.
X-3.7067 Z-0.053 I-0.0192 J0.
X-3.6682 Z-0.0633 I0.0192 J0.
X-3.7067 Z-0.0736 I-0.0192 J0.
X-3.6683 Z-0.0839 I0.0192 J0.
X-3.7067 Z-0.0942 I-0.0192 J0.
X-3.6683 Z-0.1045 I0.0192 J0.
X-3.7067 Z-0.1148 I-0.0192 J0.
X-3.6683 Z-0.1251 I0.0192 J0.
X-3.7067 Z-0.1354 I-0.0192 J0.
X-3.6687 Y-0.5041 Z-0.145 I0.0192 J0.
X-3.7063 Y-0.4959 I-0.0188 J0.0041
X-3.6687 Y-0.5041 I0.0188 J-0.0041
X-3.676 Y-0.4926 I-0.0094 J0.0021
G1 X-3.6837 Y-0.491
X-3.6867 Y-0.4903 Z-0.1447
X-3.6896 Y-0.4897 Z-0.1438
X-3.6923 Y-0.4891 Z-0.1423
X-3.6946 Y-0.4886 Z-0.1404
X-3.6965 Y-0.4882 Z-0.138
X-3.698 Y-0.4879 Z-0.1353
X-3.6988 Y-0.4877 Z-0.1323
X-3.6991 Y-0.4876 Z-0.1292
G0 Z0.4
X-3.1735 Y-0.4904
Z0.13
G1 Z0.0658 F40.
G18 G3 X-3.1893 Z0.05 I-0.0157 K0.
G1 X-3.1971
G17 G3 X-3.2067 Y-0.5 I0. J-0.0096
X-3.1683 Z0.0397 I0.0192 J0.
X-3.2067 Z0.0294 I-0.0192 J0.
X-3.1683 Z0.0191 I0.0192 J0.
X-3.2067 Z0.0088 I-0.0192 J0.
X-3.1683 Z-0.0015 I0.0192 J0.
X-3.2067 Z-0.0118 I-0.0192 J0.
X-3.1683 Z-0.0221 I0.0192 J0.
X-3.2068 Z-0.0324 I-0.0192 J0.
X-3.1683 Z-0.0427 I0.0192 J0.
X-3.2068 Z-0.053 I-0.0192 J0.
X-3.1683 Z-0.0633 I0.0192 J0.
X-3.2068 Z-0.0736 I-0.0192 J0.
X-3.1683 Z-0.0839 I0.0193 J0.
X-3.2068 Z-0.0942 I-0.0193 J0.
X-3.1682 Z-0.1045 I0.0193 J0.
X-3.2068 Z-0.1148 I-0.0193 J0.
X-3.1682 Z-0.1251 I0.0193 J0.
X-3.2068 Z-0.1354 I-0.0193 J0.
X-3.1687 Y-0.5041 Z-0.145 I0.0193 J0.
X-3.2063 Y-0.4959 I-0.0188 J0.0041
X-3.1687 Y-0.5041 I0.0188 J-0.0041
X-3.176 Y-0.4926 I-0.0094 J0.0021
G1 X-3.1837 Y-0.491
X-3.1867 Y-0.4903 Z-0.1447
X-3.1896 Y-0.4897 Z-0.1438
X-3.1923 Y-0.4891 Z-0.1423
X-3.1946 Y-0.4886 Z-0.1404
X-3.1965 Y-0.4882 Z-0.138
X-3.198 Y-0.4879 Z-0.1353
X-3.1988 Y-0.4877 Z-0.1323
X-3.1991 Y-0.4876 Z-0.1292
G0 Z0.4
X-2.6735 Y-0.4904
Z0.13
G1 Z0.0658 F40.
G18 G3 X-2.6893 Z0.05 I-0.0158 K0.
G1 X-2.6971
G17 G3 X-2.7067 Y-0.5 I0. J-0.0096
X-2.6682 Z0.0397 I0.0193 J0.
X-2.7067 Z0.0294 I-0.0193 J0.
X-2.6682 Z0.0191 I0.0193 J0.
X-2.7067 Z0.0088 I-0.0193 J0.
X-2.6682 Z-0.0015 I0.0193 J0.
X-2.7067 Z-0.0118 I-0.0193 J0.
X-2.6682 Z-0.0221 I0.0193 J0.
X-2.7067 Z-0.0324 I-0.0193 J0.
X-2.6682 Z-0.0427 I0.0192 J0.
X-2.7067 Z-0.053 I-0.0192 J0.
X-2.6682 Z-0.0633 I0.0192 J0.
X-2.7067 Z-0.0736 I-0.0192 J0.
X-2.6682 Z-0.0839 I0.0192 J0.
X-2.7067 Z-0.0942 I-0.0192 J0.
X-2.6682 Z-0.1045 I0.0192 J0.
X-2.7067 Z-0.1148 I-0.0192 J0.
X-2.6683 Z-0.1251 I0.0192 J0.
X-2.7067 Z-0.1354 I-0.0192 J0.
X-2.6687 Y-0.5041 Z-0.145 I0.0192 J0.
X-2.7063 Y-0.4959 I-0.0188 J0.0041
X-2.6687 Y-0.5041 I0.0188 J-0.0041
X-2.676 Y-0.4926 I-0.0094 J0.0021
G1 X-2.6837 Y-0.491
X-2.6867 Y-0.4903 Z-0.1447
X-2.6896 Y-0.4897 Z-0.1438
X-2.6923 Y-0.4891 Z-0.1423
X-2.6946 Y-0.4886 Z-0.1404
X-2.6965 Y-0.4882 Z-0.138
X-2.698 Y-0.4879 Z-0.1353
X-2.6988 Y-0.4877 Z-0.1323
X-2.6991 Y-0.4876 Z-0.1292
G0 Z0.4
X-2.1735 Y-0.4904
Z0.13
G1 Z0.0658 F40.
G18 G3 X-2.1892 Z0.05 I-0.0157 K0.
G1 X-2.1971
G17 G3 X-2.2067 Y-0.5 I0. J-0.0096
X-2.1683 Z0.0397 I0.0192 J0.
X-2.2067 Z0.0294 I-0.0192 J0.
X-2.1683 Z0.0191 I0.0192 J0.
X-2.2067 Z0.0088 I-0.0192 J0.
X-2.1683 Z-0.0015 I0.0192 J0.
X-2.2067 Z-0.0118 I-0.0192 J0.
X-2.1683 Z-0.0221 I0.0192 J0.
X-2.2067 Z-0.0324 I-0.0192 J0.
X-2.1683 Z-0.0427 I0.0192 J0.
X-2.2067 Z-0.053 I-0.0192 J0.
X-2.1683 Z-0.0633 I0.0192 J0.
X-2.2067 Z-0.0736 I-0.0192 J0.
X-2.1683 Z-0.0839 I0.0192 J0.
X-2.2067 Z-0.0942 I-0.0192 J0.
X-2.1683 Z-0.1045 I0.0192 J0.
X-2.2067 Z-0.1148 I-0.0192 J0.
X-2.1683 Z-0.1251 I0.0192 J0.
X-2.2067 Z-0.1354 I-0.0192 J0.
X-2.1687 Y-0.5041 Z-0.145 I0.0192 J0.
X-2.2063 Y-0.4959 I-0.0188 J0.0041
X-2.1687 Y-0.5041 I0.0188 J-0.0041
X-2.176 Y-0.4926 I-0.0094 J0.0021
G1 X-2.1837 Y-0.491
X-2.1867 Y-0.4903 Z-0.1447
X-2.1896 Y-0.4897 Z-0.1438
X-2.1923 Y-0.4891 Z-0.1423
X-2.1946 Y-0.4886 Z-0.1404
X-2.1965 Y-0.4882 Z-0.138
X-2.198 Y-0.4879 Z-0.1353
X-2.1988 Y-0.4877 Z-0.1323
X-2.1991 Y-0.4876 Z-0.1292
G0 Z0.4
X-1.6735 Y-0.4904
Z0.13
G1 Z0.0658 F40.
G18 G3 X-1.6893 Z0.05 I-0.0158 K0.
G1 X-1.6971
G17 G3 X-1.7068 Y-0.5 I0. J-0.0096
X-1.6682 Z0.0397 I0.0193 J0.
X-1.7068 Z0.0294 I-0.0193 J0.
X-1.6682 Z0.0191 I0.0193 J0.
X-1.7068 Z0.0088 I-0.0193 J0.
X-1.6682 Z-0.0015 I0.0193 J0.
X-1.7068 Z-0.0118 I-0.0193 J0.
X-1.6682 Z-0.0221 I0.0193 J0.
X-1.7068 Z-0.0324 I-0.0193 J0.
X-1.6682 Z-0.0427 I0.0193 J0.
X-1.7068 Z-0.053 I-0.0193 J0.
X-1.6682 Z-0.0633 I0.0193 J0.
X-1.7067 Z-0.0736 I-0.0193 J0.
X-1.6682 Z-0.0839 I0.0193 J0.
X-1.7067 Z-0.0942 I-0.0193 J0.
X-1.6682 Z-0.1045 I0.0193 J0.
X-1.7067 Z-0.1148 I-0.0193 J0.
X-1.6682 Z-0.1251 I0.0193 J0.
X-1.7067 Z-0.1354 I-0.0192 J0.
X-1.6687 Y-0.5041 Z-0.145 I0.0192 J0.
X-1.7063 Y-0.4959 I-0.0188 J0.0041
X-1.6687 Y-0.5041 I0.0188 J-0.0041
X-1.676 Y-0.4926 I-0.0094 J0.0021
G1 X-1.6837 Y-0.491
X-1.6867 Y-0.4903 Z-0.1447
X-1.6896 Y-0.4897 Z-0.1438
X-1.6923 Y-0.4891 Z-0.1423
X-1.6946 Y-0.4886 Z-0.1404
X-1.6965 Y-0.4882 Z-0.138
X-1.698 Y-0.4879 Z-0.1353
X-1.6988 Y-0.4877 Z-0.1323
X-1.6991 Y-0.4876 Z-0.1292
G0 Z0.4
X-1.1735 Y-0.4904
Z0.13
G1 Z0.0658 F40.
G18 G3 X-1.1892 Z0.05 I-0.0157 K0.
G1 X-1.1971
G17 G3 X-1.2067 Y-0.5 I0. J-0.0096
X-1.1683 Z0.0397 I0.0192 J0.
X-1.2067 Z0.0294 I-0.0192 J0.
X-1.1683 Z0.0191 I0.0192 J0.
X-1.2067 Z0.0088 I-0.0192 J0.
X-1.1683 Z-0.0015 I0.0192 J0.
X-1.2067 Z-0.0118 I-0.0192 J0.
X-1.1683 Z-0.0221 I0.0192 J0.
X-1.2067 Z-0.0324 I-0.0192 J0.
X-1.1683 Z-0.0427 I0.0192 J0.
X-1.2067 Z-0.053 I-0.0192 J0.
X-1.1683 Z-0.0633 I0.0192 J0.
X-1.2067 Z-0.0736 I-0.0192 J0.
X-1.1683 Z-0.0839 I0.0192 J0.
X-1.2067 Z-0.0942 I-0.0192 J0.
X-1.1683 Z-0.1045 I0.0192 J0.
X-1.2067 Z-0.1148 I-0.0192 J0.
X-1.1683 Z-0.1251 I0.0192 J0.
X-1.2067 Z-0.1354 I-0.0192 J0.
X-1.1687 Y-0.5041 Z-0.145 I0.0192 J0.
X-1.2063 Y-0.4959 I-0.0188 J0.0041
X-1.1687 Y-0.5041 I0.0188 J-0.0041
X-1.176 Y-0.4926 I-0.0094 J0.0021
G1 X-1.1837 Y-0.491
X-1.1867 Y-0.4903 Z-0.1447
X-1.1896 Y-0.4897 Z-0.1438
X-1.1923 Y-0.4891 Z-0.1423
X-1.1946 Y-0.4886 Z-0.1404
X-1.1965 Y-0.4882 Z-0.138
X-1.198 Y-0.4879 Z-0.1353
X-1.1988 Y-0.4877 Z-0.1323
X-1.1991 Y-0.4876 Z-0.1292
G0 Z0.4
X-0.6735 Y-0.4904
Z0.13
G1 Z0.0658 F40.
G18 G3 X-0.6893 Z0.05 I-0.0158 K0.
G1 X-0.6971
G17 G3 X-0.7068 Y-0.5 I0. J-0.0096
X-0.6682 Z0.0397 I0.0193 J0.
X-0.7068 Z0.0294 I-0.0193 J0.
X-0.6682 Z0.0191 I0.0193 J0.
X-0.7068 Z0.0088 I-0.0193 J0.
X-0.6682 Z-0.0015 I0.0193 J0.
X-0.7068 Z-0.0118 I-0.0193 J0.
X-0.6682 Z-0.0221 I0.0193 J0.
X-0.7067 Z-0.0324 I-0.0193 J0.
X-0.6682 Z-0.0427 I0.0193 J0.
X-0.7067 Z-0.053 I-0.0193 J0.
X-0.6682 Z-0.0633 I0.0193 J0.
X-0.7067 Z-0.0736 I-0.0193 J0.
X-0.6682 Z-0.0839 I0.0193 J0.
X-0.7067 Z-0.0942 I-0.0192 J0.
X-0.6682 Z-0.1045 I0.0192 J0.
X-0.7067 Z-0.1148 I-0.0192 J0.
X-0.6682 Z-0.1251 I0.0192 J0.
X-0.7067 Z-0.1354 I-0.0192 J0.
X-0.6687 Y-0.5041 Z-0.145 I0.0192 J0.
X-0.7063 Y-0.4959 I-0.0188 J0.0041
X-0.6687 Y-0.5041 I0.0188 J-0.0041
X-0.676 Y-0.4926 I-0.0094 J0.0021
G1 X-0.6837 Y-0.491
X-0.6867 Y-0.4903 Z-0.1447
X-0.6896 Y-0.4897 Z-0.1438
X-0.6923 Y-0.4891 Z-0.1423
X-0.6946 Y-0.4886 Z-0.1404
X-0.6965 Y-0.4882 Z-0.138
X-0.698 Y-0.4879 Z-0.1353
X-0.6988 Y-0.4877 Z-0.1323
X-0.6991 Y-0.4876 Z-0.1292
G0 Z0.4
X-0.1735 Y-0.4904
Z0.13
G1 Z0.0658 F40.
G18 G3 X-0.1893 Z0.05 I-0.0158 K0.
G1 X-0.1971
G17 G3 X-0.2068 Y-0.5 I0. J-0.0096
X-0.1682 Z0.0397 I0.0193 J0.
X-0.2068 Z0.0294 I-0.0193 J0.
X-0.1682 Z0.0191 I0.0193 J0.
X-0.2068 Z0.0088 I-0.0193 J0.
X-0.1682 Z-0.0015 I0.0193 J0.
X-0.2068 Z-0.0118 I-0.0193 J0.
X-0.1682 Z-0.0221 I0.0193 J0.
X-0.2067 Z-0.0324 I-0.0193 J0.
X-0.1682 Z-0.0427 I0.0193 J0.
X-0.2067 Z-0.053 I-0.0193 J0.
X-0.1682 Z-0.0633 I0.0193 J0.
X-0.2067 Z-0.0736 I-0.0193 J0.
X-0.1682 Z-0.0839 I0.0193 J0.
X-0.2067 Z-0.0942 I-0.0193 J0.
X-0.1682 Z-0.1045 I0.0193 J0.
X-0.2067 Z-0.1148 I-0.0193 J0.
X-0.1682 Z-0.1251 I0.0193 J0.
X-0.2067 Z-0.1354 I-0.0193 J0.
X-0.1687 Y-0.5041 Z-0.145 I0.0193 J0.
X-0.2063 Y-0.4959 I-0.0188 J0.0041
X-0.1687 Y-0.5041 I0.0188 J-0.0041
X-0.176 Y-0.4926 I-0.0094 J0.0021
G1 X-0.1837 Y-0.491
X-0.1867 Y-0.4903 Z-0.1447
X-0.1896 Y-0.4897 Z-0.1438
X-0.1923 Y-0.4891 Z-0.1423
X-0.1946 Y-0.4886 Z-0.1404
X-0.1965 Y-0.4882 Z-0.138
X-0.198 Y-0.4879 Z-0.1353
X-0.1988 Y-0.4877 Z-0.1323
X-0.1991 Y-0.4876 Z-0.1292
G0 Z0.6
(TUBE CUTOFF 3)
M7
G0 X-37.0712 Y-0.1895
Z0.6
Z0.2
G1 Z0.1 F13.333
Y-0.16 Z0.0948 F40.
Y-0.84 Z-0.0251
Y-0.16 Z-0.145
Y-0.84 F55.
G0 Z0.4
Y-0.8105
Z0.2
G1 Z0.1 F13.333
Y-0.84 Z0.0948 F40.
Y-0.16 Z-0.0251
Y-0.84 Z-0.145
Y-0.16 F55.
G0 Z0.4
X-37.0288 Y-0.1895
Z0.2
G1 Z0.1 F13.333
Y-0.16 Z0.0948 F40.
Y-0.84 Z-0.0251
Y-0.16 Z-0.145
Y-0.84 F55.
G0 Z0.4
Y-0.8105
Z0.2
G1 Z0.1 F13.333
Y-0.84 Z0.0948 F40.
Y-0.16 Z-0.0251
Y-0.84 Z-0.145
Y-0.16 F55.
G0 Z0.4
X-20.9962 Y-0.1895
Z0.2
G1 Z0.1 F13.333
Y-0.16 Z0.0948 F40.
Y-0.84 Z-0.0251
Y-0.16 Z-0.145
Y-0.84 F55.
G0 Z0.4
Y-0.8105
Z0.2
G1 Z0.1 F13.333
Y-0.84 Z0.0948 F40.
Y-0.16 Z-0.0251
Y-0.84 Z-0.145
Y-0.16 F55.
G0 Z0.4
X-20.9537 Y-0.1895
Z0.2
G1 Z0.1 F13.333
Y-0.16 Z0.0948 F40.
Y-0.84 Z-0.0251
Y-0.16 Z-0.145
Y-0.84 F55.
G0 Z0.4
Y-0.8105
Z0.2
G1 Z0.1 F13.333
Y-0.84 Z0.0948 F40.
Y-0.16 Z-0.0251
Y-0.84 Z-0.145
Y-0.16 F55.
G0 Z0.4
X-58.1036 Y-0.1895
Z0.2
G1 Z0.1 F13.333
Y-0.16 Z0.0948 F40.
Y-0.84 Z-0.0251
Y-0.16 Z-0.145
Y-0.84 F55.
G0 Z0.4
Y-0.8105
Z0.2
G1 Z0.1 F13.333
Y-0.84 Z0.0948 F40.
Y-0.16 Z-0.0251
Y-0.84 Z-0.145
Y-0.16 F55.
G0 Z0.6
M9
G53 Z0.
M30
%
