%
(SIDE TUBES_6)
(T1  D=0.1575 CR=0. - ZMIN=-0.145 - FLAT END MILL)
G90 G94 G17 G91.1
G64 P0.001 Q0.001
G20
G53 G0 Z0.
(.3 CIRCLUAR THROUGH HOLE 2)
M9
T1 M6
S22000 M3
G4 P10.
G55
M7
G0 X-30.7485 Y-1.4904
G43 Z0.6 H1
G0 Z0.13
G1 Z0.0658 F40.
G18 G3 X-30.7642 Z0.05 I-0.0157 K0.
G1 X-30.7721
G17 G3 X-30.7817 Y-1.5 I0. J-0.0096
X-30.7432 Z0.0397 I0.0193 J0.
X-30.7817 Z0.0294 I-0.0193 J0.
X-30.7432 Z0.0191 I0.0193 J0.
X-30.7817 Z0.0088 I-0.0193 J0.
X-30.7432 Z-0.0015 I0.0193 J0.
X-30.7817 Z-0.0118 I-0.0193 J0.
X-30.7432 Z-0.0221 I0.0193 J0.
X-30.7817 Z-0.0324 I-0.0193 J0.
X-30.7432 Z-0.0427 I0.0193 J0.
X-30.7817 Z-0.053 I-0.0193 J0.
X-30.7432 Z-0.0633 I0.0193 J0.
X-30.7817 Z-0.0736 I-0.0193 J0.
X-30.7432 Z-0.0839 I0.0193 J0.
X-30.7817 Z-0.0942 I-0.0193 J0.
X-30.7432 Z-0.1045 I0.0193 J0.
X-30.7817 Z-0.1148 I-0.0193 J0.
X-30.7432 Z-0.1251 I0.0193 J0.
X-30.7817 Z-0.1354 I-0.0193 J0.
X-30.7437 Y-1.5041 Z-0.145 I0.0193 J0.
X-30.7813 Y-1.4959 I-0.0188 J0.0041
X-30.7437 Y-1.5041 I0.0188 J-0.0041
X-30.751 Y-1.4926 I-0.0094 J0.0021
G1 X-30.7587 Y-1.491
X-30.7617 Y-1.4903 Z-0.1447
X-30.7646 Y-1.4897 Z-0.1438
X-30.7673 Y-1.4891 Z-0.1423
X-30.7696 Y-1.4886 Z-0.1404
X-30.7715 Y-1.4882 Z-0.138
X-30.773 Y-1.4879 Z-0.1353
X-30.7738 Y-1.4877 Z-0.1323
X-30.7741 Y-1.4876 Z-0.1292
G0 Z0.4
X-31.2485 Y-1.4904
Z0.13
G1 Z0.0658 F40.
G18 G3 X-31.2642 Z0.05 I-0.0157 K0.
G1 X-31.2721
G17 G3 X-31.2818 Y-1.5 I0. J-0.0096
X-31.2433 Z0.0397 I0.0193 J0.
X-31.2818 Z0.0294 I-0.0193 J0.
X-31.2433 Z0.0191 I0.0193 J0.
X-31.2818 Z0.0088 I-0.0193 J0.
X-31.2433 Z-0.0015 I0.0193 J0.
X-31.2818 Z-0.0118 I-0.0193 J0.
X-31.2433 Z-0.0221 I0.0193 J0.
X-31.2818 Z-0.0324 I-0.0193 J0.
X-31.2433 Z-0.0427 I0.0193 J0.
X-31.2818 Z-0.053 I-0.0193 J0.
X-31.2433 Z-0.0633 I0.0193 J0.
X-31.2818 Z-0.0736 I-0.0193 J0.
X-31.2433 Z-0.0839 I0.0193 J0.
X-31.2818 Z-0.0942 I-0.0193 J0.
X-31.2433 Z-0.1045 I0.0193 J0.
X-31.2818 Z-0.1148 I-0.0193 J0.
X-31.2433 Z-0.1251 I0.0193 J0.
X-31.2818 Z-0.1354 I-0.0193 J0.
X-31.2437 Y-1.5041 Z-0.145 I0.0193 J0.
X-31.2813 Y-1.4959 I-0.0188 J0.0041
X-31.2437 Y-1.5041 I0.0188 J-0.0041
X-31.251 Y-1.4926 I-0.0094 J0.0021
G1 X-31.2587 Y-1.491
X-31.2617 Y-1.4903 Z-0.1447
X-31.2646 Y-1.4897 Z-0.1438
X-31.2673 Y-1.4891 Z-0.1423
X-31.2696 Y-1.4886 Z-0.1404
X-31.2715 Y-1.4882 Z-0.138
X-31.273 Y-1.4879 Z-0.1353
X-31.2738 Y-1.4877 Z-0.1323
X-31.2741 Y-1.4876 Z-0.1292
G0 Z0.4
X-31.7485 Y-1.4904
Z0.13
G1 Z0.0658 F40.
G18 G3 X-31.7643 Z0.05 I-0.0157 K0.
G1 X-31.7721
G17 G3 X-31.7818 Y-1.5 I0. J-0.0096
X-31.7433 Z0.0397 I0.0193 J0.
X-31.7818 Z0.0294 I-0.0193 J0.
X-31.7433 Z0.0191 I0.0193 J0.
X-31.7818 Z0.0088 I-0.0193 J0.
X-31.7433 Z-0.0015 I0.0193 J0.
X-31.7818 Z-0.0118 I-0.0193 J0.
X-31.7433 Z-0.0221 I0.0193 J0.
X-31.7818 Z-0.0324 I-0.0193 J0.
X-31.7433 Z-0.0427 I0.0193 J0.
X-31.7818 Z-0.053 I-0.0193 J0.
X-31.7433 Z-0.0633 I0.0193 J0.
X-31.7818 Z-0.0736 I-0.0193 J0.
X-31.7433 Z-0.0839 I0.0193 J0.
X-31.7818 Z-0.0942 I-0.0193 J0.
X-31.7433 Z-0.1045 I0.0193 J0.
X-31.7818 Z-0.1148 I-0.0193 J0.
X-31.7433 Z-0.1251 I0.0193 J0.
X-31.7818 Z-0.1354 I-0.0193 J0.
X-31.7437 Y-1.5041 Z-0.145 I0.0193 J0.
X-31.7813 Y-1.4959 I-0.0188 J0.0041
X-31.7437 Y-1.5041 I0.0188 J-0.0041
X-31.751 Y-1.4926 I-0.0094 J0.0021
G1 X-31.7587 Y-1.491
X-31.7617 Y-1.4903 Z-0.1447
X-31.7646 Y-1.4897 Z-0.1438
X-31.7673 Y-1.4891 Z-0.1423
X-31.7696 Y-1.4886 Z-0.1404
X-31.7715 Y-1.4882 Z-0.138
X-31.773 Y-1.4879 Z-0.1353
X-31.7738 Y-1.4877 Z-0.1323
X-31.7741 Y-1.4876 Z-0.1292
G0 Z0.4
X-32.2485 Y-1.4904
Z0.13
G1 Z0.0658 F40.
G18 G3 X-32.2643 Z0.05 I-0.0158 K0.
G1 X-32.2721
G17 G3 X-32.2817 Y-1.5 I0. J-0.0096
X-32.2433 Z0.0397 I0.0192 J0.
X-32.2817 Z0.0294 I-0.0192 J0.
X-32.2433 Z0.0191 I0.0192 J0.
X-32.2818 Z0.0088 I-0.0192 J0.
X-32.2433 Z-0.0015 I0.0192 J0.
X-32.2818 Z-0.0118 I-0.0193 J0.
X-32.2433 Z-0.0221 I0.0193 J0.
X-32.2503 Y-1.4851 Z-0.025 I-0.0193 J0.
X-32.2747 Y-1.5149 Z-0.0353 I-0.0122 J-0.0149
X-32.2494 Y-1.5141 Z-0.04 I0.0122 J0.0149
X-32.2756 Y-1.4859 Z-0.0503 I-0.0131 J0.0141
X-32.2494 Y-1.5141 Z-0.0606 I0.0131 J-0.0141
X-32.2756 Y-1.4859 Z-0.0709 I-0.0131 J0.0141
X-32.2494 Y-1.5141 Z-0.0812 I0.0131 J-0.0141
X-32.2443 Y-1.4937 Z-0.085 I-0.0131 J0.0141
X-32.2807 Y-1.5063 Z-0.0953 I-0.0182 J-0.0063
X-32.2587 Y-1.5189 Z-0.1 I0.0182 J0.0063
X-32.2663 Y-1.4811 Z-0.1103 I-0.0038 J0.0189
X-32.2587 Y-1.5189 Z-0.1206 I0.0038 J-0.0189
X-32.261 Y-1.4808 Z-0.13 I-0.0038 J0.0189
X-32.264 Y-1.5192 Z-0.1403 I-0.0015 J-0.0192
X-32.2437 Y-1.5041 Z-0.145 I0.0015 J0.0192
X-32.2813 Y-1.4959 I-0.0188 J0.0041
X-32.2437 Y-1.5041 I0.0188 J-0.0041
X-32.251 Y-1.4926 I-0.0094 J0.0021
G1 X-32.2587 Y-1.491
X-32.2617 Y-1.4903 Z-0.1447
X-32.2646 Y-1.4897 Z-0.1438
X-32.2673 Y-1.4891 Z-0.1423
X-32.2696 Y-1.4886 Z-0.1404
X-32.2715 Y-1.4882 Z-0.138
X-32.273 Y-1.4879 Z-0.1353
X-32.2738 Y-1.4877 Z-0.1323
X-32.2741 Y-1.4876 Z-0.1292
G0 Z0.4
X-32.7485 Y-1.4904
Z0.13
G1 Z0.0658 F40.
G18 G3 X-32.7643 Z0.05 I-0.0158 K0.
G1 X-32.7721
G17 G3 X-32.7817 Y-1.5 I0. J-0.0096
X-32.7432 Z0.0397 I0.0193 J0.
X-32.7817 Z0.0294 I-0.0193 J0.
X-32.7432 Z0.0191 I0.0193 J0.
X-32.7817 Z0.0088 I-0.0193 J0.
X-32.7432 Z-0.0015 I0.0193 J0.
X-32.7817 Z-0.0118 I-0.0193 J0.
X-32.7432 Z-0.0221 I0.0193 J0.
X-32.7817 Z-0.0324 I-0.0193 J0.
X-32.7432 Z-0.0427 I0.0193 J0.
X-32.7817 Z-0.053 I-0.0193 J0.
X-32.7432 Z-0.0633 I0.0193 J0.
X-32.7817 Z-0.0736 I-0.0193 J0.
X-32.7432 Z-0.0839 I0.0193 J0.
X-32.7817 Z-0.0942 I-0.0193 J0.
X-32.7432 Z-0.1045 I0.0193 J0.
X-32.7817 Z-0.1148 I-0.0193 J0.
X-32.7432 Z-0.1251 I0.0193 J0.
X-32.7817 Z-0.1354 I-0.0193 J0.
X-32.7437 Y-1.5041 Z-0.145 I0.0193 J0.
X-32.7813 Y-1.4959 I-0.0188 J0.0041
X-32.7437 Y-1.5041 I0.0188 J-0.0041
X-32.751 Y-1.4926 I-0.0094 J0.0021
G1 X-32.7587 Y-1.491
X-32.7617 Y-1.4903 Z-0.1447
X-32.7646 Y-1.4897 Z-0.1438
X-32.7673 Y-1.4891 Z-0.1423
X-32.7696 Y-1.4886 Z-0.1404
X-32.7715 Y-1.4882 Z-0.138
X-32.773 Y-1.4879 Z-0.1353
X-32.7738 Y-1.4877 Z-0.1323
X-32.7741 Y-1.4876 Z-0.1292
G0 Z0.4
X-33.2485 Y-1.4904
Z0.13
G1 Z0.0658 F40.
G18 G3 X-33.2642 Z0.05 I-0.0157 K0.
G1 X-33.2721
G17 G3 X-33.2817 Y-1.5 I0. J-0.0096
X-33.2432 Z0.0397 I0.0193 J0.
X-33.2817 Z0.0294 I-0.0193 J0.
X-33.2432 Z0.0191 I0.0193 J0.
X-33.2817 Z0.0088 I-0.0193 J0.
X-33.2432 Z-0.0015 I0.0193 J0.
X-33.2817 Z-0.0118 I-0.0193 J0.
X-33.2432 Z-0.0221 I0.0193 J0.
X-33.2817 Z-0.0324 I-0.0193 J0.
X-33.2432 Z-0.0427 I0.0193 J0.
X-33.2817 Z-0.053 I-0.0193 J0.
X-33.2432 Z-0.0633 I0.0193 J0.
X-33.2817 Z-0.0736 I-0.0193 J0.
X-33.2432 Z-0.0839 I0.0193 J0.
X-33.2817 Z-0.0942 I-0.0193 J0.
X-33.2432 Z-0.1045 I0.0193 J0.
X-33.2817 Z-0.1148 I-0.0193 J0.
X-33.2432 Z-0.1251 I0.0193 J0.
X-33.2817 Z-0.1354 I-0.0193 J0.
X-33.2437 Y-1.5041 Z-0.145 I0.0193 J0.
X-33.2813 Y-1.4959 I-0.0188 J0.0041
X-33.2437 Y-1.5041 I0.0188 J-0.0041
X-33.251 Y-1.4926 I-0.0094 J0.0021
G1 X-33.2587 Y-1.491
X-33.2617 Y-1.4903 Z-0.1447
X-33.2646 Y-1.4897 Z-0.1438
X-33.2673 Y-1.4891 Z-0.1423
X-33.2696 Y-1.4886 Z-0.1404
X-33.2715 Y-1.4882 Z-0.138
X-33.273 Y-1.4879 Z-0.1353
X-33.2738 Y-1.4877 Z-0.1323
X-33.2741 Y-1.4876 Z-0.1292
G0 Z0.4
X-33.7485 Y-1.4904
Z0.13
G1 Z0.0658 F40.
G18 G3 X-33.7642 Z0.05 I-0.0157 K0.
G1 X-33.7721
G17 G3 X-33.7818 Y-1.5 I0. J-0.0096
X-33.7433 Z0.0397 I0.0193 J0.
X-33.7818 Z0.0294 I-0.0193 J0.
X-33.7433 Z0.0191 I0.0193 J0.
X-33.7818 Z0.0088 I-0.0193 J0.
X-33.7433 Z-0.0015 I0.0193 J0.
X-33.7818 Z-0.0118 I-0.0193 J0.
X-33.7433 Z-0.0221 I0.0193 J0.
X-33.7818 Z-0.0324 I-0.0193 J0.
X-33.7433 Z-0.0427 I0.0193 J0.
X-33.7818 Z-0.053 I-0.0193 J0.
X-33.7433 Z-0.0633 I0.0193 J0.
X-33.7818 Z-0.0736 I-0.0193 J0.
X-33.7433 Z-0.0839 I0.0193 J0.
X-33.7818 Z-0.0942 I-0.0193 J0.
X-33.7433 Z-0.1045 I0.0193 J0.
X-33.7818 Z-0.1148 I-0.0193 J0.
X-33.7433 Z-0.1251 I0.0193 J0.
X-33.7818 Z-0.1354 I-0.0193 J0.
X-33.7437 Y-1.5041 Z-0.145 I0.0193 J0.
X-33.7813 Y-1.4959 I-0.0188 J0.0041
X-33.7437 Y-1.5041 I0.0188 J-0.0041
X-33.751 Y-1.4926 I-0.0094 J0.0021
G1 X-33.7587 Y-1.491
X-33.7617 Y-1.4903 Z-0.1447
X-33.7646 Y-1.4897 Z-0.1438
X-33.7673 Y-1.4891 Z-0.1423
X-33.7696 Y-1.4886 Z-0.1404
X-33.7715 Y-1.4882 Z-0.138
X-33.773 Y-1.4879 Z-0.1353
X-33.7738 Y-1.4877 Z-0.1323
X-33.7741 Y-1.4876 Z-0.1292
G0 Z0.4
X-34.2485 Y-1.4904
Z0.13
G1 Z0.0658 F40.
G18 G3 X-34.2643 Z0.05 I-0.0157 K0.
G1 X-34.2721
G17 G3 X-34.2818 Y-1.5 I0. J-0.0096
X-34.2433 Z0.0397 I0.0193 J0.
X-34.2818 Z0.0294 I-0.0193 J0.
X-34.2433 Z0.0191 I0.0193 J0.
X-34.2818 Z0.0088 I-0.0193 J0.
X-34.2433 Z-0.0015 I0.0193 J0.
X-34.2818 Z-0.0118 I-0.0193 J0.
X-34.2433 Z-0.0221 I0.0193 J0.
X-34.2818 Z-0.0324 I-0.0193 J0.
X-34.2433 Z-0.0427 I0.0193 J0.
X-34.2818 Z-0.053 I-0.0193 J0.
X-34.2433 Z-0.0633 I0.0193 J0.
X-34.2818 Z-0.0736 I-0.0193 J0.
X-34.2433 Z-0.0839 I0.0193 J0.
X-34.2818 Z-0.0942 I-0.0193 J0.
X-34.2433 Z-0.1045 I0.0193 J0.
X-34.2818 Z-0.1148 I-0.0193 J0.
X-34.2433 Z-0.1251 I0.0193 J0.
X-34.2818 Z-0.1354 I-0.0193 J0.
X-34.2437 Y-1.5041 Z-0.145 I0.0193 J0.
X-34.2813 Y-1.4959 I-0.0188 J0.0041
X-34.2437 Y-1.5041 I0.0188 J-0.0041
X-34.251 Y-1.4926 I-0.0094 J0.0021
G1 X-34.2587 Y-1.491
X-34.2617 Y-1.4903 Z-0.1447
X-34.2646 Y-1.4897 Z-0.1438
X-34.2673 Y-1.4891 Z-0.1423
X-34.2696 Y-1.4886 Z-0.1404
X-34.2715 Y-1.4882 Z-0.138
X-34.273 Y-1.4879 Z-0.1353
X-34.2738 Y-1.4877 Z-0.1323
X-34.2741 Y-1.4876 Z-0.1292
G0 Z0.4
X-34.7485 Y-1.4904
Z0.13
G1 Z0.0658 F40.
G18 G3 X-34.7643 Z0.05 I-0.0158 K0.
G1 X-34.7721
G17 G3 X-34.7817 Y-1.5 I0. J-0.0096
X-34.7433 Z0.0397 I0.0192 J0.
X-34.7817 Z0.0294 I-0.0192 J0.
X-34.7433 Z0.0191 I0.0192 J0.
X-34.7818 Z0.0088 I-0.0192 J0.
X-34.7433 Z-0.0015 I0.0192 J0.
X-34.7818 Z-0.0118 I-0.0193 J0.
X-34.7433 Z-0.0221 I0.0193 J0.
X-34.7503 Y-1.4851 Z-0.025 I-0.0193 J0.
X-34.7747 Y-1.5149 Z-0.0353 I-0.0122 J-0.0149
X-34.7494 Y-1.5141 Z-0.04 I0.0122 J0.0149
X-34.7756 Y-1.4859 Z-0.0503 I-0.0131 J0.0141
X-34.7494 Y-1.5141 Z-0.0606 I0.0131 J-0.0141
X-34.7756 Y-1.4859 Z-0.0709 I-0.0131 J0.0141
X-34.7494 Y-1.5141 Z-0.0812 I0.0131 J-0.0141
X-34.7443 Y-1.4937 Z-0.085 I-0.0131 J0.0141
X-34.7807 Y-1.5063 Z-0.0953 I-0.0182 J-0.0063
X-34.7587 Y-1.5189 Z-0.1 I0.0182 J0.0063
X-34.7663 Y-1.4811 Z-0.1103 I-0.0038 J0.0189
X-34.7587 Y-1.5189 Z-0.1206 I0.0038 J-0.0189
X-34.761 Y-1.4808 Z-0.13 I-0.0038 J0.0189
X-34.764 Y-1.5192 Z-0.1403 I-0.0015 J-0.0192
X-34.7437 Y-1.5041 Z-0.145 I0.0015 J0.0192
X-34.7813 Y-1.4959 I-0.0188 J0.0041
X-34.7437 Y-1.5041 I0.0188 J-0.0041
X-34.751 Y-1.4926 I-0.0094 J0.0021
G1 X-34.7587 Y-1.491
X-34.7617 Y-1.4903 Z-0.1447
X-34.7646 Y-1.4897 Z-0.1438
X-34.7673 Y-1.4891 Z-0.1423
X-34.7696 Y-1.4886 Z-0.1404
X-34.7715 Y-1.4882 Z-0.138
X-34.773 Y-1.4879 Z-0.1353
X-34.7738 Y-1.4877 Z-0.1323
X-34.7741 Y-1.4876 Z-0.1292
G0 Z0.4
X-35.2485 Y-1.4904
Z0.13
G1 Z0.0658 F40.
G18 G3 X-35.2643 Z0.05 I-0.0158 K0.
G1 X-35.2721
G17 G3 X-35.2817 Y-1.5 I0. J-0.0096
X-35.2432 Z0.0397 I0.0193 J0.
X-35.2817 Z0.0294 I-0.0193 J0.
X-35.2432 Z0.0191 I0.0193 J0.
X-35.2817 Z0.0088 I-0.0193 J0.
X-35.2432 Z-0.0015 I0.0193 J0.
X-35.2817 Z-0.0118 I-0.0193 J0.
X-35.2432 Z-0.0221 I0.0193 J0.
X-35.2817 Z-0.0324 I-0.0193 J0.
X-35.2432 Z-0.0427 I0.0193 J0.
X-35.2817 Z-0.053 I-0.0193 J0.
X-35.2432 Z-0.0633 I0.0193 J0.
X-35.2817 Z-0.0736 I-0.0193 J0.
X-35.2432 Z-0.0839 I0.0193 J0.
X-35.2817 Z-0.0942 I-0.0193 J0.
X-35.2432 Z-0.1045 I0.0193 J0.
X-35.2817 Z-0.1148 I-0.0193 J0.
X-35.2432 Z-0.1251 I0.0193 J0.
X-35.2817 Z-0.1354 I-0.0193 J0.
X-35.2437 Y-1.5041 Z-0.145 I0.0193 J0.
X-35.2813 Y-1.4959 I-0.0188 J0.0041
X-35.2437 Y-1.5041 I0.0188 J-0.0041
X-35.251 Y-1.4926 I-0.0094 J0.0021
G1 X-35.2587 Y-1.491
X-35.2617 Y-1.4903 Z-0.1447
X-35.2646 Y-1.4897 Z-0.1438
X-35.2673 Y-1.4891 Z-0.1423
X-35.2696 Y-1.4886 Z-0.1404
X-35.2715 Y-1.4882 Z-0.138
X-35.273 Y-1.4879 Z-0.1353
X-35.2738 Y-1.4877 Z-0.1323
X-35.2741 Y-1.4876 Z-0.1292
G0 Z0.4
X-35.7485 Y-1.4904
Z0.13
G1 Z0.0658 F40.
G18 G3 X-35.7642 Z0.05 I-0.0157 K0.
G1 X-35.7721
G17 G3 X-35.7817 Y-1.5 I0. J-0.0096
X-35.7432 Z0.0397 I0.0193 J0.
X-35.7817 Z0.0294 I-0.0193 J0.
X-35.7432 Z0.0191 I0.0193 J0.
X-35.7817 Z0.0088 I-0.0193 J0.
X-35.7432 Z-0.0015 I0.0193 J0.
X-35.7817 Z-0.0118 I-0.0193 J0.
X-35.7432 Z-0.0221 I0.0193 J0.
X-35.7817 Z-0.0324 I-0.0193 J0.
X-35.7432 Z-0.0427 I0.0193 J0.
X-35.7817 Z-0.053 I-0.0193 J0.
X-35.7432 Z-0.0633 I0.0193 J0.
X-35.7817 Z-0.0736 I-0.0193 J0.
X-35.7432 Z-0.0839 I0.0193 J0.
X-35.7817 Z-0.0942 I-0.0193 J0.
X-35.7432 Z-0.1045 I0.0193 J0.
X-35.7817 Z-0.1148 I-0.0193 J0.
X-35.7432 Z-0.1251 I0.0193 J0.
X-35.7817 Z-0.1354 I-0.0193 J0.
X-35.7437 Y-1.5041 Z-0.145 I0.0193 J0.
X-35.7813 Y-1.4959 I-0.0188 J0.0041
X-35.7437 Y-1.5041 I0.0188 J-0.0041
X-35.751 Y-1.4926 I-0.0094 J0.0021
G1 X-35.7587 Y-1.491
X-35.7617 Y-1.4903 Z-0.1447
X-35.7646 Y-1.4897 Z-0.1438
X-35.7673 Y-1.4891 Z-0.1423
X-35.7696 Y-1.4886 Z-0.1404
X-35.7715 Y-1.4882 Z-0.138
X-35.773 Y-1.4879 Z-0.1353
X-35.7738 Y-1.4877 Z-0.1323
X-35.7741 Y-1.4876 Z-0.1292
G0 Z0.4
X-36.2485 Y-1.4904
Z0.13
G1 Z0.0658 F40.
G18 G3 X-36.2642 Z0.05 I-0.0157 K0.
G1 X-36.2721
G17 G3 X-36.2818 Y-1.5 I0. J-0.0096
X-36.2433 Z0.0397 I0.0193 J0.
X-36.2818 Z0.0294 I-0.0193 J0.
X-36.2433 Z0.0191 I0.0193 J0.
X-36.2818 Z0.0088 I-0.0193 J0.
X-36.2433 Z-0.0015 I0.0193 J0.
X-36.2818 Z-0.0118 I-0.0193 J0.
X-36.2433 Z-0.0221 I0.0193 J0.
X-36.2818 Z-0.0324 I-0.0193 J0.
X-36.2433 Z-0.0427 I0.0193 J0.
X-36.2818 Z-0.053 I-0.0193 J0.
X-36.2433 Z-0.0633 I0.0193 J0.
X-36.2818 Z-0.0736 I-0.0193 J0.
X-36.2433 Z-0.0839 I0.0193 J0.
X-36.2818 Z-0.0942 I-0.0193 J0.
X-36.2433 Z-0.1045 I0.0193 J0.
X-36.2818 Z-0.1148 I-0.0193 J0.
X-36.2433 Z-0.1251 I0.0193 J0.
X-36.2818 Z-0.1354 I-0.0193 J0.
X-36.2437 Y-1.5041 Z-0.145 I0.0193 J0.
X-36.2813 Y-1.4959 I-0.0188 J0.0041
X-36.2437 Y-1.5041 I0.0188 J-0.0041
X-36.251 Y-1.4926 I-0.0094 J0.0021
G1 X-36.2587 Y-1.491
X-36.2617 Y-1.4903 Z-0.1447
X-36.2646 Y-1.4897 Z-0.1438
X-36.2673 Y-1.4891 Z-0.1423
X-36.2696 Y-1.4886 Z-0.1404
X-36.2715 Y-1.4882 Z-0.138
X-36.273 Y-1.4879 Z-0.1353
X-36.2738 Y-1.4877 Z-0.1323
X-36.2741 Y-1.4876 Z-0.1292
G0 Z0.4
X-36.7485 Y-1.4904
Z0.13
G1 Z0.0658 F40.
G18 G3 X-36.7643 Z0.05 I-0.0157 K0.
G1 X-36.7721
G17 G3 X-36.7818 Y-1.5 I0. J-0.0096
X-36.7433 Z0.0397 I0.0193 J0.
X-36.7818 Z0.0294 I-0.0193 J0.
X-36.7433 Z0.0191 I0.0193 J0.
X-36.7818 Z0.0088 I-0.0193 J0.
X-36.7433 Z-0.0015 I0.0193 J0.
X-36.7818 Z-0.0118 I-0.0193 J0.
X-36.7433 Z-0.0221 I0.0193 J0.
X-36.7818 Z-0.0324 I-0.0193 J0.
X-36.7433 Z-0.0427 I0.0193 J0.
X-36.7818 Z-0.053 I-0.0193 J0.
X-36.7433 Z-0.0633 I0.0193 J0.
X-36.7818 Z-0.0736 I-0.0193 J0.
X-36.7433 Z-0.0839 I0.0193 J0.
X-36.7818 Z-0.0942 I-0.0193 J0.
X-36.7433 Z-0.1045 I0.0193 J0.
X-36.7818 Z-0.1148 I-0.0193 J0.
X-36.7433 Z-0.1251 I0.0193 J0.
X-36.7818 Z-0.1354 I-0.0193 J0.
X-36.7437 Y-1.5041 Z-0.145 I0.0193 J0.
X-36.7813 Y-1.4959 I-0.0188 J0.0041
X-36.7437 Y-1.5041 I0.0188 J-0.0041
X-36.751 Y-1.4926 I-0.0094 J0.0021
G1 X-36.7587 Y-1.491
X-36.7617 Y-1.4903 Z-0.1447
X-36.7646 Y-1.4897 Z-0.1438
X-36.7673 Y-1.4891 Z-0.1423
X-36.7696 Y-1.4886 Z-0.1404
X-36.7715 Y-1.4882 Z-0.138
X-36.773 Y-1.4879 Z-0.1353
X-36.7738 Y-1.4877 Z-0.1323
X-36.7741 Y-1.4876 Z-0.1292
G0 Z0.4
X-37.3279 Y-1.514
Z0.13
G1 Z0.0658 F40.
G19 G3 Y-1.4982 Z0.05 J0.0158 K0.
G1 Y-1.4904
G17 G3 X-37.3375 Y-1.4807 I-0.0096 J0.
Y-1.5192 Z0.0397 I0. J-0.0192
Y-1.4807 Z0.0294 I0. J0.0192
Y-1.5192 Z0.0191 I0. J-0.0192
Y-1.4807 Z0.0088 I0. J0.0192
Y-1.5192 Z-0.0015 I0. J-0.0192
Y-1.4807 Z-0.0118 I0. J0.0192
Y-1.5192 Z-0.0221 I0. J-0.0192
Y-1.4807 Z-0.0324 I0. J0.0192
Y-1.5192 Z-0.0427 I0. J-0.0192
Y-1.4807 Z-0.053 I0. J0.0193
Y-1.5192 Z-0.0633 I0. J-0.0193
Y-1.4807 Z-0.0736 I0. J0.0193
Y-1.5192 Z-0.0839 I0. J-0.0193
Y-1.4807 Z-0.0942 I0. J0.0193
Y-1.5192 Z-0.1045 I0. J-0.0193
Y-1.4807 Z-0.1148 I0. J0.0193
Y-1.5192 Z-0.1251 I0. J-0.0193
Y-1.4807 Z-0.1354 I0. J0.0193
X-37.3416 Y-1.5188 Z-0.145 I0. J-0.0193
X-37.3334 Y-1.4812 I0.0041 J0.0188
X-37.3416 Y-1.5188 I-0.0041 J-0.0188
X-37.3301 Y-1.5115 I0.002 J0.0094
G1 X-37.3285 Y-1.5038
X-37.3278 Y-1.5008 Z-0.1447
X-37.3272 Y-1.4979 Z-0.1438
X-37.3266 Y-1.4952 Z-0.1423
X-37.3261 Y-1.4929 Z-0.1404
X-37.3257 Y-1.491 Z-0.138
X-37.3254 Y-1.4895 Z-0.1353
X-37.3252 Y-1.4887 Z-0.1323
X-37.3251 Y-1.4884 Z-0.1292
G0 Z0.4
X-37.8279 Y-1.514
Z0.13
G1 Z0.0658 F40.
G19 G3 Y-1.4982 Z0.05 J0.0158 K0.
G1 Y-1.4904
G17 G3 X-37.8375 Y-1.4807 I-0.0096 J0.
Y-1.5192 Z0.0397 I0. J-0.0192
Y-1.4807 Z0.0294 I0. J0.0192
Y-1.5192 Z0.0191 I0. J-0.0192
Y-1.4807 Z0.0088 I0. J0.0192
Y-1.5192 Z-0.0015 I0. J-0.0192
Y-1.4807 Z-0.0118 I0. J0.0192
Y-1.5192 Z-0.0221 I0. J-0.0192
Y-1.4807 Z-0.0324 I0. J0.0192
Y-1.5192 Z-0.0427 I0. J-0.0192
Y-1.4807 Z-0.053 I0. J0.0193
Y-1.5192 Z-0.0633 I0. J-0.0193
Y-1.4807 Z-0.0736 I0. J0.0193
Y-1.5192 Z-0.0839 I0. J-0.0193
Y-1.4807 Z-0.0942 I0. J0.0193
Y-1.5192 Z-0.1045 I0. J-0.0193
Y-1.4807 Z-0.1148 I0. J0.0193
Y-1.5192 Z-0.1251 I0. J-0.0193
Y-1.4807 Z-0.1354 I0. J0.0193
X-37.8416 Y-1.5188 Z-0.145 I0. J-0.0193
X-37.8334 Y-1.4812 I0.0041 J0.0188
X-37.8416 Y-1.5188 I-0.0041 J-0.0188
X-37.8301 Y-1.5115 I0.0021 J0.0094
G1 X-37.8285 Y-1.5038
X-37.8278 Y-1.5008 Z-0.1447
X-37.8272 Y-1.4979 Z-0.1438
X-37.8266 Y-1.4952 Z-0.1423
X-37.8261 Y-1.4929 Z-0.1404
X-37.8257 Y-1.491 Z-0.138
X-37.8254 Y-1.4895 Z-0.1353
X-37.8252 Y-1.4887 Z-0.1323
X-37.8251 Y-1.4884 Z-0.1292
G0 Z0.4
X-38.3279 Y-1.514
Z0.13
G1 Z0.0658 F40.
G19 G3 Y-1.4982 Z0.05 J0.0158 K0.
G1 Y-1.4904
G17 G3 X-38.3375 Y-1.4807 I-0.0096 J0.
Y-1.5192 Z0.0397 I0. J-0.0192
Y-1.4807 Z0.0294 I0. J0.0192
Y-1.5192 Z0.0191 I0. J-0.0192
Y-1.4807 Z0.0088 I0. J0.0192
Y-1.5192 Z-0.0015 I0. J-0.0192
Y-1.4807 Z-0.0118 I0. J0.0192
Y-1.5192 Z-0.0221 I0. J-0.0192
Y-1.4807 Z-0.0324 I0. J0.0192
Y-1.5192 Z-0.0427 I0. J-0.0192
Y-1.4807 Z-0.053 I0. J0.0193
Y-1.5192 Z-0.0633 I0. J-0.0193
Y-1.4807 Z-0.0736 I0. J0.0193
Y-1.5192 Z-0.0839 I0. J-0.0193
Y-1.4807 Z-0.0942 I0. J0.0193
Y-1.5192 Z-0.1045 I0. J-0.0193
Y-1.4807 Z-0.1148 I0. J0.0193
Y-1.5192 Z-0.1251 I0. J-0.0193
Y-1.4807 Z-0.1354 I0. J0.0193
X-38.3416 Y-1.5188 Z-0.145 I0. J-0.0193
X-38.3334 Y-1.4812 I0.0041 J0.0188
X-38.3416 Y-1.5188 I-0.0041 J-0.0188
X-38.3301 Y-1.5115 I0.0021 J0.0094
G1 X-38.3285 Y-1.5038
X-38.3278 Y-1.5008 Z-0.1447
X-38.3272 Y-1.4979 Z-0.1438
X-38.3266 Y-1.4952 Z-0.1423
X-38.3261 Y-1.4929 Z-0.1404
X-38.3257 Y-1.491 Z-0.138
X-38.3254 Y-1.4895 Z-0.1353
X-38.3252 Y-1.4887 Z-0.1323
X-38.3251 Y-1.4884 Z-0.1292
G0 Z0.4
X-38.8279 Y-1.514
Z0.13
G1 Z0.0658 F40.
G19 G3 Y-1.4982 Z0.05 J0.0158 K0.
G1 Y-1.4904
G17 G3 X-38.8375 Y-1.4807 I-0.0096 J0.
Y-1.5192 Z0.0397 I0. J-0.0192
Y-1.4807 Z0.0294 I0. J0.0192
Y-1.5192 Z0.0191 I0. J-0.0193
Y-1.4807 Z0.0088 I0. J0.0193
Y-1.5193 Z-0.0015 I0. J-0.0193
Y-1.4807 Z-0.0118 I0. J0.0193
Y-1.5193 Z-0.0221 I0. J-0.0193
Y-1.4807 Z-0.0324 I0. J0.0193
Y-1.5193 Z-0.0427 I0. J-0.0193
Y-1.4807 Z-0.053 I0. J0.0193
Y-1.5193 Z-0.0633 I0. J-0.0193
Y-1.4807 Z-0.0736 I0. J0.0193
Y-1.5193 Z-0.0839 I0. J-0.0193
Y-1.4807 Z-0.0942 I0. J0.0193
Y-1.5193 Z-0.1045 I0. J-0.0193
Y-1.4807 Z-0.1148 I0. J0.0193
Y-1.5193 Z-0.1251 I0. J-0.0193
Y-1.4807 Z-0.1354 I0. J0.0193
X-38.8416 Y-1.5188 Z-0.145 I0. J-0.0193
X-38.8334 Y-1.4812 I0.0041 J0.0188
X-38.8416 Y-1.5188 I-0.0041 J-0.0188
X-38.8301 Y-1.5115 I0.0021 J0.0094
G1 X-38.8285 Y-1.5038
X-38.8278 Y-1.5008 Z-0.1447
X-38.8272 Y-1.4979 Z-0.1438
X-38.8266 Y-1.4952 Z-0.1423
X-38.8261 Y-1.4929 Z-0.1404
X-38.8257 Y-1.491 Z-0.138
X-38.8254 Y-1.4895 Z-0.1353
X-38.8252 Y-1.4887 Z-0.1323
X-38.8251 Y-1.4884 Z-0.1292
G0 Z0.4
X-39.3279 Y-1.514
Z0.13
G1 Z0.0658 F40.
G19 G3 Y-1.4982 Z0.05 J0.0158 K0.
G1 Y-1.4904
G17 G3 X-39.3375 Y-1.4807 I-0.0096 J0.
Y-1.5192 Z0.0397 I0. J-0.0192
Y-1.4807 Z0.0294 I0. J0.0192
Y-1.5192 Z0.0191 I0. J-0.0192
Y-1.4807 Z0.0088 I0. J0.0192
Y-1.5192 Z-0.0015 I0. J-0.0192
Y-1.4807 Z-0.0118 I0. J0.0192
Y-1.5192 Z-0.0221 I0. J-0.0192
Y-1.4807 Z-0.0324 I0. J0.0192
Y-1.5192 Z-0.0427 I0. J-0.0192
Y-1.4807 Z-0.053 I0. J0.0193
Y-1.5192 Z-0.0633 I0. J-0.0193
Y-1.4807 Z-0.0736 I0. J0.0193
Y-1.5192 Z-0.0839 I0. J-0.0193
Y-1.4807 Z-0.0942 I0. J0.0193
Y-1.5192 Z-0.1045 I0. J-0.0193
Y-1.4807 Z-0.1148 I0. J0.0193
Y-1.5192 Z-0.1251 I0. J-0.0193
Y-1.4807 Z-0.1354 I0. J0.0193
X-39.3416 Y-1.5188 Z-0.145 I0. J-0.0193
X-39.3334 Y-1.4812 I0.0041 J0.0188
X-39.3416 Y-1.5188 I-0.0041 J-0.0188
X-39.3301 Y-1.5115 I0.002 J0.0094
G1 X-39.3285 Y-1.5038
X-39.3278 Y-1.5008 Z-0.1447
X-39.3272 Y-1.4979 Z-0.1438
X-39.3266 Y-1.4952 Z-0.1423
X-39.3261 Y-1.4929 Z-0.1404
X-39.3257 Y-1.491 Z-0.138
X-39.3254 Y-1.4895 Z-0.1353
X-39.3252 Y-1.4887 Z-0.1323
X-39.3251 Y-1.4884 Z-0.1292
G0 Z0.4
X-39.8279 Y-1.514
Z0.13
G1 Z0.0658 F40.
G19 G3 Y-1.4982 Z0.05 J0.0158 K0.
G1 Y-1.4904
G17 G3 X-39.8375 Y-1.4807 I-0.0096 J0.
Y-1.5192 Z0.0397 I0. J-0.0192
Y-1.4807 Z0.0294 I0. J0.0192
Y-1.5192 Z0.0191 I0. J-0.0192
Y-1.4807 Z0.0088 I0. J0.0192
Y-1.5192 Z-0.0015 I0. J-0.0192
Y-1.4807 Z-0.0118 I0. J0.0192
Y-1.5192 Z-0.0221 I0. J-0.0192
Y-1.4807 Z-0.0324 I0. J0.0192
Y-1.5192 Z-0.0427 I0. J-0.0192
Y-1.4807 Z-0.053 I0. J0.0193
Y-1.5192 Z-0.0633 I0. J-0.0193
Y-1.4807 Z-0.0736 I0. J0.0193
Y-1.5192 Z-0.0839 I0. J-0.0193
Y-1.4807 Z-0.0942 I0. J0.0193
Y-1.5192 Z-0.1045 I0. J-0.0193
Y-1.4807 Z-0.1148 I0. J0.0193
Y-1.5192 Z-0.1251 I0. J-0.0193
Y-1.4807 Z-0.1354 I0. J0.0193
X-39.8416 Y-1.5188 Z-0.145 I0. J-0.0193
X-39.8334 Y-1.4812 I0.0041 J0.0188
X-39.8416 Y-1.5188 I-0.0041 J-0.0188
X-39.8301 Y-1.5115 I0.002 J0.0094
G1 X-39.8285 Y-1.5038
X-39.8278 Y-1.5008 Z-0.1447
X-39.8272 Y-1.4979 Z-0.1438
X-39.8266 Y-1.4952 Z-0.1423
X-39.8261 Y-1.4929 Z-0.1404
X-39.8257 Y-1.491 Z-0.138
X-39.8254 Y-1.4895 Z-0.1353
X-39.8252 Y-1.4887 Z-0.1323
X-39.8251 Y-1.4884 Z-0.1292
G0 Z0.4
X-40.3279 Y-1.514
Z0.13
G1 Z0.0658 F40.
G19 G3 Y-1.4982 Z0.05 J0.0158 K0.
G1 Y-1.4904
G17 G3 X-40.3375 Y-1.4807 I-0.0096 J0.
Y-1.5192 Z0.0397 I0. J-0.0192
Y-1.4808 Z0.0294 I0. J0.0192
X-40.3427 Y-1.5185 Z0.02 I0. J-0.0192
X-40.3323 Y-1.4815 Z0.0097 I0.0052 J0.0185
X-40.3427 Y-1.5185 Z-0.0006 I-0.0052 J-0.0185
X-40.3274 Y-1.4836 Z-0.01 I0.0052 J0.0185
X-40.3476 Y-1.5164 Z-0.0203 I-0.0101 J-0.0164
X-40.3226 Y-1.5122 Z-0.025 I0.0101 J0.0164
X-40.3524 Y-1.4878 Z-0.0353 I-0.0149 J0.0122
X-40.3226 Y-1.5122 Z-0.0456 I0.0149 J-0.0122
X-40.3485 Y-1.4842 Z-0.055 I-0.0149 J0.0122
X-40.3265 Y-1.5158 Z-0.0653 I0.011 J-0.0158
X-40.3204 Y-1.4912 Z-0.07 I-0.011 J0.0158
X-40.3546 Y-1.5088 Z-0.0803 I-0.0171 J-0.0088
X-40.3312 Y-1.5182 Z-0.085 I0.0171 J0.0088
X-40.3438 Y-1.4818 Z-0.0953 I-0.0063 J0.0182
X-40.3312 Y-1.5182 Z-0.1056 I0.0063 J-0.0182
X-40.3438 Y-1.4818 Z-0.1159 I-0.0063 J0.0182
X-40.3312 Y-1.5182 Z-0.1262 I0.0063 J-0.0182
X-40.3183 Y-1.5015 Z-0.13 I-0.0063 J0.0182
X-40.3567 Y-1.4985 Z-0.1403 I-0.0192 J0.0015
X-40.3416 Y-1.5188 Z-0.145 I0.0192 J-0.0015
X-40.3334 Y-1.4812 I0.0041 J0.0188
X-40.3416 Y-1.5188 I-0.0041 J-0.0188
X-40.3301 Y-1.5115 I0.002 J0.0094
G1 X-40.3285 Y-1.5038
X-40.3278 Y-1.5008 Z-0.1447
X-40.3272 Y-1.4979 Z-0.1438
X-40.3266 Y-1.4952 Z-0.1423
X-40.3261 Y-1.4929 Z-0.1404
X-40.3257 Y-1.491 Z-0.138
X-40.3254 Y-1.4895 Z-0.1353
X-40.3252 Y-1.4887 Z-0.1323
X-40.3251 Y-1.4884 Z-0.1292
G0 Z0.4
X-40.8279 Y-1.514
Z0.13
G1 Z0.0658 F40.
G19 G3 Y-1.4982 Z0.05 J0.0158 K0.
G1 Y-1.4904
G17 G3 X-40.8375 Y-1.4807 I-0.0096 J0.
Y-1.5193 Z0.0397 I0. J-0.0192
Y-1.4807 Z0.0294 I0. J0.0193
X-40.8427 Y-1.5185 Z0.02 I0. J-0.0193
X-40.8323 Y-1.4815 Z0.0097 I0.0052 J0.0185
X-40.8551 Y-1.4923 Z0.005 I-0.0052 J-0.0185
X-40.8199 Y-1.5077 Z-0.0053 I0.0176 J-0.0077
X-40.8274 Y-1.4836 Z-0.01 I-0.0176 J0.0077
X-40.8475 Y-1.5164 Z-0.0203 I-0.01 J-0.0164
X-40.8226 Y-1.5122 Z-0.025 I0.01 J0.0164
X-40.8524 Y-1.4878 Z-0.0353 I-0.0149 J0.0122
X-40.8226 Y-1.5122 Z-0.0456 I0.0149 J-0.0122
X-40.8485 Y-1.4842 Z-0.055 I-0.0149 J0.0122
X-40.8265 Y-1.5158 Z-0.0653 I0.011 J-0.0158
X-40.8204 Y-1.4912 Z-0.07 I-0.011 J0.0158
X-40.8546 Y-1.5088 Z-0.0803 I-0.0171 J-0.0088
X-40.8312 Y-1.5182 Z-0.085 I0.0171 J0.0088
X-40.8438 Y-1.4818 Z-0.0953 I-0.0063 J0.0182
X-40.8312 Y-1.5182 Z-0.1056 I0.0063 J-0.0182
X-40.8438 Y-1.4818 Z-0.1159 I-0.0063 J0.0182
X-40.8312 Y-1.5182 Z-0.1262 I0.0063 J-0.0182
X-40.8183 Y-1.5015 Z-0.13 I-0.0063 J0.0182
X-40.8567 Y-1.4985 Z-0.1403 I-0.0192 J0.0015
X-40.8416 Y-1.5188 Z-0.145 I0.0192 J-0.0015
X-40.8334 Y-1.4812 I0.0041 J0.0188
X-40.8416 Y-1.5188 I-0.0041 J-0.0188
X-40.8301 Y-1.5115 I0.0021 J0.0094
G1 X-40.8285 Y-1.5038
X-40.8278 Y-1.5008 Z-0.1447
X-40.8272 Y-1.4979 Z-0.1438
X-40.8266 Y-1.4952 Z-0.1423
X-40.8261 Y-1.4929 Z-0.1404
X-40.8257 Y-1.491 Z-0.138
X-40.8254 Y-1.4895 Z-0.1353
X-40.8252 Y-1.4887 Z-0.1323
X-40.8251 Y-1.4884 Z-0.1292
G0 Z0.4
X-41.3279 Y-1.514
Z0.13
G1 Z0.0658 F40.
G19 G3 Y-1.4982 Z0.05 J0.0158 K0.
G1 Y-1.4904
G17 G3 X-41.3375 Y-1.4807 I-0.0096 J0.
Y-1.5192 Z0.0397 I0. J-0.0192
Y-1.4808 Z0.0294 I0. J0.0192
X-41.3427 Y-1.5185 Z0.02 I0. J-0.0192
X-41.3323 Y-1.4815 Z0.0097 I0.0052 J0.0185
X-41.3427 Y-1.5185 Z-0.0006 I-0.0052 J-0.0185
X-41.3274 Y-1.4836 Z-0.01 I0.0052 J0.0185
X-41.3476 Y-1.5164 Z-0.0203 I-0.0101 J-0.0164
X-41.3226 Y-1.5122 Z-0.025 I0.0101 J0.0164
X-41.3524 Y-1.4878 Z-0.0353 I-0.0149 J0.0122
X-41.3516 Y-1.5131 Z-0.04 I0.0149 J-0.0122
X-41.3234 Y-1.4869 Z-0.0503 I0.0141 J0.0131
X-41.3485 Y-1.4842 Z-0.055 I-0.0141 J-0.0131
X-41.3265 Y-1.5158 Z-0.0653 I0.011 J-0.0158
X-41.3204 Y-1.4912 Z-0.07 I-0.011 J0.0158
X-41.3546 Y-1.5088 Z-0.0803 I-0.0171 J-0.0088
X-41.3312 Y-1.5182 Z-0.085 I0.0171 J0.0088
X-41.3438 Y-1.4818 Z-0.0953 I-0.0063 J0.0182
X-41.3312 Y-1.5182 Z-0.1056 I0.0063 J-0.0182
X-41.3438 Y-1.4818 Z-0.1159 I-0.0063 J0.0182
X-41.3312 Y-1.5182 Z-0.1262 I0.0063 J-0.0182
X-41.3183 Y-1.5015 Z-0.13 I-0.0063 J0.0182
X-41.3567 Y-1.4985 Z-0.1403 I-0.0192 J0.0015
X-41.3416 Y-1.5188 Z-0.145 I0.0192 J-0.0015
X-41.3334 Y-1.4812 I0.0041 J0.0188
X-41.3416 Y-1.5188 I-0.0041 J-0.0188
X-41.3301 Y-1.5115 I0.002 J0.0094
G1 X-41.3285 Y-1.5038
X-41.3278 Y-1.5008 Z-0.1447
X-41.3272 Y-1.4979 Z-0.1438
X-41.3266 Y-1.4952 Z-0.1423
X-41.3261 Y-1.4929 Z-0.1404
X-41.3257 Y-1.491 Z-0.138
X-41.3254 Y-1.4895 Z-0.1353
X-41.3252 Y-1.4887 Z-0.1323
X-41.3251 Y-1.4884 Z-0.1292
G0 Z0.4
X-41.8279 Y-1.514
Z0.13
G1 Z0.0658 F40.
G19 G3 Y-1.4982 Z0.05 J0.0158 K0.
G1 Y-1.4904
G17 G3 X-41.8375 Y-1.4807 I-0.0096 J0.
Y-1.5193 Z0.0397 I0. J-0.0192
X-41.8184 Y-1.5026 Z0.035 I0. J0.0193
X-41.8566 Y-1.4974 Z0.0247 I-0.0191 J0.0026
X-41.8427 Y-1.5185 Z0.02 I0.0191 J-0.0026
X-41.8323 Y-1.4815 Z0.0097 I0.0052 J0.0185
X-41.8427 Y-1.5185 Z-0.0006 I-0.0052 J-0.0185
X-41.8275 Y-1.4836 Z-0.01 I0.0052 J0.0185
X-41.8475 Y-1.5164 Z-0.0203 I-0.01 J-0.0164
X-41.8226 Y-1.5122 Z-0.025 I0.01 J0.0164
X-41.8524 Y-1.4878 Z-0.0353 I-0.0149 J0.0122
X-41.8226 Y-1.5122 Z-0.0456 I0.0149 J-0.0122
X-41.8485 Y-1.4842 Z-0.055 I-0.0149 J0.0122
X-41.8265 Y-1.5158 Z-0.0653 I0.011 J-0.0158
X-41.8204 Y-1.4912 Z-0.07 I-0.011 J0.0158
X-41.8546 Y-1.5088 Z-0.0803 I-0.0171 J-0.0088
X-41.8312 Y-1.5182 Z-0.085 I0.0171 J0.0088
X-41.8438 Y-1.4818 Z-0.0953 I-0.0063 J0.0182
X-41.8312 Y-1.5182 Z-0.1056 I0.0063 J-0.0182
X-41.8438 Y-1.4818 Z-0.1159 I-0.0063 J0.0182
X-41.8312 Y-1.5182 Z-0.1262 I0.0063 J-0.0182
X-41.8183 Y-1.5015 Z-0.13 I-0.0063 J0.0182
X-41.8567 Y-1.4985 Z-0.1403 I-0.0192 J0.0015
X-41.8416 Y-1.5188 Z-0.145 I0.0192 J-0.0015
X-41.8334 Y-1.4812 I0.0041 J0.0188
X-41.8416 Y-1.5188 I-0.0041 J-0.0188
X-41.8301 Y-1.5115 I0.0021 J0.0094
G1 X-41.8285 Y-1.5038
X-41.8278 Y-1.5008 Z-0.1447
X-41.8272 Y-1.4979 Z-0.1438
X-41.8266 Y-1.4952 Z-0.1423
X-41.8261 Y-1.4929 Z-0.1404
X-41.8257 Y-1.491 Z-0.138
X-41.8254 Y-1.4895 Z-0.1353
X-41.8252 Y-1.4887 Z-0.1323
X-41.8251 Y-1.4884 Z-0.1292
G0 Z0.4
X-42.3279 Y-1.514
Z0.13
G1 Z0.0658 F40.
G19 G3 Y-1.4982 Z0.05 J0.0158 K0.
G1 Y-1.4904
G17 G3 X-42.3375 Y-1.4807 I-0.0096 J0.
Y-1.5192 Z0.0397 I0. J-0.0192
Y-1.4808 Z0.0294 I0. J0.0192
X-42.3427 Y-1.5185 Z0.02 I0. J-0.0192
X-42.3323 Y-1.4815 Z0.0097 I0.0052 J0.0185
X-42.3427 Y-1.5185 Z-0.0006 I-0.0052 J-0.0185
X-42.3274 Y-1.4836 Z-0.01 I0.0052 J0.0185
X-42.3476 Y-1.5164 Z-0.0203 I-0.0101 J-0.0164
X-42.3226 Y-1.5122 Z-0.025 I0.0101 J0.0164
X-42.3524 Y-1.4878 Z-0.0353 I-0.0149 J0.0122
X-42.3516 Y-1.5131 Z-0.04 I0.0149 J-0.0122
X-42.3234 Y-1.4869 Z-0.0503 I0.0141 J0.0131
X-42.3485 Y-1.4842 Z-0.055 I-0.0141 J-0.0131
X-42.3265 Y-1.5158 Z-0.0653 I0.011 J-0.0158
X-42.3204 Y-1.4912 Z-0.07 I-0.011 J0.0158
X-42.3546 Y-1.5088 Z-0.0803 I-0.0171 J-0.0088
X-42.3312 Y-1.5182 Z-0.085 I0.0171 J0.0088
X-42.3438 Y-1.4818 Z-0.0953 I-0.0063 J0.0182
X-42.3312 Y-1.5182 Z-0.1056 I0.0063 J-0.0182
X-42.3438 Y-1.4818 Z-0.1159 I-0.0063 J0.0182
X-42.3312 Y-1.5182 Z-0.1262 I0.0063 J-0.0182
X-42.3183 Y-1.5015 Z-0.13 I-0.0063 J0.0182
X-42.3567 Y-1.4985 Z-0.1403 I-0.0192 J0.0015
X-42.3416 Y-1.5188 Z-0.145 I0.0192 J-0.0015
X-42.3334 Y-1.4812 I0.0041 J0.0188
X-42.3416 Y-1.5188 I-0.0041 J-0.0188
X-42.3301 Y-1.5115 I0.0021 J0.0094
G1 X-42.3285 Y-1.5038
X-42.3278 Y-1.5008 Z-0.1447
X-42.3272 Y-1.4979 Z-0.1438
X-42.3266 Y-1.4952 Z-0.1423
X-42.3261 Y-1.4929 Z-0.1404
X-42.3257 Y-1.491 Z-0.138
X-42.3254 Y-1.4895 Z-0.1353
X-42.3252 Y-1.4887 Z-0.1323
X-42.3251 Y-1.4884 Z-0.1292
G0 Z0.4
X-42.8279 Y-1.514
Z0.13
G1 Z0.0658 F40.
G19 G3 Y-1.4982 Z0.05 J0.0158 K0.
G1 Y-1.4904
G17 G3 X-42.8375 Y-1.4807 I-0.0096 J0.
Y-1.5192 Z0.0397 I0. J-0.0192
Y-1.4808 Z0.0294 I0. J0.0192
X-42.8427 Y-1.5185 Z0.02 I0. J-0.0192
X-42.8323 Y-1.4815 Z0.0097 I0.0052 J0.0185
X-42.8427 Y-1.5185 Z-0.0006 I-0.0052 J-0.0185
X-42.8274 Y-1.4836 Z-0.01 I0.0052 J0.0185
X-42.8476 Y-1.5164 Z-0.0203 I-0.0101 J-0.0164
X-42.8226 Y-1.5122 Z-0.025 I0.0101 J0.0164
X-42.8524 Y-1.4878 Z-0.0353 I-0.0149 J0.0122
X-42.8226 Y-1.5122 Z-0.0456 I0.0149 J-0.0122
X-42.8485 Y-1.4842 Z-0.055 I-0.0149 J0.0122
X-42.8265 Y-1.5158 Z-0.0653 I0.011 J-0.0158
X-42.8204 Y-1.4912 Z-0.07 I-0.011 J0.0158
X-42.8546 Y-1.5088 Z-0.0803 I-0.0171 J-0.0088
X-42.8312 Y-1.5182 Z-0.085 I0.0171 J0.0088
X-42.8438 Y-1.4818 Z-0.0953 I-0.0063 J0.0182
X-42.8312 Y-1.5182 Z-0.1056 I0.0063 J-0.0182
X-42.8438 Y-1.4818 Z-0.1159 I-0.0063 J0.0182
X-42.8312 Y-1.5182 Z-0.1262 I0.0063 J-0.0182
X-42.8183 Y-1.5015 Z-0.13 I-0.0063 J0.0182
X-42.8567 Y-1.4985 Z-0.1403 I-0.0192 J0.0015
X-42.8416 Y-1.5188 Z-0.145 I0.0192 J-0.0015
X-42.8334 Y-1.4812 I0.0041 J0.0188
X-42.8416 Y-1.5188 I-0.0041 J-0.0188
X-42.8301 Y-1.5115 I0.002 J0.0094
G1 X-42.8285 Y-1.5038
X-42.8278 Y-1.5008 Z-0.1447
X-42.8272 Y-1.4979 Z-0.1438
X-42.8266 Y-1.4952 Z-0.1423
X-42.8261 Y-1.4929 Z-0.1404
X-42.8257 Y-1.491 Z-0.138
X-42.8254 Y-1.4895 Z-0.1353
X-42.8252 Y-1.4887 Z-0.1323
X-42.8251 Y-1.4884 Z-0.1292
G0 Z0.4
X-43.8279 Y-1.514
Z0.13
G1 Z0.0658 F40.
G19 G3 Y-1.4982 Z0.05 J0.0158 K0.
G1 Y-1.4904
G17 G3 X-43.8375 Y-1.4807 I-0.0096 J0.
Y-1.5192 Z0.0397 I0. J-0.0192
Y-1.4808 Z0.0294 I0. J0.0192
X-43.8427 Y-1.5185 Z0.02 I0. J-0.0192
X-43.8323 Y-1.4815 Z0.0097 I0.0052 J0.0185
X-43.8427 Y-1.5185 Z-0.0006 I-0.0052 J-0.0185
X-43.8274 Y-1.4836 Z-0.01 I0.0052 J0.0185
X-43.8476 Y-1.5164 Z-0.0203 I-0.0101 J-0.0164
X-43.8226 Y-1.5122 Z-0.025 I0.0101 J0.0164
X-43.8524 Y-1.4878 Z-0.0353 I-0.0149 J0.0122
X-43.8516 Y-1.5131 Z-0.04 I0.0149 J-0.0122
X-43.8234 Y-1.4869 Z-0.0503 I0.0141 J0.0131
X-43.8485 Y-1.4842 Z-0.055 I-0.0141 J-0.0131
X-43.8265 Y-1.5158 Z-0.0653 I0.011 J-0.0158
X-43.8204 Y-1.4912 Z-0.07 I-0.011 J0.0158
X-43.8546 Y-1.5088 Z-0.0803 I-0.0171 J-0.0088
X-43.8312 Y-1.5182 Z-0.085 I0.0171 J0.0088
X-43.8438 Y-1.4818 Z-0.0953 I-0.0063 J0.0182
X-43.8312 Y-1.5182 Z-0.1056 I0.0063 J-0.0182
X-43.8438 Y-1.4818 Z-0.1159 I-0.0063 J0.0182
X-43.8312 Y-1.5182 Z-0.1262 I0.0063 J-0.0182
X-43.8183 Y-1.5015 Z-0.13 I-0.0063 J0.0182
X-43.8567 Y-1.4985 Z-0.1403 I-0.0192 J0.0015
X-43.8416 Y-1.5188 Z-0.145 I0.0192 J-0.0015
X-43.8334 Y-1.4812 I0.0041 J0.0188
X-43.8416 Y-1.5188 I-0.0041 J-0.0188
X-43.8301 Y-1.5115 I0.002 J0.0094
G1 X-43.8285 Y-1.5038
X-43.8278 Y-1.5008 Z-0.1447
X-43.8272 Y-1.4979 Z-0.1438
X-43.8266 Y-1.4952 Z-0.1423
X-43.8261 Y-1.4929 Z-0.1404
X-43.8257 Y-1.491 Z-0.138
X-43.8254 Y-1.4895 Z-0.1353
X-43.8252 Y-1.4887 Z-0.1323
X-43.8251 Y-1.4884 Z-0.1292
G0 Z0.4
X-44.3279 Y-1.514
Z0.13
G1 Z0.0658 F40.
G19 G3 Y-1.4982 Z0.05 J0.0158 K0.
G1 Y-1.4904
G17 G3 X-44.3375 Y-1.4807 I-0.0096 J0.
Y-1.5193 Z0.0397 I0. J-0.0192
X-44.3184 Y-1.5026 Z0.035 I0. J0.0193
X-44.3566 Y-1.4974 Z0.0247 I-0.0191 J0.0026
X-44.3427 Y-1.5185 Z0.02 I0.0191 J-0.0026
X-44.3323 Y-1.4815 Z0.0097 I0.0052 J0.0185
X-44.3427 Y-1.5185 Z-0.0006 I-0.0052 J-0.0185
X-44.3275 Y-1.4836 Z-0.01 I0.0052 J0.0185
X-44.3475 Y-1.5164 Z-0.0203 I-0.01 J-0.0164
X-44.3226 Y-1.5122 Z-0.025 I0.01 J0.0164
X-44.3524 Y-1.4878 Z-0.0353 I-0.0149 J0.0122
X-44.3226 Y-1.5122 Z-0.0456 I0.0149 J-0.0122
X-44.3485 Y-1.4842 Z-0.055 I-0.0149 J0.0122
X-44.3265 Y-1.5158 Z-0.0653 I0.011 J-0.0158
X-44.3204 Y-1.4912 Z-0.07 I-0.011 J0.0158
X-44.3546 Y-1.5088 Z-0.0803 I-0.0171 J-0.0088
X-44.3312 Y-1.5182 Z-0.085 I0.0171 J0.0088
X-44.3438 Y-1.4818 Z-0.0953 I-0.0063 J0.0182
X-44.3312 Y-1.5182 Z-0.1056 I0.0063 J-0.0182
X-44.3438 Y-1.4818 Z-0.1159 I-0.0063 J0.0182
X-44.3312 Y-1.5182 Z-0.1262 I0.0063 J-0.0182
X-44.3183 Y-1.5015 Z-0.13 I-0.0063 J0.0182
X-44.3567 Y-1.4985 Z-0.1403 I-0.0192 J0.0015
X-44.3416 Y-1.5188 Z-0.145 I0.0192 J-0.0015
X-44.3334 Y-1.4812 I0.0041 J0.0188
X-44.3416 Y-1.5188 I-0.0041 J-0.0188
X-44.3301 Y-1.5115 I0.0021 J0.0094
G1 X-44.3285 Y-1.5038
X-44.3278 Y-1.5008 Z-0.1447
X-44.3272 Y-1.4979 Z-0.1438
X-44.3266 Y-1.4952 Z-0.1423
X-44.3261 Y-1.4929 Z-0.1404
X-44.3257 Y-1.491 Z-0.138
X-44.3254 Y-1.4895 Z-0.1353
X-44.3252 Y-1.4887 Z-0.1323
X-44.3251 Y-1.4884 Z-0.1292
G0 Z0.4
X-44.8279 Y-1.514
Z0.13
G1 Z0.0658 F40.
G19 G3 Y-1.4982 Z0.05 J0.0158 K0.
G1 Y-1.4904
G17 G3 X-44.8375 Y-1.4807 I-0.0096 J0.
Y-1.5192 Z0.0397 I0. J-0.0192
Y-1.4808 Z0.0294 I0. J0.0192
X-44.8427 Y-1.5185 Z0.02 I0. J-0.0192
X-44.8323 Y-1.4815 Z0.0097 I0.0052 J0.0185
X-44.8427 Y-1.5185 Z-0.0006 I-0.0052 J-0.0185
X-44.8274 Y-1.4836 Z-0.01 I0.0052 J0.0185
X-44.8476 Y-1.5164 Z-0.0203 I-0.0101 J-0.0164
X-44.8226 Y-1.5122 Z-0.025 I0.0101 J0.0164
X-44.8524 Y-1.4878 Z-0.0353 I-0.0149 J0.0122
X-44.8516 Y-1.5131 Z-0.04 I0.0149 J-0.0122
X-44.8234 Y-1.4869 Z-0.0503 I0.0141 J0.0131
X-44.8485 Y-1.4842 Z-0.055 I-0.0141 J-0.0131
X-44.8265 Y-1.5158 Z-0.0653 I0.011 J-0.0158
X-44.8204 Y-1.4912 Z-0.07 I-0.011 J0.0158
X-44.8546 Y-1.5088 Z-0.0803 I-0.0171 J-0.0088
X-44.8312 Y-1.5182 Z-0.085 I0.0171 J0.0088
X-44.8438 Y-1.4818 Z-0.0953 I-0.0063 J0.0182
X-44.8312 Y-1.5182 Z-0.1056 I0.0063 J-0.0182
X-44.8438 Y-1.4818 Z-0.1159 I-0.0063 J0.0182
X-44.8312 Y-1.5182 Z-0.1262 I0.0063 J-0.0182
X-44.8183 Y-1.5015 Z-0.13 I-0.0063 J0.0182
X-44.8567 Y-1.4985 Z-0.1403 I-0.0192 J0.0015
X-44.8416 Y-1.5188 Z-0.145 I0.0192 J-0.0015
X-44.8334 Y-1.4812 I0.0041 J0.0188
X-44.8416 Y-1.5188 I-0.0041 J-0.0188
X-44.8301 Y-1.5115 I0.0021 J0.0094
G1 X-44.8285 Y-1.5038
X-44.8278 Y-1.5008 Z-0.1447
X-44.8272 Y-1.4979 Z-0.1438
X-44.8266 Y-1.4952 Z-0.1423
X-44.8261 Y-1.4929 Z-0.1404
X-44.8257 Y-1.491 Z-0.138
X-44.8254 Y-1.4895 Z-0.1353
X-44.8252 Y-1.4887 Z-0.1323
X-44.8251 Y-1.4884 Z-0.1292
G0 Z0.4
X-45.3279 Y-1.514
Z0.13
G1 Z0.0658 F40.
G19 G3 Y-1.4982 Z0.05 J0.0158 K0.
G1 Y-1.4904
G17 G3 X-45.3375 Y-1.4807 I-0.0096 J0.
Y-1.5192 Z0.0397 I0. J-0.0192
Y-1.4808 Z0.0294 I0. J0.0192
X-45.3427 Y-1.5185 Z0.02 I0. J-0.0192
X-45.3323 Y-1.4815 Z0.0097 I0.0052 J0.0185
X-45.3427 Y-1.5185 Z-0.0006 I-0.0052 J-0.0185
X-45.3274 Y-1.4836 Z-0.01 I0.0052 J0.0185
X-45.3476 Y-1.5164 Z-0.0203 I-0.0101 J-0.0164
X-45.3226 Y-1.5122 Z-0.025 I0.0101 J0.0164
X-45.3524 Y-1.4878 Z-0.0353 I-0.0149 J0.0122
X-45.3226 Y-1.5122 Z-0.0456 I0.0149 J-0.0122
X-45.3485 Y-1.4842 Z-0.055 I-0.0149 J0.0122
X-45.3265 Y-1.5158 Z-0.0653 I0.011 J-0.0158
X-45.3204 Y-1.4912 Z-0.07 I-0.011 J0.0158
X-45.3546 Y-1.5088 Z-0.0803 I-0.0171 J-0.0088
X-45.3312 Y-1.5182 Z-0.085 I0.0171 J0.0088
X-45.3438 Y-1.4818 Z-0.0953 I-0.0063 J0.0182
X-45.3312 Y-1.5182 Z-0.1056 I0.0063 J-0.0182
X-45.3438 Y-1.4818 Z-0.1159 I-0.0063 J0.0182
X-45.3312 Y-1.5182 Z-0.1262 I0.0063 J-0.0182
X-45.3183 Y-1.5015 Z-0.13 I-0.0063 J0.0182
X-45.3567 Y-1.4985 Z-0.1403 I-0.0192 J0.0015
X-45.3416 Y-1.5188 Z-0.145 I0.0192 J-0.0015
X-45.3334 Y-1.4812 I0.0041 J0.0188
X-45.3416 Y-1.5188 I-0.0041 J-0.0188
X-45.3301 Y-1.5115 I0.002 J0.0094
G1 X-45.3285 Y-1.5038
X-45.3278 Y-1.5008 Z-0.1447
X-45.3272 Y-1.4979 Z-0.1438
X-45.3266 Y-1.4952 Z-0.1423
X-45.3261 Y-1.4929 Z-0.1404
X-45.3257 Y-1.491 Z-0.138
X-45.3254 Y-1.4895 Z-0.1353
X-45.3252 Y-1.4887 Z-0.1323
X-45.3251 Y-1.4884 Z-0.1292
G0 Z0.4
X-45.8279 Y-1.514
Z0.13
G1 Z0.0658 F40.
G19 G3 Y-1.4982 Z0.05 J0.0158 K0.
G1 Y-1.4904
G17 G3 X-45.8375 Y-1.4807 I-0.0096 J0.
Y-1.5193 Z0.0397 I0. J-0.0192
Y-1.4807 Z0.0294 I0. J0.0193
X-45.8427 Y-1.5185 Z0.02 I0. J-0.0193
X-45.8323 Y-1.4815 Z0.0097 I0.0052 J0.0185
X-45.8551 Y-1.4923 Z0.005 I-0.0052 J-0.0185
X-45.8199 Y-1.5077 Z-0.0053 I0.0176 J-0.0077
X-45.8274 Y-1.4836 Z-0.01 I-0.0176 J0.0077
X-45.8475 Y-1.5164 Z-0.0203 I-0.01 J-0.0164
X-45.8226 Y-1.5122 Z-0.025 I0.01 J0.0164
X-45.8524 Y-1.4878 Z-0.0353 I-0.0149 J0.0122
X-45.8226 Y-1.5122 Z-0.0456 I0.0149 J-0.0122
X-45.8485 Y-1.4842 Z-0.055 I-0.0149 J0.0122
X-45.8265 Y-1.5158 Z-0.0653 I0.011 J-0.0158
X-45.8204 Y-1.4912 Z-0.07 I-0.011 J0.0158
X-45.8546 Y-1.5088 Z-0.0803 I-0.0171 J-0.0088
X-45.8312 Y-1.5182 Z-0.085 I0.0171 J0.0088
X-45.8438 Y-1.4818 Z-0.0953 I-0.0063 J0.0182
X-45.8312 Y-1.5182 Z-0.1056 I0.0063 J-0.0182
X-45.8438 Y-1.4818 Z-0.1159 I-0.0063 J0.0182
X-45.8312 Y-1.5182 Z-0.1262 I0.0063 J-0.0182
X-45.8183 Y-1.5015 Z-0.13 I-0.0063 J0.0182
X-45.8567 Y-1.4985 Z-0.1403 I-0.0192 J0.0015
X-45.8416 Y-1.5188 Z-0.145 I0.0192 J-0.0015
X-45.8334 Y-1.4812 I0.0041 J0.0188
X-45.8416 Y-1.5188 I-0.0041 J-0.0188
X-45.8301 Y-1.5115 I0.0021 J0.0094
G1 X-45.8285 Y-1.5038
X-45.8278 Y-1.5008 Z-0.1447
X-45.8272 Y-1.4979 Z-0.1438
X-45.8266 Y-1.4952 Z-0.1423
X-45.8261 Y-1.4929 Z-0.1404
X-45.8257 Y-1.491 Z-0.138
X-45.8254 Y-1.4895 Z-0.1353
X-45.8252 Y-1.4887 Z-0.1323
X-45.8251 Y-1.4884 Z-0.1292
G0 Z0.4
X-46.3279 Y-1.514
Z0.13
G1 Z0.0658 F40.
G19 G3 Y-1.4982 Z0.05 J0.0158 K0.
G1 Y-1.4904
G17 G3 X-46.3375 Y-1.4807 I-0.0096 J0.
Y-1.5192 Z0.0397 I0. J-0.0192
Y-1.4808 Z0.0294 I0. J0.0192
X-46.3427 Y-1.5185 Z0.02 I0. J-0.0192
X-46.3323 Y-1.4815 Z0.0097 I0.0052 J0.0185
X-46.3427 Y-1.5185 Z-0.0006 I-0.0052 J-0.0185
X-46.3274 Y-1.4836 Z-0.01 I0.0052 J0.0185
X-46.3476 Y-1.5164 Z-0.0203 I-0.0101 J-0.0164
X-46.3226 Y-1.5122 Z-0.025 I0.0101 J0.0164
X-46.3524 Y-1.4878 Z-0.0353 I-0.0149 J0.0122
X-46.3516 Y-1.5131 Z-0.04 I0.0149 J-0.0122
X-46.3234 Y-1.4869 Z-0.0503 I0.0141 J0.0131
X-46.3485 Y-1.4842 Z-0.055 I-0.0141 J-0.0131
X-46.3265 Y-1.5158 Z-0.0653 I0.011 J-0.0158
X-46.3204 Y-1.4912 Z-0.07 I-0.011 J0.0158
X-46.3546 Y-1.5088 Z-0.0803 I-0.0171 J-0.0088
X-46.3312 Y-1.5182 Z-0.085 I0.0171 J0.0088
X-46.3438 Y-1.4818 Z-0.0953 I-0.0063 J0.0182
X-46.3312 Y-1.5182 Z-0.1056 I0.0063 J-0.0182
X-46.3438 Y-1.4818 Z-0.1159 I-0.0063 J0.0182
X-46.3312 Y-1.5182 Z-0.1262 I0.0063 J-0.0182
X-46.3183 Y-1.5015 Z-0.13 I-0.0063 J0.0182
X-46.3567 Y-1.4985 Z-0.1403 I-0.0192 J0.0015
X-46.3416 Y-1.5188 Z-0.145 I0.0192 J-0.0015
X-46.3334 Y-1.4812 I0.0041 J0.0188
X-46.3416 Y-1.5188 I-0.0041 J-0.0188
X-46.3301 Y-1.5115 I0.002 J0.0094
G1 X-46.3285 Y-1.5038
X-46.3278 Y-1.5008 Z-0.1447
X-46.3272 Y-1.4979 Z-0.1438
X-46.3266 Y-1.4952 Z-0.1423
X-46.3261 Y-1.4929 Z-0.1404
X-46.3257 Y-1.491 Z-0.138
X-46.3254 Y-1.4895 Z-0.1353
X-46.3252 Y-1.4887 Z-0.1323
X-46.3251 Y-1.4884 Z-0.1292
G0 Z0.4
X-46.8279 Y-1.514
Z0.13
G1 Z0.0658 F40.
G19 G3 Y-1.4982 Z0.05 J0.0158 K0.
G1 Y-1.4904
G17 G3 X-46.8375 Y-1.4807 I-0.0096 J0.
Y-1.5193 Z0.0397 I0. J-0.0192
X-46.8184 Y-1.5026 Z0.035 I0. J0.0193
X-46.8566 Y-1.4974 Z0.0247 I-0.0191 J0.0026
X-46.8427 Y-1.5185 Z0.02 I0.0191 J-0.0026
X-46.8323 Y-1.4815 Z0.0097 I0.0052 J0.0185
X-46.8427 Y-1.5185 Z-0.0006 I-0.0052 J-0.0185
X-46.8275 Y-1.4836 Z-0.01 I0.0052 J0.0185
X-46.8475 Y-1.5164 Z-0.0203 I-0.01 J-0.0164
X-46.8226 Y-1.5122 Z-0.025 I0.01 J0.0164
X-46.8524 Y-1.4878 Z-0.0353 I-0.0149 J0.0122
X-46.8226 Y-1.5122 Z-0.0456 I0.0149 J-0.0122
X-46.8485 Y-1.4842 Z-0.055 I-0.0149 J0.0122
X-46.8265 Y-1.5158 Z-0.0653 I0.011 J-0.0158
X-46.8204 Y-1.4912 Z-0.07 I-0.011 J0.0158
X-46.8546 Y-1.5088 Z-0.0803 I-0.0171 J-0.0088
X-46.8312 Y-1.5182 Z-0.085 I0.0171 J0.0088
X-46.8438 Y-1.4818 Z-0.0953 I-0.0063 J0.0182
X-46.8312 Y-1.5182 Z-0.1056 I0.0063 J-0.0182
X-46.8438 Y-1.4818 Z-0.1159 I-0.0063 J0.0182
X-46.8312 Y-1.5182 Z-0.1262 I0.0063 J-0.0182
X-46.8183 Y-1.5015 Z-0.13 I-0.0063 J0.0182
X-46.8567 Y-1.4985 Z-0.1403 I-0.0192 J0.0015
X-46.8416 Y-1.5188 Z-0.145 I0.0192 J-0.0015
X-46.8334 Y-1.4812 I0.0041 J0.0188
X-46.8416 Y-1.5188 I-0.0041 J-0.0188
X-46.8301 Y-1.5115 I0.0021 J0.0094
G1 X-46.8285 Y-1.5038
X-46.8278 Y-1.5008 Z-0.1447
X-46.8272 Y-1.4979 Z-0.1438
X-46.8266 Y-1.4952 Z-0.1423
X-46.8261 Y-1.4929 Z-0.1404
X-46.8257 Y-1.491 Z-0.138
X-46.8254 Y-1.4895 Z-0.1353
X-46.8252 Y-1.4887 Z-0.1323
X-46.8251 Y-1.4884 Z-0.1292
G0 Z0.4
X-47.3279 Y-1.514
Z0.13
G1 Z0.0658 F40.
G19 G3 Y-1.4982 Z0.05 J0.0158 K0.
G1 Y-1.4904
G17 G3 X-47.3375 Y-1.4807 I-0.0096 J0.
Y-1.5192 Z0.0397 I0. J-0.0192
Y-1.4808 Z0.0294 I0. J0.0192
X-47.3427 Y-1.5185 Z0.02 I0. J-0.0192
X-47.3323 Y-1.4815 Z0.0097 I0.0052 J0.0185
X-47.3427 Y-1.5185 Z-0.0006 I-0.0052 J-0.0185
X-47.3274 Y-1.4836 Z-0.01 I0.0052 J0.0185
X-47.3476 Y-1.5164 Z-0.0203 I-0.0101 J-0.0164
X-47.3226 Y-1.5122 Z-0.025 I0.0101 J0.0164
X-47.3524 Y-1.4878 Z-0.0353 I-0.0149 J0.0122
X-47.3516 Y-1.5131 Z-0.04 I0.0149 J-0.0122
X-47.3234 Y-1.4869 Z-0.0503 I0.0141 J0.0131
X-47.3485 Y-1.4842 Z-0.055 I-0.0141 J-0.0131
X-47.3265 Y-1.5158 Z-0.0653 I0.011 J-0.0158
X-47.3204 Y-1.4912 Z-0.07 I-0.011 J0.0158
X-47.3546 Y-1.5088 Z-0.0803 I-0.0171 J-0.0088
X-47.3312 Y-1.5182 Z-0.085 I0.0171 J0.0088
X-47.3438 Y-1.4818 Z-0.0953 I-0.0063 J0.0182
X-47.3312 Y-1.5182 Z-0.1056 I0.0063 J-0.0182
X-47.3438 Y-1.4818 Z-0.1159 I-0.0063 J0.0182
X-47.3312 Y-1.5182 Z-0.1262 I0.0063 J-0.0182
X-47.3183 Y-1.5015 Z-0.13 I-0.0063 J0.0182
X-47.3567 Y-1.4985 Z-0.1403 I-0.0192 J0.0015
X-47.3416 Y-1.5188 Z-0.145 I0.0192 J-0.0015
X-47.3334 Y-1.4812 I0.0041 J0.0188
X-47.3416 Y-1.5188 I-0.0041 J-0.0188
X-47.3301 Y-1.5115 I0.0021 J0.0094
G1 X-47.3285 Y-1.5038
X-47.3278 Y-1.5008 Z-0.1447
X-47.3272 Y-1.4979 Z-0.1438
X-47.3266 Y-1.4952 Z-0.1423
X-47.3261 Y-1.4929 Z-0.1404
X-47.3257 Y-1.491 Z-0.138
X-47.3254 Y-1.4895 Z-0.1353
X-47.3252 Y-1.4887 Z-0.1323
X-47.3251 Y-1.4884 Z-0.1292
G0 Z0.4
X-47.8279 Y-1.514
Z0.13
G1 Z0.0658 F40.
G19 G3 Y-1.4982 Z0.05 J0.0158 K0.
G1 Y-1.4904
G17 G3 X-47.8375 Y-1.4807 I-0.0096 J0.
Y-1.5192 Z0.0397 I0. J-0.0192
Y-1.4808 Z0.0294 I0. J0.0192
X-47.8427 Y-1.5185 Z0.02 I0. J-0.0192
X-47.8323 Y-1.4815 Z0.0097 I0.0052 J0.0185
X-47.8427 Y-1.5185 Z-0.0006 I-0.0052 J-0.0185
X-47.8274 Y-1.4836 Z-0.01 I0.0052 J0.0185
X-47.8476 Y-1.5164 Z-0.0203 I-0.0101 J-0.0164
X-47.8226 Y-1.5122 Z-0.025 I0.0101 J0.0164
X-47.8524 Y-1.4878 Z-0.0353 I-0.0149 J0.0122
X-47.8226 Y-1.5122 Z-0.0456 I0.0149 J-0.0122
X-47.8485 Y-1.4842 Z-0.055 I-0.0149 J0.0122
X-47.8265 Y-1.5158 Z-0.0653 I0.011 J-0.0158
X-47.8204 Y-1.4912 Z-0.07 I-0.011 J0.0158
X-47.8546 Y-1.5088 Z-0.0803 I-0.0171 J-0.0088
X-47.8312 Y-1.5182 Z-0.085 I0.0171 J0.0088
X-47.8438 Y-1.4818 Z-0.0953 I-0.0063 J0.0182
X-47.8312 Y-1.5182 Z-0.1056 I0.0063 J-0.0182
X-47.8438 Y-1.4818 Z-0.1159 I-0.0063 J0.0182
X-47.8312 Y-1.5182 Z-0.1262 I0.0063 J-0.0182
X-47.8183 Y-1.5015 Z-0.13 I-0.0063 J0.0182
X-47.8567 Y-1.4985 Z-0.1403 I-0.0192 J0.0015
X-47.8416 Y-1.5188 Z-0.145 I0.0192 J-0.0015
X-47.8334 Y-1.4812 I0.0041 J0.0188
X-47.8416 Y-1.5188 I-0.0041 J-0.0188
X-47.8301 Y-1.5115 I0.002 J0.0094
G1 X-47.8285 Y-1.5038
X-47.8278 Y-1.5008 Z-0.1447
X-47.8272 Y-1.4979 Z-0.1438
X-47.8266 Y-1.4952 Z-0.1423
X-47.8261 Y-1.4929 Z-0.1404
X-47.8257 Y-1.491 Z-0.138
X-47.8254 Y-1.4895 Z-0.1353
X-47.8252 Y-1.4887 Z-0.1323
X-47.8251 Y-1.4884 Z-0.1292
G0 Z0.4
X-48.3279 Y-1.514
Z0.13
G1 Z0.0658 F40.
G19 G3 Y-1.4982 Z0.05 J0.0158 K0.
G1 Y-1.4904
G17 G3 X-48.3375 Y-1.4807 I-0.0096 J0.
Y-1.5193 Z0.0397 I0. J-0.0192
Y-1.4807 Z0.0294 I0. J0.0193
X-48.3427 Y-1.5185 Z0.02 I0. J-0.0193
X-48.3323 Y-1.4815 Z0.0097 I0.0052 J0.0185
X-48.3551 Y-1.4923 Z0.005 I-0.0052 J-0.0185
X-48.3199 Y-1.5077 Z-0.0053 I0.0176 J-0.0077
X-48.3274 Y-1.4836 Z-0.01 I-0.0176 J0.0077
X-48.3475 Y-1.5164 Z-0.0203 I-0.01 J-0.0164
X-48.3226 Y-1.5122 Z-0.025 I0.01 J0.0164
X-48.3524 Y-1.4878 Z-0.0353 I-0.0149 J0.0122
X-48.3226 Y-1.5122 Z-0.0456 I0.0149 J-0.0122
X-48.3485 Y-1.4842 Z-0.055 I-0.0149 J0.0122
X-48.3265 Y-1.5158 Z-0.0653 I0.011 J-0.0158
X-48.3204 Y-1.4912 Z-0.07 I-0.011 J0.0158
X-48.3546 Y-1.5088 Z-0.0803 I-0.0171 J-0.0088
X-48.3312 Y-1.5182 Z-0.085 I0.0171 J0.0088
X-48.3438 Y-1.4818 Z-0.0953 I-0.0063 J0.0182
X-48.3312 Y-1.5182 Z-0.1056 I0.0063 J-0.0182
X-48.3438 Y-1.4818 Z-0.1159 I-0.0063 J0.0182
X-48.3312 Y-1.5182 Z-0.1262 I0.0063 J-0.0182
X-48.3183 Y-1.5015 Z-0.13 I-0.0063 J0.0182
X-48.3567 Y-1.4985 Z-0.1403 I-0.0192 J0.0015
X-48.3416 Y-1.5188 Z-0.145 I0.0192 J-0.0015
X-48.3334 Y-1.4812 I0.0041 J0.0188
X-48.3416 Y-1.5188 I-0.0041 J-0.0188
X-48.3301 Y-1.5115 I0.0021 J0.0094
G1 X-48.3285 Y-1.5038
X-48.3278 Y-1.5008 Z-0.1447
X-48.3272 Y-1.4979 Z-0.1438
X-48.3266 Y-1.4952 Z-0.1423
X-48.3261 Y-1.4929 Z-0.1404
X-48.3257 Y-1.491 Z-0.138
X-48.3254 Y-1.4895 Z-0.1353
X-48.3252 Y-1.4887 Z-0.1323
X-48.3251 Y-1.4884 Z-0.1292
G0 Z0.4
X-48.8279 Y-1.514
Z0.13
G1 Z0.0658 F40.
G19 G3 Y-1.4982 Z0.05 J0.0158 K0.
G1 Y-1.4904
G17 G3 X-48.8375 Y-1.4807 I-0.0096 J0.
Y-1.5192 Z0.0397 I0. J-0.0192
Y-1.4808 Z0.0294 I0. J0.0192
X-48.8427 Y-1.5185 Z0.02 I0. J-0.0192
X-48.8323 Y-1.4815 Z0.0097 I0.0052 J0.0185
X-48.8427 Y-1.5185 Z-0.0006 I-0.0052 J-0.0185
X-48.8274 Y-1.4836 Z-0.01 I0.0052 J0.0185
X-48.8476 Y-1.5164 Z-0.0203 I-0.0101 J-0.0164
X-48.8226 Y-1.5122 Z-0.025 I0.0101 J0.0164
X-48.8524 Y-1.4878 Z-0.0353 I-0.0149 J0.0122
X-48.8516 Y-1.5131 Z-0.04 I0.0149 J-0.0122
X-48.8234 Y-1.4869 Z-0.0503 I0.0141 J0.0131
X-48.8485 Y-1.4842 Z-0.055 I-0.0141 J-0.0131
X-48.8265 Y-1.5158 Z-0.0653 I0.011 J-0.0158
X-48.8204 Y-1.4912 Z-0.07 I-0.011 J0.0158
X-48.8546 Y-1.5088 Z-0.0803 I-0.0171 J-0.0088
X-48.8312 Y-1.5182 Z-0.085 I0.0171 J0.0088
X-48.8438 Y-1.4818 Z-0.0953 I-0.0063 J0.0182
X-48.8312 Y-1.5182 Z-0.1056 I0.0063 J-0.0182
X-48.8438 Y-1.4818 Z-0.1159 I-0.0063 J0.0182
X-48.8312 Y-1.5182 Z-0.1262 I0.0063 J-0.0182
X-48.8183 Y-1.5015 Z-0.13 I-0.0063 J0.0182
X-48.8567 Y-1.4985 Z-0.1403 I-0.0192 J0.0015
X-48.8416 Y-1.5188 Z-0.145 I0.0192 J-0.0015
X-48.8334 Y-1.4812 I0.0041 J0.0188
X-48.8416 Y-1.5188 I-0.0041 J-0.0188
X-48.8301 Y-1.5115 I0.002 J0.0094
G1 X-48.8285 Y-1.5038
X-48.8278 Y-1.5008 Z-0.1447
X-48.8272 Y-1.4979 Z-0.1438
X-48.8266 Y-1.4952 Z-0.1423
X-48.8261 Y-1.4929 Z-0.1404
X-48.8257 Y-1.491 Z-0.138
X-48.8254 Y-1.4895 Z-0.1353
X-48.8252 Y-1.4887 Z-0.1323
X-48.8251 Y-1.4884 Z-0.1292
G0 Z0.4
X-49.3279 Y-1.514
Z0.13
G1 Z0.0658 F40.
G19 G3 Y-1.4982 Z0.05 J0.0158 K0.
G1 Y-1.4904
G17 G3 X-49.3375 Y-1.4807 I-0.0096 J0.
Y-1.5193 Z0.0397 I0. J-0.0192
X-49.3184 Y-1.5026 Z0.035 I0. J0.0193
X-49.3566 Y-1.4974 Z0.0247 I-0.0191 J0.0026
X-49.3427 Y-1.5185 Z0.02 I0.0191 J-0.0026
X-49.3323 Y-1.4815 Z0.0097 I0.0052 J0.0185
X-49.3427 Y-1.5185 Z-0.0006 I-0.0052 J-0.0185
X-49.3275 Y-1.4836 Z-0.01 I0.0052 J0.0185
X-49.3475 Y-1.5164 Z-0.0203 I-0.01 J-0.0164
X-49.3226 Y-1.5122 Z-0.025 I0.01 J0.0164
X-49.3524 Y-1.4878 Z-0.0353 I-0.0149 J0.0122
X-49.3226 Y-1.5122 Z-0.0456 I0.0149 J-0.0122
X-49.3485 Y-1.4842 Z-0.055 I-0.0149 J0.0122
X-49.3265 Y-1.5158 Z-0.0653 I0.011 J-0.0158
X-49.3204 Y-1.4912 Z-0.07 I-0.011 J0.0158
X-49.3546 Y-1.5088 Z-0.0803 I-0.0171 J-0.0088
X-49.3312 Y-1.5182 Z-0.085 I0.0171 J0.0088
X-49.3438 Y-1.4818 Z-0.0953 I-0.0063 J0.0182
X-49.3312 Y-1.5182 Z-0.1056 I0.0063 J-0.0182
X-49.3438 Y-1.4818 Z-0.1159 I-0.0063 J0.0182
X-49.3312 Y-1.5182 Z-0.1262 I0.0063 J-0.0182
X-49.3183 Y-1.5015 Z-0.13 I-0.0063 J0.0182
X-49.3567 Y-1.4985 Z-0.1403 I-0.0192 J0.0015
X-49.3416 Y-1.5188 Z-0.145 I0.0192 J-0.0015
X-49.3334 Y-1.4812 I0.0041 J0.0188
X-49.3416 Y-1.5188 I-0.0041 J-0.0188
X-49.3301 Y-1.5115 I0.0021 J0.0094
G1 X-49.3285 Y-1.5038
X-49.3278 Y-1.5008 Z-0.1447
X-49.3272 Y-1.4979 Z-0.1438
X-49.3266 Y-1.4952 Z-0.1423
X-49.3261 Y-1.4929 Z-0.1404
X-49.3257 Y-1.491 Z-0.138
X-49.3254 Y-1.4895 Z-0.1353
X-49.3252 Y-1.4887 Z-0.1323
X-49.3251 Y-1.4884 Z-0.1292
G0 Z0.4
X-49.8279 Y-1.514
Z0.13
G1 Z0.0658 F40.
G19 G3 Y-1.4982 Z0.05 J0.0158 K0.
G1 Y-1.4904
G17 G3 X-49.8375 Y-1.4807 I-0.0096 J0.
Y-1.5192 Z0.0397 I0. J-0.0192
Y-1.4808 Z0.0294 I0. J0.0192
X-49.8427 Y-1.5185 Z0.02 I0. J-0.0192
X-49.8323 Y-1.4815 Z0.0097 I0.0052 J0.0185
X-49.8427 Y-1.5185 Z-0.0006 I-0.0052 J-0.0185
X-49.8274 Y-1.4836 Z-0.01 I0.0052 J0.0185
X-49.8476 Y-1.5164 Z-0.0203 I-0.0101 J-0.0164
X-49.8226 Y-1.5122 Z-0.025 I0.0101 J0.0164
X-49.8524 Y-1.4878 Z-0.0353 I-0.0149 J0.0122
X-49.8516 Y-1.5131 Z-0.04 I0.0149 J-0.0122
X-49.8234 Y-1.4869 Z-0.0503 I0.0141 J0.0131
X-49.8485 Y-1.4842 Z-0.055 I-0.0141 J-0.0131
X-49.8265 Y-1.5158 Z-0.0653 I0.011 J-0.0158
X-49.8204 Y-1.4912 Z-0.07 I-0.011 J0.0158
X-49.8546 Y-1.5088 Z-0.0803 I-0.0171 J-0.0088
X-49.8312 Y-1.5182 Z-0.085 I0.0171 J0.0088
X-49.8438 Y-1.4818 Z-0.0953 I-0.0063 J0.0182
X-49.8312 Y-1.5182 Z-0.1056 I0.0063 J-0.0182
X-49.8438 Y-1.4818 Z-0.1159 I-0.0063 J0.0182
X-49.8312 Y-1.5182 Z-0.1262 I0.0063 J-0.0182
X-49.8183 Y-1.5015 Z-0.13 I-0.0063 J0.0182
X-49.8567 Y-1.4985 Z-0.1403 I-0.0192 J0.0015
X-49.8416 Y-1.5188 Z-0.145 I0.0192 J-0.0015
X-49.8334 Y-1.4812 I0.0041 J0.0188
X-49.8416 Y-1.5188 I-0.0041 J-0.0188
X-49.8301 Y-1.5115 I0.0021 J0.0094
G1 X-49.8285 Y-1.5038
X-49.8278 Y-1.5008 Z-0.1447
X-49.8272 Y-1.4979 Z-0.1438
X-49.8266 Y-1.4952 Z-0.1423
X-49.8261 Y-1.4929 Z-0.1404
X-49.8257 Y-1.491 Z-0.138
X-49.8254 Y-1.4895 Z-0.1353
X-49.8252 Y-1.4887 Z-0.1323
X-49.8251 Y-1.4884 Z-0.1292
G0 Z0.4
X-50.3279 Y-1.514
Z0.13
G1 Z0.0658 F40.
G19 G3 Y-1.4982 Z0.05 J0.0158 K0.
G1 Y-1.4904
G17 G3 X-50.3375 Y-1.4807 I-0.0096 J0.
Y-1.5192 Z0.0397 I0. J-0.0192
Y-1.4808 Z0.0294 I0. J0.0192
X-50.3427 Y-1.5185 Z0.02 I0. J-0.0192
X-50.3323 Y-1.4815 Z0.0097 I0.0052 J0.0185
X-50.3427 Y-1.5185 Z-0.0006 I-0.0052 J-0.0185
X-50.3274 Y-1.4836 Z-0.01 I0.0052 J0.0185
X-50.3476 Y-1.5164 Z-0.0203 I-0.0101 J-0.0164
X-50.3226 Y-1.5122 Z-0.025 I0.0101 J0.0164
X-50.3524 Y-1.4878 Z-0.0353 I-0.0149 J0.0122
X-50.3226 Y-1.5122 Z-0.0456 I0.0149 J-0.0122
X-50.3485 Y-1.4842 Z-0.055 I-0.0149 J0.0122
X-50.3265 Y-1.5158 Z-0.0653 I0.011 J-0.0158
X-50.3204 Y-1.4912 Z-0.07 I-0.011 J0.0158
X-50.3546 Y-1.5088 Z-0.0803 I-0.0171 J-0.0088
X-50.3312 Y-1.5182 Z-0.085 I0.0171 J0.0088
X-50.3438 Y-1.4818 Z-0.0953 I-0.0063 J0.0182
X-50.3312 Y-1.5182 Z-0.1056 I0.0063 J-0.0182
X-50.3438 Y-1.4818 Z-0.1159 I-0.0063 J0.0182
X-50.3312 Y-1.5182 Z-0.1262 I0.0063 J-0.0182
X-50.3183 Y-1.5015 Z-0.13 I-0.0063 J0.0182
X-50.3567 Y-1.4985 Z-0.1403 I-0.0192 J0.0015
X-50.3416 Y-1.5188 Z-0.145 I0.0192 J-0.0015
X-50.3334 Y-1.4812 I0.0041 J0.0188
X-50.3416 Y-1.5188 I-0.0041 J-0.0188
X-50.3301 Y-1.5115 I0.002 J0.0094
G1 X-50.3285 Y-1.5038
X-50.3278 Y-1.5008 Z-0.1447
X-50.3272 Y-1.4979 Z-0.1438
X-50.3266 Y-1.4952 Z-0.1423
X-50.3261 Y-1.4929 Z-0.1404
X-50.3257 Y-1.491 Z-0.138
X-50.3254 Y-1.4895 Z-0.1353
X-50.3252 Y-1.4887 Z-0.1323
X-50.3251 Y-1.4884 Z-0.1292
G0 Z0.4
X-50.8279 Y-1.514
Z0.13
G1 Z0.0658 F40.
G19 G3 Y-1.4982 Z0.05 J0.0158 K0.
G1 Y-1.4904
G17 G3 X-50.8375 Y-1.4807 I-0.0096 J0.
Y-1.5193 Z0.0397 I0. J-0.0192
Y-1.4807 Z0.0294 I0. J0.0193
X-50.8427 Y-1.5185 Z0.02 I0. J-0.0193
X-50.8323 Y-1.4815 Z0.0097 I0.0052 J0.0185
X-50.8551 Y-1.4923 Z0.005 I-0.0052 J-0.0185
X-50.8199 Y-1.5077 Z-0.0053 I0.0176 J-0.0077
X-50.8274 Y-1.4836 Z-0.01 I-0.0176 J0.0077
X-50.8475 Y-1.5164 Z-0.0203 I-0.01 J-0.0164
X-50.8226 Y-1.5122 Z-0.025 I0.01 J0.0164
X-50.8524 Y-1.4878 Z-0.0353 I-0.0149 J0.0122
X-50.8226 Y-1.5122 Z-0.0456 I0.0149 J-0.0122
X-50.8485 Y-1.4842 Z-0.055 I-0.0149 J0.0122
X-50.8265 Y-1.5158 Z-0.0653 I0.011 J-0.0158
X-50.8204 Y-1.4912 Z-0.07 I-0.011 J0.0158
X-50.8546 Y-1.5088 Z-0.0803 I-0.0171 J-0.0088
X-50.8312 Y-1.5182 Z-0.085 I0.0171 J0.0088
X-50.8438 Y-1.4818 Z-0.0953 I-0.0063 J0.0182
X-50.8312 Y-1.5182 Z-0.1056 I0.0063 J-0.0182
X-50.8438 Y-1.4818 Z-0.1159 I-0.0063 J0.0182
X-50.8312 Y-1.5182 Z-0.1262 I0.0063 J-0.0182
X-50.8183 Y-1.5015 Z-0.13 I-0.0063 J0.0182
X-50.8567 Y-1.4985 Z-0.1403 I-0.0192 J0.0015
X-50.8416 Y-1.5188 Z-0.145 I0.0192 J-0.0015
X-50.8334 Y-1.4812 I0.0041 J0.0188
X-50.8416 Y-1.5188 I-0.0041 J-0.0188
X-50.8301 Y-1.5115 I0.0021 J0.0094
G1 X-50.8285 Y-1.5038
X-50.8278 Y-1.5008 Z-0.1447
X-50.8272 Y-1.4979 Z-0.1438
X-50.8266 Y-1.4952 Z-0.1423
X-50.8261 Y-1.4929 Z-0.1404
X-50.8257 Y-1.491 Z-0.138
X-50.8254 Y-1.4895 Z-0.1353
X-50.8252 Y-1.4887 Z-0.1323
X-50.8251 Y-1.4884 Z-0.1292
G0 Z0.4
X-51.3279 Y-1.514
Z0.13
G1 Z0.0658 F40.
G19 G3 Y-1.4982 Z0.05 J0.0158 K0.
G1 Y-1.4904
G17 G3 X-51.3375 Y-1.4807 I-0.0096 J0.
Y-1.5192 Z0.0397 I0. J-0.0192
Y-1.4808 Z0.0294 I0. J0.0192
X-51.3427 Y-1.5185 Z0.02 I0. J-0.0192
X-51.3323 Y-1.4815 Z0.0097 I0.0052 J0.0185
X-51.3427 Y-1.5185 Z-0.0006 I-0.0052 J-0.0185
X-51.3274 Y-1.4836 Z-0.01 I0.0052 J0.0185
X-51.3476 Y-1.5164 Z-0.0203 I-0.0101 J-0.0164
X-51.3226 Y-1.5122 Z-0.025 I0.0101 J0.0164
X-51.3524 Y-1.4878 Z-0.0353 I-0.0149 J0.0122
X-51.3516 Y-1.5131 Z-0.04 I0.0149 J-0.0122
X-51.3234 Y-1.4869 Z-0.0503 I0.0141 J0.0131
X-51.3485 Y-1.4842 Z-0.055 I-0.0141 J-0.0131
X-51.3265 Y-1.5158 Z-0.0653 I0.011 J-0.0158
X-51.3204 Y-1.4912 Z-0.07 I-0.011 J0.0158
X-51.3546 Y-1.5088 Z-0.0803 I-0.0171 J-0.0088
X-51.3312 Y-1.5182 Z-0.085 I0.0171 J0.0088
X-51.3438 Y-1.4818 Z-0.0953 I-0.0063 J0.0182
X-51.3312 Y-1.5182 Z-0.1056 I0.0063 J-0.0182
X-51.3438 Y-1.4818 Z-0.1159 I-0.0063 J0.0182
X-51.3312 Y-1.5182 Z-0.1262 I0.0063 J-0.0182
X-51.3183 Y-1.5015 Z-0.13 I-0.0063 J0.0182
X-51.3567 Y-1.4985 Z-0.1403 I-0.0192 J0.0015
X-51.3416 Y-1.5188 Z-0.145 I0.0192 J-0.0015
X-51.3334 Y-1.4812 I0.0041 J0.0188
X-51.3416 Y-1.5188 I-0.0041 J-0.0188
X-51.3301 Y-1.5115 I0.002 J0.0094
G1 X-51.3285 Y-1.5038
X-51.3278 Y-1.5008 Z-0.1447
X-51.3272 Y-1.4979 Z-0.1438
X-51.3266 Y-1.4952 Z-0.1423
X-51.3261 Y-1.4929 Z-0.1404
X-51.3257 Y-1.491 Z-0.138
X-51.3254 Y-1.4895 Z-0.1353
X-51.3252 Y-1.4887 Z-0.1323
X-51.3251 Y-1.4884 Z-0.1292
G0 Z0.4
X-52.3279 Y-1.514
Z0.13
G1 Z0.0658 F40.
G19 G3 Y-1.4982 Z0.05 J0.0158 K0.
G1 Y-1.4904
G17 G3 X-52.3375 Y-1.4807 I-0.0096 J0.
Y-1.5192 Z0.0397 I0. J-0.0192
Y-1.4808 Z0.0294 I0. J0.0192
X-52.3427 Y-1.5185 Z0.02 I0. J-0.0192
X-52.3323 Y-1.4815 Z0.0097 I0.0052 J0.0185
X-52.3427 Y-1.5185 Z-0.0006 I-0.0052 J-0.0185
X-52.3274 Y-1.4836 Z-0.01 I0.0052 J0.0185
X-52.3476 Y-1.5164 Z-0.0203 I-0.0101 J-0.0164
X-52.3226 Y-1.5122 Z-0.025 I0.0101 J0.0164
X-52.3524 Y-1.4878 Z-0.0353 I-0.0149 J0.0122
X-52.3516 Y-1.5131 Z-0.04 I0.0149 J-0.0122
X-52.3234 Y-1.4869 Z-0.0503 I0.0141 J0.0131
X-52.3485 Y-1.4842 Z-0.055 I-0.0141 J-0.0131
X-52.3265 Y-1.5158 Z-0.0653 I0.011 J-0.0158
X-52.3204 Y-1.4912 Z-0.07 I-0.011 J0.0158
X-52.3546 Y-1.5088 Z-0.0803 I-0.0171 J-0.0088
X-52.3312 Y-1.5182 Z-0.085 I0.0171 J0.0088
X-52.3438 Y-1.4818 Z-0.0953 I-0.0063 J0.0182
X-52.3312 Y-1.5182 Z-0.1056 I0.0063 J-0.0182
X-52.3438 Y-1.4818 Z-0.1159 I-0.0063 J0.0182
X-52.3312 Y-1.5182 Z-0.1262 I0.0063 J-0.0182
X-52.3183 Y-1.5015 Z-0.13 I-0.0063 J0.0182
X-52.3567 Y-1.4985 Z-0.1403 I-0.0192 J0.0015
X-52.3416 Y-1.5188 Z-0.145 I0.0192 J-0.0015
X-52.3334 Y-1.4812 I0.0041 J0.0188
X-52.3416 Y-1.5188 I-0.0041 J-0.0188
X-52.3301 Y-1.5115 I0.0021 J0.0094
G1 X-52.3285 Y-1.5038
X-52.3278 Y-1.5008 Z-0.1447
X-52.3272 Y-1.4979 Z-0.1438
X-52.3266 Y-1.4952 Z-0.1423
X-52.3261 Y-1.4929 Z-0.1404
X-52.3257 Y-1.491 Z-0.138
X-52.3254 Y-1.4895 Z-0.1353
X-52.3252 Y-1.4887 Z-0.1323
X-52.3251 Y-1.4884 Z-0.1292
G0 Z0.4
X-52.8279 Y-1.514
Z0.13
G1 Z0.0658 F40.
G19 G3 Y-1.4982 Z0.05 J0.0158 K0.
G1 Y-1.4904
G17 G3 X-52.8375 Y-1.4807 I-0.0096 J0.
Y-1.5192 Z0.0397 I0. J-0.0192
Y-1.4808 Z0.0294 I0. J0.0192
X-52.8427 Y-1.5185 Z0.02 I0. J-0.0192
X-52.8323 Y-1.4815 Z0.0097 I0.0052 J0.0185
X-52.8427 Y-1.5185 Z-0.0006 I-0.0052 J-0.0185
X-52.8274 Y-1.4836 Z-0.01 I0.0052 J0.0185
X-52.8476 Y-1.5164 Z-0.0203 I-0.0101 J-0.0164
X-52.8226 Y-1.5122 Z-0.025 I0.0101 J0.0164
X-52.8524 Y-1.4878 Z-0.0353 I-0.0149 J0.0122
X-52.8226 Y-1.5122 Z-0.0456 I0.0149 J-0.0122
X-52.8485 Y-1.4842 Z-0.055 I-0.0149 J0.0122
X-52.8265 Y-1.5158 Z-0.0653 I0.011 J-0.0158
X-52.8204 Y-1.4912 Z-0.07 I-0.011 J0.0158
X-52.8546 Y-1.5088 Z-0.0803 I-0.0171 J-0.0088
X-52.8312 Y-1.5182 Z-0.085 I0.0171 J0.0088
X-52.8438 Y-1.4818 Z-0.0953 I-0.0063 J0.0182
X-52.8312 Y-1.5182 Z-0.1056 I0.0063 J-0.0182
X-52.8438 Y-1.4818 Z-0.1159 I-0.0063 J0.0182
X-52.8312 Y-1.5182 Z-0.1262 I0.0063 J-0.0182
X-52.8183 Y-1.5015 Z-0.13 I-0.0063 J0.0182
X-52.8567 Y-1.4985 Z-0.1403 I-0.0192 J0.0015
X-52.8416 Y-1.5188 Z-0.145 I0.0192 J-0.0015
X-52.8334 Y-1.4812 I0.0041 J0.0188
X-52.8416 Y-1.5188 I-0.0041 J-0.0188
X-52.8301 Y-1.5115 I0.002 J0.0094
G1 X-52.8285 Y-1.5038
X-52.8278 Y-1.5008 Z-0.1447
X-52.8272 Y-1.4979 Z-0.1438
X-52.8266 Y-1.4952 Z-0.1423
X-52.8261 Y-1.4929 Z-0.1404
X-52.8257 Y-1.491 Z-0.138
X-52.8254 Y-1.4895 Z-0.1353
X-52.8252 Y-1.4887 Z-0.1323
X-52.8251 Y-1.4884 Z-0.1292
G0 Z0.4
X-53.3279 Y-1.514
Z0.13
G1 Z0.0658 F40.
G19 G3 Y-1.4982 Z0.05 J0.0158 K0.
G1 Y-1.4904
G17 G3 X-53.3375 Y-1.4807 I-0.0096 J0.
Y-1.5193 Z0.0397 I0. J-0.0192
Y-1.4807 Z0.0294 I0. J0.0193
X-53.3427 Y-1.5185 Z0.02 I0. J-0.0193
X-53.3323 Y-1.4815 Z0.0097 I0.0052 J0.0185
X-53.3551 Y-1.4923 Z0.005 I-0.0052 J-0.0185
X-53.3199 Y-1.5077 Z-0.0053 I0.0176 J-0.0077
X-53.3274 Y-1.4836 Z-0.01 I-0.0176 J0.0077
X-53.3475 Y-1.5164 Z-0.0203 I-0.01 J-0.0164
X-53.3226 Y-1.5122 Z-0.025 I0.01 J0.0164
X-53.3524 Y-1.4878 Z-0.0353 I-0.0149 J0.0122
X-53.3226 Y-1.5122 Z-0.0456 I0.0149 J-0.0122
X-53.3485 Y-1.4842 Z-0.055 I-0.0149 J0.0122
X-53.3265 Y-1.5158 Z-0.0653 I0.011 J-0.0158
X-53.3204 Y-1.4912 Z-0.07 I-0.011 J0.0158
X-53.3546 Y-1.5088 Z-0.0803 I-0.0171 J-0.0088
X-53.3312 Y-1.5182 Z-0.085 I0.0171 J0.0088
X-53.3438 Y-1.4818 Z-0.0953 I-0.0063 J0.0182
X-53.3312 Y-1.5182 Z-0.1056 I0.0063 J-0.0182
X-53.3438 Y-1.4818 Z-0.1159 I-0.0063 J0.0182
X-53.3312 Y-1.5182 Z-0.1262 I0.0063 J-0.0182
X-53.3183 Y-1.5015 Z-0.13 I-0.0063 J0.0182
X-53.3567 Y-1.4985 Z-0.1403 I-0.0192 J0.0015
X-53.3416 Y-1.5188 Z-0.145 I0.0192 J-0.0015
X-53.3334 Y-1.4812 I0.0041 J0.0188
X-53.3416 Y-1.5188 I-0.0041 J-0.0188
X-53.3301 Y-1.5115 I0.0021 J0.0094
G1 X-53.3285 Y-1.5038
X-53.3278 Y-1.5008 Z-0.1447
X-53.3272 Y-1.4979 Z-0.1438
X-53.3266 Y-1.4952 Z-0.1423
X-53.3261 Y-1.4929 Z-0.1404
X-53.3257 Y-1.491 Z-0.138
X-53.3254 Y-1.4895 Z-0.1353
X-53.3252 Y-1.4887 Z-0.1323
X-53.3251 Y-1.4884 Z-0.1292
G0 Z0.4
X-53.8279 Y-1.514
Z0.13
G1 Z0.0658 F40.
G19 G3 Y-1.4982 Z0.05 J0.0158 K0.
G1 Y-1.4904
G17 G3 X-53.8375 Y-1.4807 I-0.0096 J0.
Y-1.5192 Z0.0397 I0. J-0.0192
Y-1.4808 Z0.0294 I0. J0.0192
X-53.8427 Y-1.5185 Z0.02 I0. J-0.0192
X-53.8323 Y-1.4815 Z0.0097 I0.0052 J0.0185
X-53.8427 Y-1.5185 Z-0.0006 I-0.0052 J-0.0185
X-53.8274 Y-1.4836 Z-0.01 I0.0052 J0.0185
X-53.8476 Y-1.5164 Z-0.0203 I-0.0101 J-0.0164
X-53.8226 Y-1.5122 Z-0.025 I0.0101 J0.0164
X-53.8524 Y-1.4878 Z-0.0353 I-0.0149 J0.0122
X-53.8516 Y-1.5131 Z-0.04 I0.0149 J-0.0122
X-53.8234 Y-1.4869 Z-0.0503 I0.0141 J0.0131
X-53.8485 Y-1.4842 Z-0.055 I-0.0141 J-0.0131
X-53.8265 Y-1.5158 Z-0.0653 I0.011 J-0.0158
X-53.8204 Y-1.4912 Z-0.07 I-0.011 J0.0158
X-53.8546 Y-1.5088 Z-0.0803 I-0.0171 J-0.0088
X-53.8312 Y-1.5182 Z-0.085 I0.0171 J0.0088
X-53.8438 Y-1.4818 Z-0.0953 I-0.0063 J0.0182
X-53.8312 Y-1.5182 Z-0.1056 I0.0063 J-0.0182
X-53.8438 Y-1.4818 Z-0.1159 I-0.0063 J0.0182
X-53.8312 Y-1.5182 Z-0.1262 I0.0063 J-0.0182
X-53.8183 Y-1.5015 Z-0.13 I-0.0063 J0.0182
X-53.8567 Y-1.4985 Z-0.1403 I-0.0192 J0.0015
X-53.8416 Y-1.5188 Z-0.145 I0.0192 J-0.0015
X-53.8334 Y-1.4812 I0.0041 J0.0188
X-53.8416 Y-1.5188 I-0.0041 J-0.0188
X-53.8301 Y-1.5115 I0.002 J0.0094
G1 X-53.8285 Y-1.5038
X-53.8278 Y-1.5008 Z-0.1447
X-53.8272 Y-1.4979 Z-0.1438
X-53.8266 Y-1.4952 Z-0.1423
X-53.8261 Y-1.4929 Z-0.1404
X-53.8257 Y-1.491 Z-0.138
X-53.8254 Y-1.4895 Z-0.1353
X-53.8252 Y-1.4887 Z-0.1323
X-53.8251 Y-1.4884 Z-0.1292
G0 Z0.4
X-54.3279 Y-1.514
Z0.13
G1 Z0.0658 F40.
G19 G3 Y-1.4982 Z0.05 J0.0158 K0.
G1 Y-1.4904
G17 G3 X-54.3375 Y-1.4807 I-0.0096 J0.
Y-1.5193 Z0.0397 I0. J-0.0192
X-54.3184 Y-1.5026 Z0.035 I0. J0.0193
X-54.3566 Y-1.4974 Z0.0247 I-0.0191 J0.0026
X-54.3427 Y-1.5185 Z0.02 I0.0191 J-0.0026
X-54.3323 Y-1.4815 Z0.0097 I0.0052 J0.0185
X-54.3427 Y-1.5185 Z-0.0006 I-0.0052 J-0.0185
X-54.3275 Y-1.4836 Z-0.01 I0.0052 J0.0185
X-54.3475 Y-1.5164 Z-0.0203 I-0.01 J-0.0164
X-54.3226 Y-1.5122 Z-0.025 I0.01 J0.0164
X-54.3524 Y-1.4878 Z-0.0353 I-0.0149 J0.0122
X-54.3226 Y-1.5122 Z-0.0456 I0.0149 J-0.0122
X-54.3485 Y-1.4842 Z-0.055 I-0.0149 J0.0122
X-54.3265 Y-1.5158 Z-0.0653 I0.011 J-0.0158
X-54.3204 Y-1.4912 Z-0.07 I-0.011 J0.0158
X-54.3546 Y-1.5088 Z-0.0803 I-0.0171 J-0.0088
X-54.3312 Y-1.5182 Z-0.085 I0.0171 J0.0088
X-54.3438 Y-1.4818 Z-0.0953 I-0.0063 J0.0182
X-54.3312 Y-1.5182 Z-0.1056 I0.0063 J-0.0182
X-54.3438 Y-1.4818 Z-0.1159 I-0.0063 J0.0182
X-54.3312 Y-1.5182 Z-0.1262 I0.0063 J-0.0182
X-54.3183 Y-1.5015 Z-0.13 I-0.0063 J0.0182
X-54.3567 Y-1.4985 Z-0.1403 I-0.0192 J0.0015
X-54.3416 Y-1.5188 Z-0.145 I0.0192 J-0.0015
X-54.3334 Y-1.4812 I0.0041 J0.0188
X-54.3416 Y-1.5188 I-0.0041 J-0.0188
X-54.3301 Y-1.5115 I0.0021 J0.0094
G1 X-54.3285 Y-1.5038
X-54.3278 Y-1.5008 Z-0.1447
X-54.3272 Y-1.4979 Z-0.1438
X-54.3266 Y-1.4952 Z-0.1423
X-54.3261 Y-1.4929 Z-0.1404
X-54.3257 Y-1.491 Z-0.138
X-54.3254 Y-1.4895 Z-0.1353
X-54.3252 Y-1.4887 Z-0.1323
X-54.3251 Y-1.4884 Z-0.1292
G0 Z0.4
X-54.8279 Y-1.514
Z0.13
G1 Z0.0658 F40.
G19 G3 Y-1.4982 Z0.05 J0.0158 K0.
G1 Y-1.4904
G17 G3 X-54.8375 Y-1.4807 I-0.0096 J0.
Y-1.5192 Z0.0397 I0. J-0.0192
Y-1.4808 Z0.0294 I0. J0.0192
X-54.8427 Y-1.5185 Z0.02 I0. J-0.0192
X-54.8323 Y-1.4815 Z0.0097 I0.0052 J0.0185
X-54.8427 Y-1.5185 Z-0.0006 I-0.0052 J-0.0185
X-54.8274 Y-1.4836 Z-0.01 I0.0052 J0.0185
X-54.8476 Y-1.5164 Z-0.0203 I-0.0101 J-0.0164
X-54.8226 Y-1.5122 Z-0.025 I0.0101 J0.0164
X-54.8524 Y-1.4878 Z-0.0353 I-0.0149 J0.0122
X-54.8516 Y-1.5131 Z-0.04 I0.0149 J-0.0122
X-54.8234 Y-1.4869 Z-0.0503 I0.0141 J0.0131
X-54.8485 Y-1.4842 Z-0.055 I-0.0141 J-0.0131
X-54.8265 Y-1.5158 Z-0.0653 I0.011 J-0.0158
X-54.8204 Y-1.4912 Z-0.07 I-0.011 J0.0158
X-54.8546 Y-1.5088 Z-0.0803 I-0.0171 J-0.0088
X-54.8312 Y-1.5182 Z-0.085 I0.0171 J0.0088
X-54.8438 Y-1.4818 Z-0.0953 I-0.0063 J0.0182
X-54.8312 Y-1.5182 Z-0.1056 I0.0063 J-0.0182
X-54.8438 Y-1.4818 Z-0.1159 I-0.0063 J0.0182
X-54.8312 Y-1.5182 Z-0.1262 I0.0063 J-0.0182
X-54.8183 Y-1.5015 Z-0.13 I-0.0063 J0.0182
X-54.8567 Y-1.4985 Z-0.1403 I-0.0192 J0.0015
X-54.8416 Y-1.5188 Z-0.145 I0.0192 J-0.0015
X-54.8334 Y-1.4812 I0.0041 J0.0188
X-54.8416 Y-1.5188 I-0.0041 J-0.0188
X-54.8301 Y-1.5115 I0.0021 J0.0094
G1 X-54.8285 Y-1.5038
X-54.8278 Y-1.5008 Z-0.1447
X-54.8272 Y-1.4979 Z-0.1438
X-54.8266 Y-1.4952 Z-0.1423
X-54.8261 Y-1.4929 Z-0.1404
X-54.8257 Y-1.491 Z-0.138
X-54.8254 Y-1.4895 Z-0.1353
X-54.8252 Y-1.4887 Z-0.1323
X-54.8251 Y-1.4884 Z-0.1292
G0 Z0.4
X-55.3279 Y-1.514
Z0.13
G1 Z0.0658 F40.
G19 G3 Y-1.4982 Z0.05 J0.0158 K0.
G1 Y-1.4904
G17 G3 X-55.3375 Y-1.4807 I-0.0096 J0.
Y-1.5192 Z0.0397 I0. J-0.0192
Y-1.4808 Z0.0294 I0. J0.0192
X-55.3427 Y-1.5185 Z0.02 I0. J-0.0192
X-55.3323 Y-1.4815 Z0.0097 I0.0052 J0.0185
X-55.3427 Y-1.5185 Z-0.0006 I-0.0052 J-0.0185
X-55.3274 Y-1.4836 Z-0.01 I0.0052 J0.0185
X-55.3476 Y-1.5164 Z-0.0203 I-0.0101 J-0.0164
X-55.3226 Y-1.5122 Z-0.025 I0.0101 J0.0164
X-55.3524 Y-1.4878 Z-0.0353 I-0.0149 J0.0122
X-55.3226 Y-1.5122 Z-0.0456 I0.0149 J-0.0122
X-55.3485 Y-1.4842 Z-0.055 I-0.0149 J0.0122
X-55.3265 Y-1.5158 Z-0.0653 I0.011 J-0.0158
X-55.3204 Y-1.4912 Z-0.07 I-0.011 J0.0158
X-55.3546 Y-1.5088 Z-0.0803 I-0.0171 J-0.0088
X-55.3312 Y-1.5182 Z-0.085 I0.0171 J0.0088
X-55.3438 Y-1.4818 Z-0.0953 I-0.0063 J0.0182
X-55.3312 Y-1.5182 Z-0.1056 I0.0063 J-0.0182
X-55.3438 Y-1.4818 Z-0.1159 I-0.0063 J0.0182
X-55.3312 Y-1.5182 Z-0.1262 I0.0063 J-0.0182
X-55.3183 Y-1.5015 Z-0.13 I-0.0063 J0.0182
X-55.3567 Y-1.4985 Z-0.1403 I-0.0192 J0.0015
X-55.3416 Y-1.5188 Z-0.145 I0.0192 J-0.0015
X-55.3334 Y-1.4812 I0.0041 J0.0188
X-55.3416 Y-1.5188 I-0.0041 J-0.0188
X-55.3301 Y-1.5115 I0.002 J0.0094
G1 X-55.3285 Y-1.5038
X-55.3278 Y-1.5008 Z-0.1447
X-55.3272 Y-1.4979 Z-0.1438
X-55.3266 Y-1.4952 Z-0.1423
X-55.3261 Y-1.4929 Z-0.1404
X-55.3257 Y-1.491 Z-0.138
X-55.3254 Y-1.4895 Z-0.1353
X-55.3252 Y-1.4887 Z-0.1323
X-55.3251 Y-1.4884 Z-0.1292
G0 Z0.4
X-55.8279 Y-1.514
Z0.13
G1 Z0.0658 F40.
G19 G3 Y-1.4982 Z0.05 J0.0158 K0.
G1 Y-1.4904
G17 G3 X-55.8375 Y-1.4807 I-0.0096 J0.
Y-1.5193 Z0.0397 I0. J-0.0192
Y-1.4807 Z0.0294 I0. J0.0193
X-55.8427 Y-1.5185 Z0.02 I0. J-0.0193
X-55.8323 Y-1.4815 Z0.0097 I0.0052 J0.0185
X-55.8551 Y-1.4923 Z0.005 I-0.0052 J-0.0185
X-55.8199 Y-1.5077 Z-0.0053 I0.0176 J-0.0077
X-55.8274 Y-1.4836 Z-0.01 I-0.0176 J0.0077
X-55.8475 Y-1.5164 Z-0.0203 I-0.01 J-0.0164
X-55.8226 Y-1.5122 Z-0.025 I0.01 J0.0164
X-55.8524 Y-1.4878 Z-0.0353 I-0.0149 J0.0122
X-55.8226 Y-1.5122 Z-0.0456 I0.0149 J-0.0122
X-55.8485 Y-1.4842 Z-0.055 I-0.0149 J0.0122
X-55.8265 Y-1.5158 Z-0.0653 I0.011 J-0.0158
X-55.8204 Y-1.4912 Z-0.07 I-0.011 J0.0158
X-55.8546 Y-1.5088 Z-0.0803 I-0.0171 J-0.0088
X-55.8312 Y-1.5182 Z-0.085 I0.0171 J0.0088
X-55.8438 Y-1.4818 Z-0.0953 I-0.0063 J0.0182
X-55.8312 Y-1.5182 Z-0.1056 I0.0063 J-0.0182
X-55.8438 Y-1.4818 Z-0.1159 I-0.0063 J0.0182
X-55.8312 Y-1.5182 Z-0.1262 I0.0063 J-0.0182
X-55.8183 Y-1.5015 Z-0.13 I-0.0063 J0.0182
X-55.8567 Y-1.4985 Z-0.1403 I-0.0192 J0.0015
X-55.8416 Y-1.5188 Z-0.145 I0.0192 J-0.0015
X-55.8334 Y-1.4812 I0.0041 J0.0188
X-55.8416 Y-1.5188 I-0.0041 J-0.0188
X-55.8301 Y-1.5115 I0.0021 J0.0094
G1 X-55.8285 Y-1.5038
X-55.8278 Y-1.5008 Z-0.1447
X-55.8272 Y-1.4979 Z-0.1438
X-55.8266 Y-1.4952 Z-0.1423
X-55.8261 Y-1.4929 Z-0.1404
X-55.8257 Y-1.491 Z-0.138
X-55.8254 Y-1.4895 Z-0.1353
X-55.8252 Y-1.4887 Z-0.1323
X-55.8251 Y-1.4884 Z-0.1292
G0 Z0.4
X-56.3279 Y-1.514
Z0.13
G1 Z0.0658 F40.
G19 G3 Y-1.4982 Z0.05 J0.0158 K0.
G1 Y-1.4904
G17 G3 X-56.3375 Y-1.4807 I-0.0096 J0.
Y-1.5192 Z0.0397 I0. J-0.0192
Y-1.4808 Z0.0294 I0. J0.0192
X-56.3427 Y-1.5185 Z0.02 I0. J-0.0192
X-56.3323 Y-1.4815 Z0.0097 I0.0052 J0.0185
X-56.3427 Y-1.5185 Z-0.0006 I-0.0052 J-0.0185
X-56.3274 Y-1.4836 Z-0.01 I0.0052 J0.0185
X-56.3476 Y-1.5164 Z-0.0203 I-0.0101 J-0.0164
X-56.3226 Y-1.5122 Z-0.025 I0.0101 J0.0164
X-56.3524 Y-1.4878 Z-0.0353 I-0.0149 J0.0122
X-56.3516 Y-1.5131 Z-0.04 I0.0149 J-0.0122
X-56.3234 Y-1.4869 Z-0.0503 I0.0141 J0.0131
X-56.3485 Y-1.4842 Z-0.055 I-0.0141 J-0.0131
X-56.3265 Y-1.5158 Z-0.0653 I0.011 J-0.0158
X-56.3204 Y-1.4912 Z-0.07 I-0.011 J0.0158
X-56.3546 Y-1.5088 Z-0.0803 I-0.0171 J-0.0088
X-56.3312 Y-1.5182 Z-0.085 I0.0171 J0.0088
X-56.3438 Y-1.4818 Z-0.0953 I-0.0063 J0.0182
X-56.3312 Y-1.5182 Z-0.1056 I0.0063 J-0.0182
X-56.3438 Y-1.4818 Z-0.1159 I-0.0063 J0.0182
X-56.3312 Y-1.5182 Z-0.1262 I0.0063 J-0.0182
X-56.3183 Y-1.5015 Z-0.13 I-0.0063 J0.0182
X-56.3567 Y-1.4985 Z-0.1403 I-0.0192 J0.0015
X-56.3416 Y-1.5188 Z-0.145 I0.0192 J-0.0015
X-56.3334 Y-1.4812 I0.0041 J0.0188
X-56.3416 Y-1.5188 I-0.0041 J-0.0188
X-56.3301 Y-1.5115 I0.002 J0.0094
G1 X-56.3285 Y-1.5038
X-56.3278 Y-1.5008 Z-0.1447
X-56.3272 Y-1.4979 Z-0.1438
X-56.3266 Y-1.4952 Z-0.1423
X-56.3261 Y-1.4929 Z-0.1404
X-56.3257 Y-1.491 Z-0.138
X-56.3254 Y-1.4895 Z-0.1353
X-56.3252 Y-1.4887 Z-0.1323
X-56.3251 Y-1.4884 Z-0.1292
G0 Z0.4
X-56.8279 Y-1.514
Z0.13
G1 Z0.0658 F40.
G19 G3 Y-1.4982 Z0.05 J0.0158 K0.
G1 Y-1.4904
G17 G3 X-56.8375 Y-1.4807 I-0.0096 J0.
Y-1.5193 Z0.0397 I0. J-0.0192
X-56.8184 Y-1.5026 Z0.035 I0. J0.0193
X-56.8566 Y-1.4974 Z0.0247 I-0.0191 J0.0026
X-56.8427 Y-1.5185 Z0.02 I0.0191 J-0.0026
X-56.8323 Y-1.4815 Z0.0097 I0.0052 J0.0185
X-56.8427 Y-1.5185 Z-0.0006 I-0.0052 J-0.0185
X-56.8275 Y-1.4836 Z-0.01 I0.0052 J0.0185
X-56.8475 Y-1.5164 Z-0.0203 I-0.01 J-0.0164
X-56.8226 Y-1.5122 Z-0.025 I0.01 J0.0164
X-56.8524 Y-1.4878 Z-0.0353 I-0.0149 J0.0122
X-56.8226 Y-1.5122 Z-0.0456 I0.0149 J-0.0122
X-56.8485 Y-1.4842 Z-0.055 I-0.0149 J0.0122
X-56.8265 Y-1.5158 Z-0.0653 I0.011 J-0.0158
X-56.8204 Y-1.4912 Z-0.07 I-0.011 J0.0158
X-56.8546 Y-1.5088 Z-0.0803 I-0.0171 J-0.0088
X-56.8312 Y-1.5182 Z-0.085 I0.0171 J0.0088
X-56.8438 Y-1.4818 Z-0.0953 I-0.0063 J0.0182
X-56.8312 Y-1.5182 Z-0.1056 I0.0063 J-0.0182
X-56.8438 Y-1.4818 Z-0.1159 I-0.0063 J0.0182
X-56.8312 Y-1.5182 Z-0.1262 I0.0063 J-0.0182
X-56.8183 Y-1.5015 Z-0.13 I-0.0063 J0.0182
X-56.8567 Y-1.4985 Z-0.1403 I-0.0192 J0.0015
X-56.8416 Y-1.5188 Z-0.145 I0.0192 J-0.0015
X-56.8334 Y-1.4812 I0.0041 J0.0188
X-56.8416 Y-1.5188 I-0.0041 J-0.0188
X-56.8301 Y-1.5115 I0.0021 J0.0094
G1 X-56.8285 Y-1.5038
X-56.8278 Y-1.5008 Z-0.1447
X-56.8272 Y-1.4979 Z-0.1438
X-56.8266 Y-1.4952 Z-0.1423
X-56.8261 Y-1.4929 Z-0.1404
X-56.8257 Y-1.491 Z-0.138
X-56.8254 Y-1.4895 Z-0.1353
X-56.8252 Y-1.4887 Z-0.1323
X-56.8251 Y-1.4884 Z-0.1292
G0 Z0.4
X-57.3279 Y-1.514
Z0.13
G1 Z0.0658 F40.
G19 G3 Y-1.4982 Z0.05 J0.0158 K0.
G1 Y-1.4904
G17 G3 X-57.3375 Y-1.4807 I-0.0096 J0.
Y-1.5192 Z0.0397 I0. J-0.0192
Y-1.4808 Z0.0294 I0. J0.0192
X-57.3427 Y-1.5185 Z0.02 I0. J-0.0192
X-57.3323 Y-1.4815 Z0.0097 I0.0052 J0.0185
X-57.3427 Y-1.5185 Z-0.0006 I-0.0052 J-0.0185
X-57.3274 Y-1.4836 Z-0.01 I0.0052 J0.0185
X-57.3476 Y-1.5164 Z-0.0203 I-0.0101 J-0.0164
X-57.3226 Y-1.5122 Z-0.025 I0.0101 J0.0164
X-57.3524 Y-1.4878 Z-0.0353 I-0.0149 J0.0122
X-57.3516 Y-1.5131 Z-0.04 I0.0149 J-0.0122
X-57.3234 Y-1.4869 Z-0.0503 I0.0141 J0.0131
X-57.3485 Y-1.4842 Z-0.055 I-0.0141 J-0.0131
X-57.3265 Y-1.5158 Z-0.0653 I0.011 J-0.0158
X-57.3204 Y-1.4912 Z-0.07 I-0.011 J0.0158
X-57.3546 Y-1.5088 Z-0.0803 I-0.0171 J-0.0088
X-57.3312 Y-1.5182 Z-0.085 I0.0171 J0.0088
X-57.3438 Y-1.4818 Z-0.0953 I-0.0063 J0.0182
X-57.3312 Y-1.5182 Z-0.1056 I0.0063 J-0.0182
X-57.3438 Y-1.4818 Z-0.1159 I-0.0063 J0.0182
X-57.3312 Y-1.5182 Z-0.1262 I0.0063 J-0.0182
X-57.3183 Y-1.5015 Z-0.13 I-0.0063 J0.0182
X-57.3567 Y-1.4985 Z-0.1403 I-0.0192 J0.0015
X-57.3416 Y-1.5188 Z-0.145 I0.0192 J-0.0015
X-57.3334 Y-1.4812 I0.0041 J0.0188
X-57.3416 Y-1.5188 I-0.0041 J-0.0188
X-57.3301 Y-1.5115 I0.0021 J0.0094
G1 X-57.3285 Y-1.5038
X-57.3278 Y-1.5008 Z-0.1447
X-57.3272 Y-1.4979 Z-0.1438
X-57.3266 Y-1.4952 Z-0.1423
X-57.3261 Y-1.4929 Z-0.1404
X-57.3257 Y-1.491 Z-0.138
X-57.3254 Y-1.4895 Z-0.1353
X-57.3252 Y-1.4887 Z-0.1323
X-57.3251 Y-1.4884 Z-0.1292
G0 Z0.4
X-57.8279 Y-1.514
Z0.13
G1 Z0.0658 F40.
G19 G3 Y-1.4982 Z0.05 J0.0158 K0.
G1 Y-1.4904
G17 G3 X-57.8375 Y-1.4807 I-0.0096 J0.
Y-1.5192 Z0.0397 I0. J-0.0192
Y-1.4808 Z0.0294 I0. J0.0192
X-57.8427 Y-1.5185 Z0.02 I0. J-0.0192
X-57.8323 Y-1.4815 Z0.0097 I0.0052 J0.0185
X-57.8427 Y-1.5185 Z-0.0006 I-0.0052 J-0.0185
X-57.8274 Y-1.4836 Z-0.01 I0.0052 J0.0185
X-57.8476 Y-1.5164 Z-0.0203 I-0.0101 J-0.0164
X-57.8226 Y-1.5122 Z-0.025 I0.0101 J0.0164
X-57.8524 Y-1.4878 Z-0.0353 I-0.0149 J0.0122
X-57.8226 Y-1.5122 Z-0.0456 I0.0149 J-0.0122
X-57.8485 Y-1.4842 Z-0.055 I-0.0149 J0.0122
X-57.8265 Y-1.5158 Z-0.0653 I0.011 J-0.0158
X-57.8204 Y-1.4912 Z-0.07 I-0.011 J0.0158
X-57.8546 Y-1.5088 Z-0.0803 I-0.0171 J-0.0088
X-57.8312 Y-1.5182 Z-0.085 I0.0171 J0.0088
X-57.8438 Y-1.4818 Z-0.0953 I-0.0063 J0.0182
X-57.8312 Y-1.5182 Z-0.1056 I0.0063 J-0.0182
X-57.8438 Y-1.4818 Z-0.1159 I-0.0063 J0.0182
X-57.8312 Y-1.5182 Z-0.1262 I0.0063 J-0.0182
X-57.8183 Y-1.5015 Z-0.13 I-0.0063 J0.0182
X-57.8567 Y-1.4985 Z-0.1403 I-0.0192 J0.0015
X-57.8416 Y-1.5188 Z-0.145 I0.0192 J-0.0015
X-57.8334 Y-1.4812 I0.0041 J0.0188
X-57.8416 Y-1.5188 I-0.0041 J-0.0188
X-57.8301 Y-1.5115 I0.002 J0.0094
G1 X-57.8285 Y-1.5038
X-57.8278 Y-1.5008 Z-0.1447
X-57.8272 Y-1.4979 Z-0.1438
X-57.8266 Y-1.4952 Z-0.1423
X-57.8261 Y-1.4929 Z-0.1404
X-57.8257 Y-1.491 Z-0.138
X-57.8254 Y-1.4895 Z-0.1353
X-57.8252 Y-1.4887 Z-0.1323
X-57.8251 Y-1.4884 Z-0.1292
G0 Z0.4
X-57.8279 Y-0.514
Z0.13
G1 Z0.0658 F40.
G19 G3 Y-0.4983 Z0.05 J0.0158 K0.
G1 Y-0.4904
G17 G3 X-57.8375 Y-0.4808 I-0.0096 J0.
Y-0.5192 Z0.0397 I0. J-0.0192
Y-0.4808 Z0.0294 I0. J0.0192
X-57.8427 Y-0.5185 Z0.02 I0. J-0.0192
X-57.8323 Y-0.4815 Z0.0097 I0.0052 J0.0185
X-57.8427 Y-0.5185 Z-0.0006 I-0.0052 J-0.0185
X-57.8274 Y-0.4836 Z-0.01 I0.0052 J0.0185
X-57.8476 Y-0.5164 Z-0.0203 I-0.0101 J-0.0164
X-57.8226 Y-0.5122 Z-0.025 I0.0101 J0.0164
X-57.8524 Y-0.4878 Z-0.0353 I-0.0149 J0.0122
X-57.8226 Y-0.5122 Z-0.0456 I0.0149 J-0.0122
X-57.8485 Y-0.4842 Z-0.055 I-0.0149 J0.0122
X-57.8265 Y-0.5158 Z-0.0653 I0.011 J-0.0158
X-57.8485 Y-0.4842 Z-0.0756 I-0.011 J0.0158
X-57.8312 Y-0.5182 Z-0.085 I0.011 J-0.0158
X-57.8438 Y-0.4818 Z-0.0953 I-0.0063 J0.0182
X-57.8564 Y-0.5038 Z-0.1 I0.0063 J-0.0182
X-57.8186 Y-0.4962 Z-0.1103 I0.0189 J0.0038
X-57.8564 Y-0.5038 Z-0.1206 I-0.0189 J-0.0038
X-57.8186 Y-0.4962 Z-0.1309 I0.0189 J0.0038
X-57.8564 Y-0.5038 Z-0.1412 I-0.0189 J-0.0038
X-57.8416 Y-0.5188 Z-0.145 I0.0189 J0.0038
X-57.8334 Y-0.4812 I0.0041 J0.0188
X-57.8416 Y-0.5188 I-0.0041 J-0.0188
X-57.8301 Y-0.5115 I0.002 J0.0094
G1 X-57.8285 Y-0.5038
X-57.8278 Y-0.5008 Z-0.1447
X-57.8272 Y-0.4979 Z-0.1438
X-57.8266 Y-0.4952 Z-0.1423
X-57.8261 Y-0.4929 Z-0.1404
X-57.8257 Y-0.491 Z-0.138
X-57.8254 Y-0.4895 Z-0.1353
X-57.8252 Y-0.4887 Z-0.1323
X-57.8251 Y-0.4884 Z-0.1292
G0 Z0.4
X-57.3279 Y-0.514
Z0.13
G1 Z0.0658 F40.
G19 G3 Y-0.4983 Z0.05 J0.0158 K0.
G1 Y-0.4904
G17 G3 X-57.3375 Y-0.4808 I-0.0096 J0.
Y-0.5192 Z0.0397 I0. J-0.0192
Y-0.4808 Z0.0294 I0. J0.0192
X-57.3427 Y-0.5185 Z0.02 I0. J-0.0192
X-57.3323 Y-0.4815 Z0.0097 I0.0052 J0.0185
X-57.3427 Y-0.5185 Z-0.0006 I-0.0052 J-0.0185
X-57.3274 Y-0.4836 Z-0.01 I0.0052 J0.0185
X-57.3476 Y-0.5164 Z-0.0203 I-0.0101 J-0.0164
X-57.3226 Y-0.5122 Z-0.025 I0.0101 J0.0164
X-57.3524 Y-0.4878 Z-0.0353 I-0.0149 J0.0122
X-57.3516 Y-0.5131 Z-0.04 I0.0149 J-0.0122
X-57.3234 Y-0.4869 Z-0.0503 I0.0141 J0.0131
X-57.3485 Y-0.4842 Z-0.055 I-0.0141 J-0.0131
X-57.3265 Y-0.5158 Z-0.0653 I0.011 J-0.0158
X-57.3485 Y-0.4842 Z-0.0756 I-0.011 J0.0158
X-57.3312 Y-0.5182 Z-0.085 I0.011 J-0.0158
X-57.3438 Y-0.4818 Z-0.0953 I-0.0063 J0.0182
X-57.3312 Y-0.5182 Z-0.1056 I0.0063 J-0.0182
X-57.3438 Y-0.4818 Z-0.1159 I-0.0063 J0.0182
X-57.3312 Y-0.5182 Z-0.1262 I0.0063 J-0.0182
X-57.3183 Y-0.5015 Z-0.13 I-0.0063 J0.0182
X-57.3567 Y-0.4985 Z-0.1403 I-0.0192 J0.0015
X-57.3416 Y-0.5188 Z-0.145 I0.0192 J-0.0015
X-57.3334 Y-0.4812 I0.0041 J0.0188
X-57.3416 Y-0.5188 I-0.0041 J-0.0188
X-57.3301 Y-0.5115 I0.0021 J0.0094
G1 X-57.3285 Y-0.5038
X-57.3278 Y-0.5008 Z-0.1447
X-57.3272 Y-0.4979 Z-0.1438
X-57.3266 Y-0.4952 Z-0.1423
X-57.3261 Y-0.4929 Z-0.1404
X-57.3257 Y-0.491 Z-0.138
X-57.3254 Y-0.4895 Z-0.1353
X-57.3252 Y-0.4887 Z-0.1323
X-57.3251 Y-0.4884 Z-0.1292
G0 Z0.4
X-56.8279 Y-0.514
Z0.13
G1 Z0.0658 F40.
G19 G3 Y-0.4983 Z0.05 J0.0158 K0.
G1 Y-0.4904
G17 G3 X-56.8375 Y-0.4808 I-0.0096 J0.
Y-0.5193 Z0.0397 I0. J-0.0192
X-56.8184 Y-0.5026 Z0.035 I0. J0.0193
X-56.8566 Y-0.4974 Z0.0247 I-0.0191 J0.0026
X-56.8427 Y-0.5185 Z0.02 I0.0191 J-0.0026
X-56.8323 Y-0.4815 Z0.0097 I0.0052 J0.0185
X-56.8427 Y-0.5185 Z-0.0006 I-0.0052 J-0.0185
X-56.8275 Y-0.4836 Z-0.01 I0.0052 J0.0185
X-56.8475 Y-0.5164 Z-0.0203 I-0.01 J-0.0164
X-56.8226 Y-0.5122 Z-0.025 I0.01 J0.0164
X-56.8524 Y-0.4878 Z-0.0353 I-0.0149 J0.0122
X-56.8226 Y-0.5122 Z-0.0456 I0.0149 J-0.0122
X-56.8485 Y-0.4842 Z-0.055 I-0.0149 J0.0122
X-56.8265 Y-0.5158 Z-0.0653 I0.011 J-0.0158
X-56.8204 Y-0.4912 Z-0.07 I-0.011 J0.0158
X-56.8546 Y-0.5088 Z-0.0803 I-0.0171 J-0.0088
X-56.8312 Y-0.5182 Z-0.085 I0.0171 J0.0088
X-56.8438 Y-0.4818 Z-0.0953 I-0.0063 J0.0182
X-56.8312 Y-0.5182 Z-0.1056 I0.0063 J-0.0182
X-56.8438 Y-0.4818 Z-0.1159 I-0.0063 J0.0182
X-56.8312 Y-0.5182 Z-0.1262 I0.0063 J-0.0182
X-56.8183 Y-0.5015 Z-0.13 I-0.0063 J0.0182
X-56.8567 Y-0.4985 Z-0.1403 I-0.0192 J0.0015
X-56.8416 Y-0.5188 Z-0.145 I0.0192 J-0.0015
X-56.8334 Y-0.4812 I0.0041 J0.0188
X-56.8416 Y-0.5188 I-0.0041 J-0.0188
X-56.8301 Y-0.5115 I0.0021 J0.0094
G1 X-56.8285 Y-0.5038
X-56.8278 Y-0.5008 Z-0.1447
X-56.8272 Y-0.4979 Z-0.1438
X-56.8266 Y-0.4952 Z-0.1423
X-56.8261 Y-0.4929 Z-0.1404
X-56.8257 Y-0.491 Z-0.138
X-56.8254 Y-0.4895 Z-0.1353
X-56.8252 Y-0.4887 Z-0.1323
X-56.8251 Y-0.4884 Z-0.1292
G0 Z0.4
X-56.3279 Y-0.514
Z0.13
G1 Z0.0658 F40.
G19 G3 Y-0.4983 Z0.05 J0.0158 K0.
G1 Y-0.4904
G17 G3 X-56.3375 Y-0.4808 I-0.0096 J0.
Y-0.5192 Z0.0397 I0. J-0.0192
Y-0.4808 Z0.0294 I0. J0.0192
X-56.3427 Y-0.5185 Z0.02 I0. J-0.0192
X-56.3323 Y-0.4815 Z0.0097 I0.0052 J0.0185
X-56.3427 Y-0.5185 Z-0.0006 I-0.0052 J-0.0185
X-56.3274 Y-0.4836 Z-0.01 I0.0052 J0.0185
X-56.3476 Y-0.5164 Z-0.0203 I-0.0101 J-0.0164
X-56.3226 Y-0.5122 Z-0.025 I0.0101 J0.0164
X-56.3524 Y-0.4878 Z-0.0353 I-0.0149 J0.0122
X-56.3516 Y-0.5131 Z-0.04 I0.0149 J-0.0122
X-56.3234 Y-0.4869 Z-0.0503 I0.0141 J0.0131
X-56.3485 Y-0.4842 Z-0.055 I-0.0141 J-0.0131
X-56.3265 Y-0.5158 Z-0.0653 I0.011 J-0.0158
X-56.3485 Y-0.4842 Z-0.0756 I-0.011 J0.0158
X-56.3312 Y-0.5182 Z-0.085 I0.011 J-0.0158
X-56.3438 Y-0.4818 Z-0.0953 I-0.0063 J0.0182
X-56.3312 Y-0.5182 Z-0.1056 I0.0063 J-0.0182
X-56.3438 Y-0.4818 Z-0.1159 I-0.0063 J0.0182
X-56.3312 Y-0.5182 Z-0.1262 I0.0063 J-0.0182
X-56.3183 Y-0.5015 Z-0.13 I-0.0063 J0.0182
X-56.3567 Y-0.4985 Z-0.1403 I-0.0192 J0.0015
X-56.3416 Y-0.5188 Z-0.145 I0.0192 J-0.0015
X-56.3334 Y-0.4812 I0.0041 J0.0188
X-56.3416 Y-0.5188 I-0.0041 J-0.0188
X-56.3301 Y-0.5115 I0.002 J0.0094
G1 X-56.3285 Y-0.5038
X-56.3278 Y-0.5008 Z-0.1447
X-56.3272 Y-0.4979 Z-0.1438
X-56.3266 Y-0.4952 Z-0.1423
X-56.3261 Y-0.4929 Z-0.1404
X-56.3257 Y-0.491 Z-0.138
X-56.3254 Y-0.4895 Z-0.1353
X-56.3252 Y-0.4887 Z-0.1323
X-56.3251 Y-0.4884 Z-0.1292
G0 Z0.4
X-55.8279 Y-0.514
Z0.13
G1 Z0.0658 F40.
G19 G3 Y-0.4983 Z0.05 J0.0158 K0.
G1 Y-0.4904
G17 G3 X-55.8375 Y-0.4808 I-0.0096 J0.
Y-0.5193 Z0.0397 I0. J-0.0192
Y-0.4807 Z0.0294 I0. J0.0193
X-55.8427 Y-0.5185 Z0.02 I0. J-0.0193
X-55.8323 Y-0.4815 Z0.0097 I0.0052 J0.0185
X-55.8551 Y-0.4923 Z0.005 I-0.0052 J-0.0185
X-55.8199 Y-0.5077 Z-0.0053 I0.0176 J-0.0077
X-55.8274 Y-0.4836 Z-0.01 I-0.0176 J0.0077
X-55.8475 Y-0.5164 Z-0.0203 I-0.01 J-0.0164
X-55.8226 Y-0.5122 Z-0.025 I0.01 J0.0164
X-55.8524 Y-0.4878 Z-0.0353 I-0.0149 J0.0122
X-55.8226 Y-0.5122 Z-0.0456 I0.0149 J-0.0122
X-55.8485 Y-0.4842 Z-0.055 I-0.0149 J0.0122
X-55.8265 Y-0.5158 Z-0.0653 I0.011 J-0.0158
X-55.8204 Y-0.4912 Z-0.07 I-0.011 J0.0158
X-55.8546 Y-0.5088 Z-0.0803 I-0.0171 J-0.0088
X-55.8312 Y-0.5182 Z-0.085 I0.0171 J0.0088
X-55.8438 Y-0.4818 Z-0.0953 I-0.0063 J0.0182
X-55.8312 Y-0.5182 Z-0.1056 I0.0063 J-0.0182
X-55.8438 Y-0.4818 Z-0.1159 I-0.0063 J0.0182
X-55.8312 Y-0.5182 Z-0.1262 I0.0063 J-0.0182
X-55.8183 Y-0.5015 Z-0.13 I-0.0063 J0.0182
X-55.8567 Y-0.4985 Z-0.1403 I-0.0192 J0.0015
X-55.8416 Y-0.5188 Z-0.145 I0.0192 J-0.0015
X-55.8334 Y-0.4812 I0.0041 J0.0188
X-55.8416 Y-0.5188 I-0.0041 J-0.0188
X-55.8301 Y-0.5115 I0.0021 J0.0094
G1 X-55.8285 Y-0.5038
X-55.8278 Y-0.5008 Z-0.1447
X-55.8272 Y-0.4979 Z-0.1438
X-55.8266 Y-0.4952 Z-0.1423
X-55.8261 Y-0.4929 Z-0.1404
X-55.8257 Y-0.491 Z-0.138
X-55.8254 Y-0.4895 Z-0.1353
X-55.8252 Y-0.4887 Z-0.1323
X-55.8251 Y-0.4884 Z-0.1292
G0 Z0.4
X-55.3279 Y-0.514
Z0.13
G1 Z0.0658 F40.
G19 G3 Y-0.4983 Z0.05 J0.0158 K0.
G1 Y-0.4904
G17 G3 X-55.3375 Y-0.4808 I-0.0096 J0.
Y-0.5192 Z0.0397 I0. J-0.0192
Y-0.4808 Z0.0294 I0. J0.0192
X-55.3427 Y-0.5185 Z0.02 I0. J-0.0192
X-55.3323 Y-0.4815 Z0.0097 I0.0052 J0.0185
X-55.3427 Y-0.5185 Z-0.0006 I-0.0052 J-0.0185
X-55.3274 Y-0.4836 Z-0.01 I0.0052 J0.0185
X-55.3476 Y-0.5164 Z-0.0203 I-0.0101 J-0.0164
X-55.3226 Y-0.5122 Z-0.025 I0.0101 J0.0164
X-55.3524 Y-0.4878 Z-0.0353 I-0.0149 J0.0122
X-55.3226 Y-0.5122 Z-0.0456 I0.0149 J-0.0122
X-55.3485 Y-0.4842 Z-0.055 I-0.0149 J0.0122
X-55.3265 Y-0.5158 Z-0.0653 I0.011 J-0.0158
X-55.3485 Y-0.4842 Z-0.0756 I-0.011 J0.0158
X-55.3312 Y-0.5182 Z-0.085 I0.011 J-0.0158
X-55.3438 Y-0.4818 Z-0.0953 I-0.0063 J0.0182
X-55.3564 Y-0.5038 Z-0.1 I0.0063 J-0.0182
X-55.3186 Y-0.4962 Z-0.1103 I0.0189 J0.0038
X-55.3564 Y-0.5038 Z-0.1206 I-0.0189 J-0.0038
X-55.3186 Y-0.4962 Z-0.1309 I0.0189 J0.0038
X-55.3564 Y-0.5038 Z-0.1412 I-0.0189 J-0.0038
X-55.3416 Y-0.5188 Z-0.145 I0.0189 J0.0038
X-55.3334 Y-0.4812 I0.0041 J0.0188
X-55.3416 Y-0.5188 I-0.0041 J-0.0188
X-55.3301 Y-0.5115 I0.002 J0.0094
G1 X-55.3285 Y-0.5038
X-55.3278 Y-0.5008 Z-0.1447
X-55.3272 Y-0.4979 Z-0.1438
X-55.3266 Y-0.4952 Z-0.1423
X-55.3261 Y-0.4929 Z-0.1404
X-55.3257 Y-0.491 Z-0.138
X-55.3254 Y-0.4895 Z-0.1353
X-55.3252 Y-0.4887 Z-0.1323
X-55.3251 Y-0.4884 Z-0.1292
G0 Z0.4
X-54.8279 Y-0.514
Z0.13
G1 Z0.0658 F40.
G19 G3 Y-0.4983 Z0.05 J0.0158 K0.
G1 Y-0.4904
G17 G3 X-54.8375 Y-0.4808 I-0.0096 J0.
Y-0.5192 Z0.0397 I0. J-0.0192
Y-0.4808 Z0.0294 I0. J0.0192
X-54.8427 Y-0.5185 Z0.02 I0. J-0.0192
X-54.8323 Y-0.4815 Z0.0097 I0.0052 J0.0185
X-54.8427 Y-0.5185 Z-0.0006 I-0.0052 J-0.0185
X-54.8274 Y-0.4836 Z-0.01 I0.0052 J0.0185
X-54.8476 Y-0.5164 Z-0.0203 I-0.0101 J-0.0164
X-54.8226 Y-0.5122 Z-0.025 I0.0101 J0.0164
X-54.8524 Y-0.4878 Z-0.0353 I-0.0149 J0.0122
X-54.8516 Y-0.5131 Z-0.04 I0.0149 J-0.0122
X-54.8234 Y-0.4869 Z-0.0503 I0.0141 J0.0131
X-54.8485 Y-0.4842 Z-0.055 I-0.0141 J-0.0131
X-54.8265 Y-0.5158 Z-0.0653 I0.011 J-0.0158
X-54.8485 Y-0.4842 Z-0.0756 I-0.011 J0.0158
X-54.8312 Y-0.5182 Z-0.085 I0.011 J-0.0158
X-54.8438 Y-0.4818 Z-0.0953 I-0.0063 J0.0182
X-54.8312 Y-0.5182 Z-0.1056 I0.0063 J-0.0182
X-54.8438 Y-0.4818 Z-0.1159 I-0.0063 J0.0182
X-54.8312 Y-0.5182 Z-0.1262 I0.0063 J-0.0182
X-54.8183 Y-0.5015 Z-0.13 I-0.0063 J0.0182
X-54.8567 Y-0.4985 Z-0.1403 I-0.0192 J0.0015
X-54.8416 Y-0.5188 Z-0.145 I0.0192 J-0.0015
X-54.8334 Y-0.4812 I0.0041 J0.0188
X-54.8416 Y-0.5188 I-0.0041 J-0.0188
X-54.8301 Y-0.5115 I0.0021 J0.0094
G1 X-54.8285 Y-0.5038
X-54.8278 Y-0.5008 Z-0.1447
X-54.8272 Y-0.4979 Z-0.1438
X-54.8266 Y-0.4952 Z-0.1423
X-54.8261 Y-0.4929 Z-0.1404
X-54.8257 Y-0.491 Z-0.138
X-54.8254 Y-0.4895 Z-0.1353
X-54.8252 Y-0.4887 Z-0.1323
X-54.8251 Y-0.4884 Z-0.1292
G0 Z0.4
X-54.3279 Y-0.514
Z0.13
G1 Z0.0658 F40.
G19 G3 Y-0.4983 Z0.05 J0.0158 K0.
G1 Y-0.4904
G17 G3 X-54.3375 Y-0.4808 I-0.0096 J0.
Y-0.5193 Z0.0397 I0. J-0.0192
X-54.3184 Y-0.5026 Z0.035 I0. J0.0193
X-54.3566 Y-0.4974 Z0.0247 I-0.0191 J0.0026
X-54.3427 Y-0.5185 Z0.02 I0.0191 J-0.0026
X-54.3323 Y-0.4815 Z0.0097 I0.0052 J0.0185
X-54.3427 Y-0.5185 Z-0.0006 I-0.0052 J-0.0185
X-54.3275 Y-0.4836 Z-0.01 I0.0052 J0.0185
X-54.3475 Y-0.5164 Z-0.0203 I-0.01 J-0.0164
X-54.3226 Y-0.5122 Z-0.025 I0.01 J0.0164
X-54.3524 Y-0.4878 Z-0.0353 I-0.0149 J0.0122
X-54.3226 Y-0.5122 Z-0.0456 I0.0149 J-0.0122
X-54.3485 Y-0.4842 Z-0.055 I-0.0149 J0.0122
X-54.3265 Y-0.5158 Z-0.0653 I0.011 J-0.0158
X-54.3204 Y-0.4912 Z-0.07 I-0.011 J0.0158
X-54.3546 Y-0.5088 Z-0.0803 I-0.0171 J-0.0088
X-54.3312 Y-0.5182 Z-0.085 I0.0171 J0.0088
X-54.3438 Y-0.4818 Z-0.0953 I-0.0063 J0.0182
X-54.3312 Y-0.5182 Z-0.1056 I0.0063 J-0.0182
X-54.3438 Y-0.4818 Z-0.1159 I-0.0063 J0.0182
X-54.3312 Y-0.5182 Z-0.1262 I0.0063 J-0.0182
X-54.3183 Y-0.5015 Z-0.13 I-0.0063 J0.0182
X-54.3567 Y-0.4985 Z-0.1403 I-0.0192 J0.0015
X-54.3416 Y-0.5188 Z-0.145 I0.0192 J-0.0015
X-54.3334 Y-0.4812 I0.0041 J0.0188
X-54.3416 Y-0.5188 I-0.0041 J-0.0188
X-54.3301 Y-0.5115 I0.0021 J0.0094
G1 X-54.3285 Y-0.5038
X-54.3278 Y-0.5008 Z-0.1447
X-54.3272 Y-0.4979 Z-0.1438
X-54.3266 Y-0.4952 Z-0.1423
X-54.3261 Y-0.4929 Z-0.1404
X-54.3257 Y-0.491 Z-0.138
X-54.3254 Y-0.4895 Z-0.1353
X-54.3252 Y-0.4887 Z-0.1323
X-54.3251 Y-0.4884 Z-0.1292
G0 Z0.4
X-53.8279 Y-0.514
Z0.13
G1 Z0.0658 F40.
G19 G3 Y-0.4983 Z0.05 J0.0158 K0.
G1 Y-0.4904
G17 G3 X-53.8375 Y-0.4808 I-0.0096 J0.
Y-0.5192 Z0.0397 I0. J-0.0192
Y-0.4808 Z0.0294 I0. J0.0192
X-53.8427 Y-0.5185 Z0.02 I0. J-0.0192
X-53.8323 Y-0.4815 Z0.0097 I0.0052 J0.0185
X-53.8427 Y-0.5185 Z-0.0006 I-0.0052 J-0.0185
X-53.8274 Y-0.4836 Z-0.01 I0.0052 J0.0185
X-53.8476 Y-0.5164 Z-0.0203 I-0.0101 J-0.0164
X-53.8226 Y-0.5122 Z-0.025 I0.0101 J0.0164
X-53.8524 Y-0.4878 Z-0.0353 I-0.0149 J0.0122
X-53.8516 Y-0.5131 Z-0.04 I0.0149 J-0.0122
X-53.8234 Y-0.4869 Z-0.0503 I0.0141 J0.0131
X-53.8485 Y-0.4842 Z-0.055 I-0.0141 J-0.0131
X-53.8265 Y-0.5158 Z-0.0653 I0.011 J-0.0158
X-53.8485 Y-0.4842 Z-0.0756 I-0.011 J0.0158
X-53.8312 Y-0.5182 Z-0.085 I0.011 J-0.0158
X-53.8438 Y-0.4818 Z-0.0953 I-0.0063 J0.0182
X-53.8312 Y-0.5182 Z-0.1056 I0.0063 J-0.0182
X-53.8438 Y-0.4818 Z-0.1159 I-0.0063 J0.0182
X-53.8312 Y-0.5182 Z-0.1262 I0.0063 J-0.0182
X-53.8183 Y-0.5015 Z-0.13 I-0.0063 J0.0182
X-53.8567 Y-0.4985 Z-0.1403 I-0.0192 J0.0015
X-53.8416 Y-0.5188 Z-0.145 I0.0192 J-0.0015
X-53.8334 Y-0.4812 I0.0041 J0.0188
X-53.8416 Y-0.5188 I-0.0041 J-0.0188
X-53.8301 Y-0.5115 I0.002 J0.0094
G1 X-53.8285 Y-0.5038
X-53.8278 Y-0.5008 Z-0.1447
X-53.8272 Y-0.4979 Z-0.1438
X-53.8266 Y-0.4952 Z-0.1423
X-53.8261 Y-0.4929 Z-0.1404
X-53.8257 Y-0.491 Z-0.138
X-53.8254 Y-0.4895 Z-0.1353
X-53.8252 Y-0.4887 Z-0.1323
X-53.8251 Y-0.4884 Z-0.1292
G0 Z0.4
X-53.3279 Y-0.514
Z0.13
G1 Z0.0658 F40.
G19 G3 Y-0.4983 Z0.05 J0.0158 K0.
G1 Y-0.4904
G17 G3 X-53.3375 Y-0.4808 I-0.0096 J0.
Y-0.5193 Z0.0397 I0. J-0.0192
Y-0.4807 Z0.0294 I0. J0.0193
X-53.3427 Y-0.5185 Z0.02 I0. J-0.0193
X-53.3323 Y-0.4815 Z0.0097 I0.0052 J0.0185
X-53.3551 Y-0.4923 Z0.005 I-0.0052 J-0.0185
X-53.3199 Y-0.5077 Z-0.0053 I0.0176 J-0.0077
X-53.3274 Y-0.4836 Z-0.01 I-0.0176 J0.0077
X-53.3475 Y-0.5164 Z-0.0203 I-0.01 J-0.0164
X-53.3226 Y-0.5122 Z-0.025 I0.01 J0.0164
X-53.3524 Y-0.4878 Z-0.0353 I-0.0149 J0.0122
X-53.3226 Y-0.5122 Z-0.0456 I0.0149 J-0.0122
X-53.3485 Y-0.4842 Z-0.055 I-0.0149 J0.0122
X-53.3265 Y-0.5158 Z-0.0653 I0.011 J-0.0158
X-53.3204 Y-0.4912 Z-0.07 I-0.011 J0.0158
X-53.3546 Y-0.5088 Z-0.0803 I-0.0171 J-0.0088
X-53.3312 Y-0.5182 Z-0.085 I0.0171 J0.0088
X-53.3438 Y-0.4818 Z-0.0953 I-0.0063 J0.0182
X-53.3312 Y-0.5182 Z-0.1056 I0.0063 J-0.0182
X-53.3438 Y-0.4818 Z-0.1159 I-0.0063 J0.0182
X-53.3312 Y-0.5182 Z-0.1262 I0.0063 J-0.0182
X-53.3183 Y-0.5015 Z-0.13 I-0.0063 J0.0182
X-53.3567 Y-0.4985 Z-0.1403 I-0.0192 J0.0015
X-53.3416 Y-0.5188 Z-0.145 I0.0192 J-0.0015
X-53.3334 Y-0.4812 I0.0041 J0.0188
X-53.3416 Y-0.5188 I-0.0041 J-0.0188
X-53.3301 Y-0.5115 I0.0021 J0.0094
G1 X-53.3285 Y-0.5038
X-53.3278 Y-0.5008 Z-0.1447
X-53.3272 Y-0.4979 Z-0.1438
X-53.3266 Y-0.4952 Z-0.1423
X-53.3261 Y-0.4929 Z-0.1404
X-53.3257 Y-0.491 Z-0.138
X-53.3254 Y-0.4895 Z-0.1353
X-53.3252 Y-0.4887 Z-0.1323
X-53.3251 Y-0.4884 Z-0.1292
G0 Z0.4
X-52.8279 Y-0.514
Z0.13
G1 Z0.0658 F40.
G19 G3 Y-0.4983 Z0.05 J0.0158 K0.
G1 Y-0.4904
G17 G3 X-52.8375 Y-0.4808 I-0.0096 J0.
Y-0.5192 Z0.0397 I0. J-0.0192
Y-0.4808 Z0.0294 I0. J0.0192
X-52.8427 Y-0.5185 Z0.02 I0. J-0.0192
X-52.8323 Y-0.4815 Z0.0097 I0.0052 J0.0185
X-52.8427 Y-0.5185 Z-0.0006 I-0.0052 J-0.0185
X-52.8274 Y-0.4836 Z-0.01 I0.0052 J0.0185
X-52.8476 Y-0.5164 Z-0.0203 I-0.0101 J-0.0164
X-52.8226 Y-0.5122 Z-0.025 I0.0101 J0.0164
X-52.8524 Y-0.4878 Z-0.0353 I-0.0149 J0.0122
X-52.8226 Y-0.5122 Z-0.0456 I0.0149 J-0.0122
X-52.8485 Y-0.4842 Z-0.055 I-0.0149 J0.0122
X-52.8265 Y-0.5158 Z-0.0653 I0.011 J-0.0158
X-52.8485 Y-0.4842 Z-0.0756 I-0.011 J0.0158
X-52.8312 Y-0.5182 Z-0.085 I0.011 J-0.0158
X-52.8438 Y-0.4818 Z-0.0953 I-0.0063 J0.0182
X-52.8564 Y-0.5038 Z-0.1 I0.0063 J-0.0182
X-52.8186 Y-0.4962 Z-0.1103 I0.0189 J0.0038
X-52.8564 Y-0.5038 Z-0.1206 I-0.0189 J-0.0038
X-52.8186 Y-0.4962 Z-0.1309 I0.0189 J0.0038
X-52.8564 Y-0.5038 Z-0.1412 I-0.0189 J-0.0038
X-52.8416 Y-0.5188 Z-0.145 I0.0189 J0.0038
X-52.8334 Y-0.4812 I0.0041 J0.0188
X-52.8416 Y-0.5188 I-0.0041 J-0.0188
X-52.8301 Y-0.5115 I0.002 J0.0094
G1 X-52.8285 Y-0.5038
X-52.8278 Y-0.5008 Z-0.1447
X-52.8272 Y-0.4979 Z-0.1438
X-52.8266 Y-0.4952 Z-0.1423
X-52.8261 Y-0.4929 Z-0.1404
X-52.8257 Y-0.491 Z-0.138
X-52.8254 Y-0.4895 Z-0.1353
X-52.8252 Y-0.4887 Z-0.1323
X-52.8251 Y-0.4884 Z-0.1292
G0 Z0.4
X-52.3279 Y-0.514
Z0.13
G1 Z0.0658 F40.
G19 G3 Y-0.4983 Z0.05 J0.0158 K0.
G1 Y-0.4904
G17 G3 X-52.3375 Y-0.4808 I-0.0096 J0.
Y-0.5192 Z0.0397 I0. J-0.0192
Y-0.4808 Z0.0294 I0. J0.0192
X-52.3427 Y-0.5185 Z0.02 I0. J-0.0192
X-52.3323 Y-0.4815 Z0.0097 I0.0052 J0.0185
X-52.3427 Y-0.5185 Z-0.0006 I-0.0052 J-0.0185
X-52.3274 Y-0.4836 Z-0.01 I0.0052 J0.0185
X-52.3476 Y-0.5164 Z-0.0203 I-0.0101 J-0.0164
X-52.3226 Y-0.5122 Z-0.025 I0.0101 J0.0164
X-52.3524 Y-0.4878 Z-0.0353 I-0.0149 J0.0122
X-52.3516 Y-0.5131 Z-0.04 I0.0149 J-0.0122
X-52.3234 Y-0.4869 Z-0.0503 I0.0141 J0.0131
X-52.3485 Y-0.4842 Z-0.055 I-0.0141 J-0.0131
X-52.3265 Y-0.5158 Z-0.0653 I0.011 J-0.0158
X-52.3485 Y-0.4842 Z-0.0756 I-0.011 J0.0158
X-52.3312 Y-0.5182 Z-0.085 I0.011 J-0.0158
X-52.3438 Y-0.4818 Z-0.0953 I-0.0063 J0.0182
X-52.3312 Y-0.5182 Z-0.1056 I0.0063 J-0.0182
X-52.3438 Y-0.4818 Z-0.1159 I-0.0063 J0.0182
X-52.3312 Y-0.5182 Z-0.1262 I0.0063 J-0.0182
X-52.3183 Y-0.5015 Z-0.13 I-0.0063 J0.0182
X-52.3567 Y-0.4985 Z-0.1403 I-0.0192 J0.0015
X-52.3416 Y-0.5188 Z-0.145 I0.0192 J-0.0015
X-52.3334 Y-0.4812 I0.0041 J0.0188
X-52.3416 Y-0.5188 I-0.0041 J-0.0188
X-52.3301 Y-0.5115 I0.0021 J0.0094
G1 X-52.3285 Y-0.5038
X-52.3278 Y-0.5008 Z-0.1447
X-52.3272 Y-0.4979 Z-0.1438
X-52.3266 Y-0.4952 Z-0.1423
X-52.3261 Y-0.4929 Z-0.1404
X-52.3257 Y-0.491 Z-0.138
X-52.3254 Y-0.4895 Z-0.1353
X-52.3252 Y-0.4887 Z-0.1323
X-52.3251 Y-0.4884 Z-0.1292
G0 Z0.4
X-51.3279 Y-0.514
Z0.13
G1 Z0.0658 F40.
G19 G3 Y-0.4983 Z0.05 J0.0158 K0.
G1 Y-0.4904
G17 G3 X-51.3375 Y-0.4808 I-0.0096 J0.
Y-0.5192 Z0.0397 I0. J-0.0192
Y-0.4808 Z0.0294 I0. J0.0192
X-51.3427 Y-0.5185 Z0.02 I0. J-0.0192
X-51.3323 Y-0.4815 Z0.0097 I0.0052 J0.0185
X-51.3427 Y-0.5185 Z-0.0006 I-0.0052 J-0.0185
X-51.3274 Y-0.4836 Z-0.01 I0.0052 J0.0185
X-51.3476 Y-0.5164 Z-0.0203 I-0.0101 J-0.0164
X-51.3226 Y-0.5122 Z-0.025 I0.0101 J0.0164
X-51.3524 Y-0.4878 Z-0.0353 I-0.0149 J0.0122
X-51.3516 Y-0.5131 Z-0.04 I0.0149 J-0.0122
X-51.3234 Y-0.4869 Z-0.0503 I0.0141 J0.0131
X-51.3485 Y-0.4842 Z-0.055 I-0.0141 J-0.0131
X-51.3265 Y-0.5158 Z-0.0653 I0.011 J-0.0158
X-51.3485 Y-0.4842 Z-0.0756 I-0.011 J0.0158
X-51.3312 Y-0.5182 Z-0.085 I0.011 J-0.0158
X-51.3438 Y-0.4818 Z-0.0953 I-0.0063 J0.0182
X-51.3312 Y-0.5182 Z-0.1056 I0.0063 J-0.0182
X-51.3438 Y-0.4818 Z-0.1159 I-0.0063 J0.0182
X-51.3312 Y-0.5182 Z-0.1262 I0.0063 J-0.0182
X-51.3183 Y-0.5015 Z-0.13 I-0.0063 J0.0182
X-51.3567 Y-0.4985 Z-0.1403 I-0.0192 J0.0015
X-51.3416 Y-0.5188 Z-0.145 I0.0192 J-0.0015
X-51.3334 Y-0.4812 I0.0041 J0.0188
X-51.3416 Y-0.5188 I-0.0041 J-0.0188
X-51.3301 Y-0.5115 I0.002 J0.0094
G1 X-51.3285 Y-0.5038
X-51.3278 Y-0.5008 Z-0.1447
X-51.3272 Y-0.4979 Z-0.1438
X-51.3266 Y-0.4952 Z-0.1423
X-51.3261 Y-0.4929 Z-0.1404
X-51.3257 Y-0.491 Z-0.138
X-51.3254 Y-0.4895 Z-0.1353
X-51.3252 Y-0.4887 Z-0.1323
X-51.3251 Y-0.4884 Z-0.1292
G0 Z0.4
X-50.8279 Y-0.514
Z0.13
G1 Z0.0658 F40.
G19 G3 Y-0.4983 Z0.05 J0.0158 K0.
G1 Y-0.4904
G17 G3 X-50.8375 Y-0.4808 I-0.0096 J0.
Y-0.5193 Z0.0397 I0. J-0.0192
Y-0.4807 Z0.0294 I0. J0.0193
X-50.8427 Y-0.5185 Z0.02 I0. J-0.0193
X-50.8323 Y-0.4815 Z0.0097 I0.0052 J0.0185
X-50.8551 Y-0.4923 Z0.005 I-0.0052 J-0.0185
X-50.8199 Y-0.5077 Z-0.0053 I0.0176 J-0.0077
X-50.8274 Y-0.4836 Z-0.01 I-0.0176 J0.0077
X-50.8475 Y-0.5164 Z-0.0203 I-0.01 J-0.0164
X-50.8226 Y-0.5122 Z-0.025 I0.01 J0.0164
X-50.8524 Y-0.4878 Z-0.0353 I-0.0149 J0.0122
X-50.8226 Y-0.5122 Z-0.0456 I0.0149 J-0.0122
X-50.8485 Y-0.4842 Z-0.055 I-0.0149 J0.0122
X-50.8265 Y-0.5158 Z-0.0653 I0.011 J-0.0158
X-50.8204 Y-0.4912 Z-0.07 I-0.011 J0.0158
X-50.8546 Y-0.5088 Z-0.0803 I-0.0171 J-0.0088
X-50.8312 Y-0.5182 Z-0.085 I0.0171 J0.0088
X-50.8438 Y-0.4818 Z-0.0953 I-0.0063 J0.0182
X-50.8312 Y-0.5182 Z-0.1056 I0.0063 J-0.0182
X-50.8438 Y-0.4818 Z-0.1159 I-0.0063 J0.0182
X-50.8312 Y-0.5182 Z-0.1262 I0.0063 J-0.0182
X-50.8183 Y-0.5015 Z-0.13 I-0.0063 J0.0182
X-50.8567 Y-0.4985 Z-0.1403 I-0.0192 J0.0015
X-50.8416 Y-0.5188 Z-0.145 I0.0192 J-0.0015
X-50.8334 Y-0.4812 I0.0041 J0.0188
X-50.8416 Y-0.5188 I-0.0041 J-0.0188
X-50.8301 Y-0.5115 I0.0021 J0.0094
G1 X-50.8285 Y-0.5038
X-50.8278 Y-0.5008 Z-0.1447
X-50.8272 Y-0.4979 Z-0.1438
X-50.8266 Y-0.4952 Z-0.1423
X-50.8261 Y-0.4929 Z-0.1404
X-50.8257 Y-0.491 Z-0.138
X-50.8254 Y-0.4895 Z-0.1353
X-50.8252 Y-0.4887 Z-0.1323
X-50.8251 Y-0.4884 Z-0.1292
G0 Z0.4
X-50.3279 Y-0.514
Z0.13
G1 Z0.0658 F40.
G19 G3 Y-0.4983 Z0.05 J0.0158 K0.
G1 Y-0.4904
G17 G3 X-50.3375 Y-0.4808 I-0.0096 J0.
Y-0.5192 Z0.0397 I0. J-0.0192
Y-0.4808 Z0.0294 I0. J0.0192
X-50.3427 Y-0.5185 Z0.02 I0. J-0.0192
X-50.3323 Y-0.4815 Z0.0097 I0.0052 J0.0185
X-50.3427 Y-0.5185 Z-0.0006 I-0.0052 J-0.0185
X-50.3274 Y-0.4836 Z-0.01 I0.0052 J0.0185
X-50.3476 Y-0.5164 Z-0.0203 I-0.0101 J-0.0164
X-50.3226 Y-0.5122 Z-0.025 I0.0101 J0.0164
X-50.3524 Y-0.4878 Z-0.0353 I-0.0149 J0.0122
X-50.3226 Y-0.5122 Z-0.0456 I0.0149 J-0.0122
X-50.3485 Y-0.4842 Z-0.055 I-0.0149 J0.0122
X-50.3265 Y-0.5158 Z-0.0653 I0.011 J-0.0158
X-50.3485 Y-0.4842 Z-0.0756 I-0.011 J0.0158
X-50.3312 Y-0.5182 Z-0.085 I0.011 J-0.0158
X-50.3438 Y-0.4818 Z-0.0953 I-0.0063 J0.0182
X-50.3564 Y-0.5038 Z-0.1 I0.0063 J-0.0182
X-50.3186 Y-0.4962 Z-0.1103 I0.0189 J0.0038
X-50.3564 Y-0.5038 Z-0.1206 I-0.0189 J-0.0038
X-50.3186 Y-0.4962 Z-0.1309 I0.0189 J0.0038
X-50.3564 Y-0.5038 Z-0.1412 I-0.0189 J-0.0038
X-50.3416 Y-0.5188 Z-0.145 I0.0189 J0.0038
X-50.3334 Y-0.4812 I0.0041 J0.0188
X-50.3416 Y-0.5188 I-0.0041 J-0.0188
X-50.3301 Y-0.5115 I0.002 J0.0094
G1 X-50.3285 Y-0.5038
X-50.3278 Y-0.5008 Z-0.1447
X-50.3272 Y-0.4979 Z-0.1438
X-50.3266 Y-0.4952 Z-0.1423
X-50.3261 Y-0.4929 Z-0.1404
X-50.3257 Y-0.491 Z-0.138
X-50.3254 Y-0.4895 Z-0.1353
X-50.3252 Y-0.4887 Z-0.1323
X-50.3251 Y-0.4884 Z-0.1292
G0 Z0.4
X-49.8279 Y-0.514
Z0.13
G1 Z0.0658 F40.
G19 G3 Y-0.4983 Z0.05 J0.0158 K0.
G1 Y-0.4904
G17 G3 X-49.8375 Y-0.4808 I-0.0096 J0.
Y-0.5192 Z0.0397 I0. J-0.0192
Y-0.4808 Z0.0294 I0. J0.0192
X-49.8427 Y-0.5185 Z0.02 I0. J-0.0192
X-49.8323 Y-0.4815 Z0.0097 I0.0052 J0.0185
X-49.8427 Y-0.5185 Z-0.0006 I-0.0052 J-0.0185
X-49.8274 Y-0.4836 Z-0.01 I0.0052 J0.0185
X-49.8476 Y-0.5164 Z-0.0203 I-0.0101 J-0.0164
X-49.8226 Y-0.5122 Z-0.025 I0.0101 J0.0164
X-49.8524 Y-0.4878 Z-0.0353 I-0.0149 J0.0122
X-49.8516 Y-0.5131 Z-0.04 I0.0149 J-0.0122
X-49.8234 Y-0.4869 Z-0.0503 I0.0141 J0.0131
X-49.8485 Y-0.4842 Z-0.055 I-0.0141 J-0.0131
X-49.8265 Y-0.5158 Z-0.0653 I0.011 J-0.0158
X-49.8485 Y-0.4842 Z-0.0756 I-0.011 J0.0158
X-49.8312 Y-0.5182 Z-0.085 I0.011 J-0.0158
X-49.8438 Y-0.4818 Z-0.0953 I-0.0063 J0.0182
X-49.8312 Y-0.5182 Z-0.1056 I0.0063 J-0.0182
X-49.8438 Y-0.4818 Z-0.1159 I-0.0063 J0.0182
X-49.8312 Y-0.5182 Z-0.1262 I0.0063 J-0.0182
X-49.8183 Y-0.5015 Z-0.13 I-0.0063 J0.0182
X-49.8567 Y-0.4985 Z-0.1403 I-0.0192 J0.0015
X-49.8416 Y-0.5188 Z-0.145 I0.0192 J-0.0015
X-49.8334 Y-0.4812 I0.0041 J0.0188
X-49.8416 Y-0.5188 I-0.0041 J-0.0188
X-49.8301 Y-0.5115 I0.0021 J0.0094
G1 X-49.8285 Y-0.5038
X-49.8278 Y-0.5008 Z-0.1447
X-49.8272 Y-0.4979 Z-0.1438
X-49.8266 Y-0.4952 Z-0.1423
X-49.8261 Y-0.4929 Z-0.1404
X-49.8257 Y-0.491 Z-0.138
X-49.8254 Y-0.4895 Z-0.1353
X-49.8252 Y-0.4887 Z-0.1323
X-49.8251 Y-0.4884 Z-0.1292
G0 Z0.4
X-49.3279 Y-0.514
Z0.13
G1 Z0.0658 F40.
G19 G3 Y-0.4983 Z0.05 J0.0158 K0.
G1 Y-0.4904
G17 G3 X-49.3375 Y-0.4808 I-0.0096 J0.
Y-0.5193 Z0.0397 I0. J-0.0192
X-49.3184 Y-0.5026 Z0.035 I0. J0.0193
X-49.3566 Y-0.4974 Z0.0247 I-0.0191 J0.0026
X-49.3427 Y-0.5185 Z0.02 I0.0191 J-0.0026
X-49.3323 Y-0.4815 Z0.0097 I0.0052 J0.0185
X-49.3427 Y-0.5185 Z-0.0006 I-0.0052 J-0.0185
X-49.3275 Y-0.4836 Z-0.01 I0.0052 J0.0185
X-49.3475 Y-0.5164 Z-0.0203 I-0.01 J-0.0164
X-49.3226 Y-0.5122 Z-0.025 I0.01 J0.0164
X-49.3524 Y-0.4878 Z-0.0353 I-0.0149 J0.0122
X-49.3226 Y-0.5122 Z-0.0456 I0.0149 J-0.0122
X-49.3485 Y-0.4842 Z-0.055 I-0.0149 J0.0122
X-49.3265 Y-0.5158 Z-0.0653 I0.011 J-0.0158
X-49.3204 Y-0.4912 Z-0.07 I-0.011 J0.0158
X-49.3546 Y-0.5088 Z-0.0803 I-0.0171 J-0.0088
X-49.3312 Y-0.5182 Z-0.085 I0.0171 J0.0088
X-49.3438 Y-0.4818 Z-0.0953 I-0.0063 J0.0182
X-49.3312 Y-0.5182 Z-0.1056 I0.0063 J-0.0182
X-49.3438 Y-0.4818 Z-0.1159 I-0.0063 J0.0182
X-49.3312 Y-0.5182 Z-0.1262 I0.0063 J-0.0182
X-49.3183 Y-0.5015 Z-0.13 I-0.0063 J0.0182
X-49.3567 Y-0.4985 Z-0.1403 I-0.0192 J0.0015
X-49.3416 Y-0.5188 Z-0.145 I0.0192 J-0.0015
X-49.3334 Y-0.4812 I0.0041 J0.0188
X-49.3416 Y-0.5188 I-0.0041 J-0.0188
X-49.3301 Y-0.5115 I0.0021 J0.0094
G1 X-49.3285 Y-0.5038
X-49.3278 Y-0.5008 Z-0.1447
X-49.3272 Y-0.4979 Z-0.1438
X-49.3266 Y-0.4952 Z-0.1423
X-49.3261 Y-0.4929 Z-0.1404
X-49.3257 Y-0.491 Z-0.138
X-49.3254 Y-0.4895 Z-0.1353
X-49.3252 Y-0.4887 Z-0.1323
X-49.3251 Y-0.4884 Z-0.1292
G0 Z0.4
X-48.8279 Y-0.514
Z0.13
G1 Z0.0658 F40.
G19 G3 Y-0.4983 Z0.05 J0.0158 K0.
G1 Y-0.4904
G17 G3 X-48.8375 Y-0.4808 I-0.0096 J0.
Y-0.5192 Z0.0397 I0. J-0.0192
Y-0.4808 Z0.0294 I0. J0.0192
X-48.8427 Y-0.5185 Z0.02 I0. J-0.0192
X-48.8323 Y-0.4815 Z0.0097 I0.0052 J0.0185
X-48.8427 Y-0.5185 Z-0.0006 I-0.0052 J-0.0185
X-48.8274 Y-0.4836 Z-0.01 I0.0052 J0.0185
X-48.8476 Y-0.5164 Z-0.0203 I-0.0101 J-0.0164
X-48.8226 Y-0.5122 Z-0.025 I0.0101 J0.0164
X-48.8524 Y-0.4878 Z-0.0353 I-0.0149 J0.0122
X-48.8516 Y-0.5131 Z-0.04 I0.0149 J-0.0122
X-48.8234 Y-0.4869 Z-0.0503 I0.0141 J0.0131
X-48.8485 Y-0.4842 Z-0.055 I-0.0141 J-0.0131
X-48.8265 Y-0.5158 Z-0.0653 I0.011 J-0.0158
X-48.8485 Y-0.4842 Z-0.0756 I-0.011 J0.0158
X-48.8312 Y-0.5182 Z-0.085 I0.011 J-0.0158
X-48.8438 Y-0.4818 Z-0.0953 I-0.0063 J0.0182
X-48.8312 Y-0.5182 Z-0.1056 I0.0063 J-0.0182
X-48.8438 Y-0.4818 Z-0.1159 I-0.0063 J0.0182
X-48.8312 Y-0.5182 Z-0.1262 I0.0063 J-0.0182
X-48.8183 Y-0.5015 Z-0.13 I-0.0063 J0.0182
X-48.8567 Y-0.4985 Z-0.1403 I-0.0192 J0.0015
X-48.8416 Y-0.5188 Z-0.145 I0.0192 J-0.0015
X-48.8334 Y-0.4812 I0.0041 J0.0188
X-48.8416 Y-0.5188 I-0.0041 J-0.0188
X-48.8301 Y-0.5115 I0.002 J0.0094
G1 X-48.8285 Y-0.5038
X-48.8278 Y-0.5008 Z-0.1447
X-48.8272 Y-0.4979 Z-0.1438
X-48.8266 Y-0.4952 Z-0.1423
X-48.8261 Y-0.4929 Z-0.1404
X-48.8257 Y-0.491 Z-0.138
X-48.8254 Y-0.4895 Z-0.1353
X-48.8252 Y-0.4887 Z-0.1323
X-48.8251 Y-0.4884 Z-0.1292
G0 Z0.4
X-48.3279 Y-0.514
Z0.13
G1 Z0.0658 F40.
G19 G3 Y-0.4983 Z0.05 J0.0158 K0.
G1 Y-0.4904
G17 G3 X-48.3375 Y-0.4808 I-0.0096 J0.
Y-0.5193 Z0.0397 I0. J-0.0192
Y-0.4807 Z0.0294 I0. J0.0193
X-48.3427 Y-0.5185 Z0.02 I0. J-0.0193
X-48.3323 Y-0.4815 Z0.0097 I0.0052 J0.0185
X-48.3551 Y-0.4923 Z0.005 I-0.0052 J-0.0185
X-48.3199 Y-0.5077 Z-0.0053 I0.0176 J-0.0077
X-48.3274 Y-0.4836 Z-0.01 I-0.0176 J0.0077
X-48.3475 Y-0.5164 Z-0.0203 I-0.01 J-0.0164
X-48.3226 Y-0.5122 Z-0.025 I0.01 J0.0164
X-48.3524 Y-0.4878 Z-0.0353 I-0.0149 J0.0122
X-48.3226 Y-0.5122 Z-0.0456 I0.0149 J-0.0122
X-48.3485 Y-0.4842 Z-0.055 I-0.0149 J0.0122
X-48.3265 Y-0.5158 Z-0.0653 I0.011 J-0.0158
X-48.3204 Y-0.4912 Z-0.07 I-0.011 J0.0158
X-48.3546 Y-0.5088 Z-0.0803 I-0.0171 J-0.0088
X-48.3312 Y-0.5182 Z-0.085 I0.0171 J0.0088
X-48.3438 Y-0.4818 Z-0.0953 I-0.0063 J0.0182
X-48.3312 Y-0.5182 Z-0.1056 I0.0063 J-0.0182
X-48.3438 Y-0.4818 Z-0.1159 I-0.0063 J0.0182
X-48.3312 Y-0.5182 Z-0.1262 I0.0063 J-0.0182
X-48.3183 Y-0.5015 Z-0.13 I-0.0063 J0.0182
X-48.3567 Y-0.4985 Z-0.1403 I-0.0192 J0.0015
X-48.3416 Y-0.5188 Z-0.145 I0.0192 J-0.0015
X-48.3334 Y-0.4812 I0.0041 J0.0188
X-48.3416 Y-0.5188 I-0.0041 J-0.0188
X-48.3301 Y-0.5115 I0.0021 J0.0094
G1 X-48.3285 Y-0.5038
X-48.3278 Y-0.5008 Z-0.1447
X-48.3272 Y-0.4979 Z-0.1438
X-48.3266 Y-0.4952 Z-0.1423
X-48.3261 Y-0.4929 Z-0.1404
X-48.3257 Y-0.491 Z-0.138
X-48.3254 Y-0.4895 Z-0.1353
X-48.3252 Y-0.4887 Z-0.1323
X-48.3251 Y-0.4884 Z-0.1292
G0 Z0.4
X-47.8279 Y-0.514
Z0.13
G1 Z0.0658 F40.
G19 G3 Y-0.4983 Z0.05 J0.0158 K0.
G1 Y-0.4904
G17 G3 X-47.8375 Y-0.4808 I-0.0096 J0.
Y-0.5192 Z0.0397 I0. J-0.0192
Y-0.4808 Z0.0294 I0. J0.0192
X-47.8427 Y-0.5185 Z0.02 I0. J-0.0192
X-47.8323 Y-0.4815 Z0.0097 I0.0052 J0.0185
X-47.8427 Y-0.5185 Z-0.0006 I-0.0052 J-0.0185
X-47.8274 Y-0.4836 Z-0.01 I0.0052 J0.0185
X-47.8476 Y-0.5164 Z-0.0203 I-0.0101 J-0.0164
X-47.8226 Y-0.5122 Z-0.025 I0.0101 J0.0164
X-47.8524 Y-0.4878 Z-0.0353 I-0.0149 J0.0122
X-47.8226 Y-0.5122 Z-0.0456 I0.0149 J-0.0122
X-47.8485 Y-0.4842 Z-0.055 I-0.0149 J0.0122
X-47.8265 Y-0.5158 Z-0.0653 I0.011 J-0.0158
X-47.8485 Y-0.4842 Z-0.0756 I-0.011 J0.0158
X-47.8312 Y-0.5182 Z-0.085 I0.011 J-0.0158
X-47.8438 Y-0.4818 Z-0.0953 I-0.0063 J0.0182
X-47.8564 Y-0.5038 Z-0.1 I0.0063 J-0.0182
X-47.8186 Y-0.4962 Z-0.1103 I0.0189 J0.0038
X-47.8564 Y-0.5038 Z-0.1206 I-0.0189 J-0.0038
X-47.8186 Y-0.4962 Z-0.1309 I0.0189 J0.0038
X-47.8564 Y-0.5038 Z-0.1412 I-0.0189 J-0.0038
X-47.8416 Y-0.5188 Z-0.145 I0.0189 J0.0038
X-47.8334 Y-0.4812 I0.0041 J0.0188
X-47.8416 Y-0.5188 I-0.0041 J-0.0188
X-47.8301 Y-0.5115 I0.002 J0.0094
G1 X-47.8285 Y-0.5038
X-47.8278 Y-0.5008 Z-0.1447
X-47.8272 Y-0.4979 Z-0.1438
X-47.8266 Y-0.4952 Z-0.1423
X-47.8261 Y-0.4929 Z-0.1404
X-47.8257 Y-0.491 Z-0.138
X-47.8254 Y-0.4895 Z-0.1353
X-47.8252 Y-0.4887 Z-0.1323
X-47.8251 Y-0.4884 Z-0.1292
G0 Z0.4
X-47.3279 Y-0.514
Z0.13
G1 Z0.0658 F40.
G19 G3 Y-0.4983 Z0.05 J0.0158 K0.
G1 Y-0.4904
G17 G3 X-47.3375 Y-0.4808 I-0.0096 J0.
Y-0.5192 Z0.0397 I0. J-0.0192
Y-0.4808 Z0.0294 I0. J0.0192
X-47.3427 Y-0.5185 Z0.02 I0. J-0.0192
X-47.3323 Y-0.4815 Z0.0097 I0.0052 J0.0185
X-47.3427 Y-0.5185 Z-0.0006 I-0.0052 J-0.0185
X-47.3274 Y-0.4836 Z-0.01 I0.0052 J0.0185
X-47.3476 Y-0.5164 Z-0.0203 I-0.0101 J-0.0164
X-47.3226 Y-0.5122 Z-0.025 I0.0101 J0.0164
X-47.3524 Y-0.4878 Z-0.0353 I-0.0149 J0.0122
X-47.3516 Y-0.5131 Z-0.04 I0.0149 J-0.0122
X-47.3234 Y-0.4869 Z-0.0503 I0.0141 J0.0131
X-47.3485 Y-0.4842 Z-0.055 I-0.0141 J-0.0131
X-47.3265 Y-0.5158 Z-0.0653 I0.011 J-0.0158
X-47.3485 Y-0.4842 Z-0.0756 I-0.011 J0.0158
X-47.3312 Y-0.5182 Z-0.085 I0.011 J-0.0158
X-47.3438 Y-0.4818 Z-0.0953 I-0.0063 J0.0182
X-47.3312 Y-0.5182 Z-0.1056 I0.0063 J-0.0182
X-47.3438 Y-0.4818 Z-0.1159 I-0.0063 J0.0182
X-47.3312 Y-0.5182 Z-0.1262 I0.0063 J-0.0182
X-47.3183 Y-0.5015 Z-0.13 I-0.0063 J0.0182
X-47.3567 Y-0.4985 Z-0.1403 I-0.0192 J0.0015
X-47.3416 Y-0.5188 Z-0.145 I0.0192 J-0.0015
X-47.3334 Y-0.4812 I0.0041 J0.0188
X-47.3416 Y-0.5188 I-0.0041 J-0.0188
X-47.3301 Y-0.5115 I0.0021 J0.0094
G1 X-47.3285 Y-0.5038
X-47.3278 Y-0.5008 Z-0.1447
X-47.3272 Y-0.4979 Z-0.1438
X-47.3266 Y-0.4952 Z-0.1423
X-47.3261 Y-0.4929 Z-0.1404
X-47.3257 Y-0.491 Z-0.138
X-47.3254 Y-0.4895 Z-0.1353
X-47.3252 Y-0.4887 Z-0.1323
X-47.3251 Y-0.4884 Z-0.1292
G0 Z0.4
X-46.8279 Y-0.514
Z0.13
G1 Z0.0658 F40.
G19 G3 Y-0.4983 Z0.05 J0.0158 K0.
G1 Y-0.4904
G17 G3 X-46.8375 Y-0.4808 I-0.0096 J0.
Y-0.5193 Z0.0397 I0. J-0.0192
X-46.8184 Y-0.5026 Z0.035 I0. J0.0193
X-46.8566 Y-0.4974 Z0.0247 I-0.0191 J0.0026
X-46.8427 Y-0.5185 Z0.02 I0.0191 J-0.0026
X-46.8323 Y-0.4815 Z0.0097 I0.0052 J0.0185
X-46.8427 Y-0.5185 Z-0.0006 I-0.0052 J-0.0185
X-46.8275 Y-0.4836 Z-0.01 I0.0052 J0.0185
X-46.8475 Y-0.5164 Z-0.0203 I-0.01 J-0.0164
X-46.8226 Y-0.5122 Z-0.025 I0.01 J0.0164
X-46.8524 Y-0.4878 Z-0.0353 I-0.0149 J0.0122
X-46.8226 Y-0.5122 Z-0.0456 I0.0149 J-0.0122
X-46.8485 Y-0.4842 Z-0.055 I-0.0149 J0.0122
X-46.8265 Y-0.5158 Z-0.0653 I0.011 J-0.0158
X-46.8204 Y-0.4912 Z-0.07 I-0.011 J0.0158
X-46.8546 Y-0.5088 Z-0.0803 I-0.0171 J-0.0088
X-46.8312 Y-0.5182 Z-0.085 I0.0171 J0.0088
X-46.8438 Y-0.4818 Z-0.0953 I-0.0063 J0.0182
X-46.8312 Y-0.5182 Z-0.1056 I0.0063 J-0.0182
X-46.8438 Y-0.4818 Z-0.1159 I-0.0063 J0.0182
X-46.8312 Y-0.5182 Z-0.1262 I0.0063 J-0.0182
X-46.8183 Y-0.5015 Z-0.13 I-0.0063 J0.0182
X-46.8567 Y-0.4985 Z-0.1403 I-0.0192 J0.0015
X-46.8416 Y-0.5188 Z-0.145 I0.0192 J-0.0015
X-46.8334 Y-0.4812 I0.0041 J0.0188
X-46.8416 Y-0.5188 I-0.0041 J-0.0188
X-46.8301 Y-0.5115 I0.0021 J0.0094
G1 X-46.8285 Y-0.5038
X-46.8278 Y-0.5008 Z-0.1447
X-46.8272 Y-0.4979 Z-0.1438
X-46.8266 Y-0.4952 Z-0.1423
X-46.8261 Y-0.4929 Z-0.1404
X-46.8257 Y-0.491 Z-0.138
X-46.8254 Y-0.4895 Z-0.1353
X-46.8252 Y-0.4887 Z-0.1323
X-46.8251 Y-0.4884 Z-0.1292
G0 Z0.4
X-46.3279 Y-0.514
Z0.13
G1 Z0.0658 F40.
G19 G3 Y-0.4983 Z0.05 J0.0158 K0.
G1 Y-0.4904
G17 G3 X-46.3375 Y-0.4808 I-0.0096 J0.
Y-0.5192 Z0.0397 I0. J-0.0192
Y-0.4808 Z0.0294 I0. J0.0192
X-46.3427 Y-0.5185 Z0.02 I0. J-0.0192
X-46.3323 Y-0.4815 Z0.0097 I0.0052 J0.0185
X-46.3427 Y-0.5185 Z-0.0006 I-0.0052 J-0.0185
X-46.3274 Y-0.4836 Z-0.01 I0.0052 J0.0185
X-46.3476 Y-0.5164 Z-0.0203 I-0.0101 J-0.0164
X-46.3226 Y-0.5122 Z-0.025 I0.0101 J0.0164
X-46.3524 Y-0.4878 Z-0.0353 I-0.0149 J0.0122
X-46.3516 Y-0.5131 Z-0.04 I0.0149 J-0.0122
X-46.3234 Y-0.4869 Z-0.0503 I0.0141 J0.0131
X-46.3485 Y-0.4842 Z-0.055 I-0.0141 J-0.0131
X-46.3265 Y-0.5158 Z-0.0653 I0.011 J-0.0158
X-46.3485 Y-0.4842 Z-0.0756 I-0.011 J0.0158
X-46.3312 Y-0.5182 Z-0.085 I0.011 J-0.0158
X-46.3438 Y-0.4818 Z-0.0953 I-0.0063 J0.0182
X-46.3312 Y-0.5182 Z-0.1056 I0.0063 J-0.0182
X-46.3438 Y-0.4818 Z-0.1159 I-0.0063 J0.0182
X-46.3312 Y-0.5182 Z-0.1262 I0.0063 J-0.0182
X-46.3183 Y-0.5015 Z-0.13 I-0.0063 J0.0182
X-46.3567 Y-0.4985 Z-0.1403 I-0.0192 J0.0015
X-46.3416 Y-0.5188 Z-0.145 I0.0192 J-0.0015
X-46.3334 Y-0.4812 I0.0041 J0.0188
X-46.3416 Y-0.5188 I-0.0041 J-0.0188
X-46.3301 Y-0.5115 I0.002 J0.0094
G1 X-46.3285 Y-0.5038
X-46.3278 Y-0.5008 Z-0.1447
X-46.3272 Y-0.4979 Z-0.1438
X-46.3266 Y-0.4952 Z-0.1423
X-46.3261 Y-0.4929 Z-0.1404
X-46.3257 Y-0.491 Z-0.138
X-46.3254 Y-0.4895 Z-0.1353
X-46.3252 Y-0.4887 Z-0.1323
X-46.3251 Y-0.4884 Z-0.1292
G0 Z0.4
X-45.8279 Y-0.514
Z0.13
G1 Z0.0658 F40.
G19 G3 Y-0.4983 Z0.05 J0.0158 K0.
G1 Y-0.4904
G17 G3 X-45.8375 Y-0.4808 I-0.0096 J0.
Y-0.5193 Z0.0397 I0. J-0.0192
Y-0.4807 Z0.0294 I0. J0.0193
X-45.8427 Y-0.5185 Z0.02 I0. J-0.0193
X-45.8323 Y-0.4815 Z0.0097 I0.0052 J0.0185
X-45.8551 Y-0.4923 Z0.005 I-0.0052 J-0.0185
X-45.8199 Y-0.5077 Z-0.0053 I0.0176 J-0.0077
X-45.8274 Y-0.4836 Z-0.01 I-0.0176 J0.0077
X-45.8475 Y-0.5164 Z-0.0203 I-0.01 J-0.0164
X-45.8226 Y-0.5122 Z-0.025 I0.01 J0.0164
X-45.8524 Y-0.4878 Z-0.0353 I-0.0149 J0.0122
X-45.8226 Y-0.5122 Z-0.0456 I0.0149 J-0.0122
X-45.8485 Y-0.4842 Z-0.055 I-0.0149 J0.0122
X-45.8265 Y-0.5158 Z-0.0653 I0.011 J-0.0158
X-45.8204 Y-0.4912 Z-0.07 I-0.011 J0.0158
X-45.8546 Y-0.5088 Z-0.0803 I-0.0171 J-0.0088
X-45.8312 Y-0.5182 Z-0.085 I0.0171 J0.0088
X-45.8438 Y-0.4818 Z-0.0953 I-0.0063 J0.0182
X-45.8312 Y-0.5182 Z-0.1056 I0.0063 J-0.0182
X-45.8438 Y-0.4818 Z-0.1159 I-0.0063 J0.0182
X-45.8312 Y-0.5182 Z-0.1262 I0.0063 J-0.0182
X-45.8183 Y-0.5015 Z-0.13 I-0.0063 J0.0182
X-45.8567 Y-0.4985 Z-0.1403 I-0.0192 J0.0015
X-45.8416 Y-0.5188 Z-0.145 I0.0192 J-0.0015
X-45.8334 Y-0.4812 I0.0041 J0.0188
X-45.8416 Y-0.5188 I-0.0041 J-0.0188
X-45.8301 Y-0.5115 I0.0021 J0.0094
G1 X-45.8285 Y-0.5038
X-45.8278 Y-0.5008 Z-0.1447
X-45.8272 Y-0.4979 Z-0.1438
X-45.8266 Y-0.4952 Z-0.1423
X-45.8261 Y-0.4929 Z-0.1404
X-45.8257 Y-0.491 Z-0.138
X-45.8254 Y-0.4895 Z-0.1353
X-45.8252 Y-0.4887 Z-0.1323
X-45.8251 Y-0.4884 Z-0.1292
G0 Z0.4
X-45.3279 Y-0.514
Z0.13
G1 Z0.0658 F40.
G19 G3 Y-0.4983 Z0.05 J0.0158 K0.
G1 Y-0.4904
G17 G3 X-45.3375 Y-0.4808 I-0.0096 J0.
Y-0.5192 Z0.0397 I0. J-0.0192
Y-0.4808 Z0.0294 I0. J0.0192
X-45.3427 Y-0.5185 Z0.02 I0. J-0.0192
X-45.3323 Y-0.4815 Z0.0097 I0.0052 J0.0185
X-45.3427 Y-0.5185 Z-0.0006 I-0.0052 J-0.0185
X-45.3274 Y-0.4836 Z-0.01 I0.0052 J0.0185
X-45.3476 Y-0.5164 Z-0.0203 I-0.0101 J-0.0164
X-45.3226 Y-0.5122 Z-0.025 I0.0101 J0.0164
X-45.3524 Y-0.4878 Z-0.0353 I-0.0149 J0.0122
X-45.3226 Y-0.5122 Z-0.0456 I0.0149 J-0.0122
X-45.3485 Y-0.4842 Z-0.055 I-0.0149 J0.0122
X-45.3265 Y-0.5158 Z-0.0653 I0.011 J-0.0158
X-45.3485 Y-0.4842 Z-0.0756 I-0.011 J0.0158
X-45.3312 Y-0.5182 Z-0.085 I0.011 J-0.0158
X-45.3438 Y-0.4818 Z-0.0953 I-0.0063 J0.0182
X-45.3564 Y-0.5038 Z-0.1 I0.0063 J-0.0182
X-45.3186 Y-0.4962 Z-0.1103 I0.0189 J0.0038
X-45.3564 Y-0.5038 Z-0.1206 I-0.0189 J-0.0038
X-45.3186 Y-0.4962 Z-0.1309 I0.0189 J0.0038
X-45.3564 Y-0.5038 Z-0.1412 I-0.0189 J-0.0038
X-45.3416 Y-0.5188 Z-0.145 I0.0189 J0.0038
X-45.3334 Y-0.4812 I0.0041 J0.0188
X-45.3416 Y-0.5188 I-0.0041 J-0.0188
X-45.3301 Y-0.5115 I0.002 J0.0094
G1 X-45.3285 Y-0.5038
X-45.3278 Y-0.5008 Z-0.1447
X-45.3272 Y-0.4979 Z-0.1438
X-45.3266 Y-0.4952 Z-0.1423
X-45.3261 Y-0.4929 Z-0.1404
X-45.3257 Y-0.491 Z-0.138
X-45.3254 Y-0.4895 Z-0.1353
X-45.3252 Y-0.4887 Z-0.1323
X-45.3251 Y-0.4884 Z-0.1292
G0 Z0.4
X-44.8279 Y-0.514
Z0.13
G1 Z0.0658 F40.
G19 G3 Y-0.4983 Z0.05 J0.0158 K0.
G1 Y-0.4904
G17 G3 X-44.8375 Y-0.4808 I-0.0096 J0.
Y-0.5192 Z0.0397 I0. J-0.0192
Y-0.4808 Z0.0294 I0. J0.0192
X-44.8427 Y-0.5185 Z0.02 I0. J-0.0192
X-44.8323 Y-0.4815 Z0.0097 I0.0052 J0.0185
X-44.8427 Y-0.5185 Z-0.0006 I-0.0052 J-0.0185
X-44.8274 Y-0.4836 Z-0.01 I0.0052 J0.0185
X-44.8476 Y-0.5164 Z-0.0203 I-0.0101 J-0.0164
X-44.8226 Y-0.5122 Z-0.025 I0.0101 J0.0164
X-44.8524 Y-0.4878 Z-0.0353 I-0.0149 J0.0122
X-44.8516 Y-0.5131 Z-0.04 I0.0149 J-0.0122
X-44.8234 Y-0.4869 Z-0.0503 I0.0141 J0.0131
X-44.8485 Y-0.4842 Z-0.055 I-0.0141 J-0.0131
X-44.8265 Y-0.5158 Z-0.0653 I0.011 J-0.0158
X-44.8485 Y-0.4842 Z-0.0756 I-0.011 J0.0158
X-44.8312 Y-0.5182 Z-0.085 I0.011 J-0.0158
X-44.8438 Y-0.4818 Z-0.0953 I-0.0063 J0.0182
X-44.8312 Y-0.5182 Z-0.1056 I0.0063 J-0.0182
X-44.8438 Y-0.4818 Z-0.1159 I-0.0063 J0.0182
X-44.8312 Y-0.5182 Z-0.1262 I0.0063 J-0.0182
X-44.8183 Y-0.5015 Z-0.13 I-0.0063 J0.0182
X-44.8567 Y-0.4985 Z-0.1403 I-0.0192 J0.0015
X-44.8416 Y-0.5188 Z-0.145 I0.0192 J-0.0015
X-44.8334 Y-0.4812 I0.0041 J0.0188
X-44.8416 Y-0.5188 I-0.0041 J-0.0188
X-44.8301 Y-0.5115 I0.0021 J0.0094
G1 X-44.8285 Y-0.5038
X-44.8278 Y-0.5008 Z-0.1447
X-44.8272 Y-0.4979 Z-0.1438
X-44.8266 Y-0.4952 Z-0.1423
X-44.8261 Y-0.4929 Z-0.1404
X-44.8257 Y-0.491 Z-0.138
X-44.8254 Y-0.4895 Z-0.1353
X-44.8252 Y-0.4887 Z-0.1323
X-44.8251 Y-0.4884 Z-0.1292
G0 Z0.4
X-44.3279 Y-0.514
Z0.13
G1 Z0.0658 F40.
G19 G3 Y-0.4983 Z0.05 J0.0158 K0.
G1 Y-0.4904
G17 G3 X-44.3375 Y-0.4808 I-0.0096 J0.
Y-0.5193 Z0.0397 I0. J-0.0192
X-44.3184 Y-0.5026 Z0.035 I0. J0.0193
X-44.3566 Y-0.4974 Z0.0247 I-0.0191 J0.0026
X-44.3427 Y-0.5185 Z0.02 I0.0191 J-0.0026
X-44.3323 Y-0.4815 Z0.0097 I0.0052 J0.0185
X-44.3427 Y-0.5185 Z-0.0006 I-0.0052 J-0.0185
X-44.3275 Y-0.4836 Z-0.01 I0.0052 J0.0185
X-44.3475 Y-0.5164 Z-0.0203 I-0.01 J-0.0164
X-44.3226 Y-0.5122 Z-0.025 I0.01 J0.0164
X-44.3524 Y-0.4878 Z-0.0353 I-0.0149 J0.0122
X-44.3226 Y-0.5122 Z-0.0456 I0.0149 J-0.0122
X-44.3485 Y-0.4842 Z-0.055 I-0.0149 J0.0122
X-44.3265 Y-0.5158 Z-0.0653 I0.011 J-0.0158
X-44.3204 Y-0.4912 Z-0.07 I-0.011 J0.0158
X-44.3546 Y-0.5088 Z-0.0803 I-0.0171 J-0.0088
X-44.3312 Y-0.5182 Z-0.085 I0.0171 J0.0088
X-44.3438 Y-0.4818 Z-0.0953 I-0.0063 J0.0182
X-44.3312 Y-0.5182 Z-0.1056 I0.0063 J-0.0182
X-44.3438 Y-0.4818 Z-0.1159 I-0.0063 J0.0182
X-44.3312 Y-0.5182 Z-0.1262 I0.0063 J-0.0182
X-44.3183 Y-0.5015 Z-0.13 I-0.0063 J0.0182
X-44.3567 Y-0.4985 Z-0.1403 I-0.0192 J0.0015
X-44.3416 Y-0.5188 Z-0.145 I0.0192 J-0.0015
X-44.3334 Y-0.4812 I0.0041 J0.0188
X-44.3416 Y-0.5188 I-0.0041 J-0.0188
X-44.3301 Y-0.5115 I0.0021 J0.0094
G1 X-44.3285 Y-0.5038
X-44.3278 Y-0.5008 Z-0.1447
X-44.3272 Y-0.4979 Z-0.1438
X-44.3266 Y-0.4952 Z-0.1423
X-44.3261 Y-0.4929 Z-0.1404
X-44.3257 Y-0.491 Z-0.138
X-44.3254 Y-0.4895 Z-0.1353
X-44.3252 Y-0.4887 Z-0.1323
X-44.3251 Y-0.4884 Z-0.1292
G0 Z0.4
X-43.8279 Y-0.514
Z0.13
G1 Z0.0658 F40.
G19 G3 Y-0.4983 Z0.05 J0.0158 K0.
G1 Y-0.4904
G17 G3 X-43.8375 Y-0.4808 I-0.0096 J0.
Y-0.5192 Z0.0397 I0. J-0.0192
Y-0.4808 Z0.0294 I0. J0.0192
X-43.8427 Y-0.5185 Z0.02 I0. J-0.0192
X-43.8323 Y-0.4815 Z0.0097 I0.0052 J0.0185
X-43.8427 Y-0.5185 Z-0.0006 I-0.0052 J-0.0185
X-43.8274 Y-0.4836 Z-0.01 I0.0052 J0.0185
X-43.8476 Y-0.5164 Z-0.0203 I-0.0101 J-0.0164
X-43.8226 Y-0.5122 Z-0.025 I0.0101 J0.0164
X-43.8524 Y-0.4878 Z-0.0353 I-0.0149 J0.0122
X-43.8516 Y-0.5131 Z-0.04 I0.0149 J-0.0122
X-43.8234 Y-0.4869 Z-0.0503 I0.0141 J0.0131
X-43.8485 Y-0.4842 Z-0.055 I-0.0141 J-0.0131
X-43.8265 Y-0.5158 Z-0.0653 I0.011 J-0.0158
X-43.8485 Y-0.4842 Z-0.0756 I-0.011 J0.0158
X-43.8312 Y-0.5182 Z-0.085 I0.011 J-0.0158
X-43.8438 Y-0.4818 Z-0.0953 I-0.0063 J0.0182
X-43.8312 Y-0.5182 Z-0.1056 I0.0063 J-0.0182
X-43.8438 Y-0.4818 Z-0.1159 I-0.0063 J0.0182
X-43.8312 Y-0.5182 Z-0.1262 I0.0063 J-0.0182
X-43.8183 Y-0.5015 Z-0.13 I-0.0063 J0.0182
X-43.8567 Y-0.4985 Z-0.1403 I-0.0192 J0.0015
X-43.8416 Y-0.5188 Z-0.145 I0.0192 J-0.0015
X-43.8334 Y-0.4812 I0.0041 J0.0188
X-43.8416 Y-0.5188 I-0.0041 J-0.0188
X-43.8301 Y-0.5115 I0.002 J0.0094
G1 X-43.8285 Y-0.5038
X-43.8278 Y-0.5008 Z-0.1447
X-43.8272 Y-0.4979 Z-0.1438
X-43.8266 Y-0.4952 Z-0.1423
X-43.8261 Y-0.4929 Z-0.1404
X-43.8257 Y-0.491 Z-0.138
X-43.8254 Y-0.4895 Z-0.1353
X-43.8252 Y-0.4887 Z-0.1323
X-43.8251 Y-0.4884 Z-0.1292
G0 Z0.4
X-42.8279 Y-0.514
Z0.13
G1 Z0.0658 F40.
G19 G3 Y-0.4983 Z0.05 J0.0158 K0.
G1 Y-0.4904
G17 G3 X-42.8375 Y-0.4808 I-0.0096 J0.
Y-0.5192 Z0.0397 I0. J-0.0192
Y-0.4808 Z0.0294 I0. J0.0192
X-42.8427 Y-0.5185 Z0.02 I0. J-0.0192
X-42.8323 Y-0.4815 Z0.0097 I0.0052 J0.0185
X-42.8427 Y-0.5185 Z-0.0006 I-0.0052 J-0.0185
X-42.8274 Y-0.4836 Z-0.01 I0.0052 J0.0185
X-42.8476 Y-0.5164 Z-0.0203 I-0.0101 J-0.0164
X-42.8226 Y-0.5122 Z-0.025 I0.0101 J0.0164
X-42.8524 Y-0.4878 Z-0.0353 I-0.0149 J0.0122
X-42.8226 Y-0.5122 Z-0.0456 I0.0149 J-0.0122
X-42.8485 Y-0.4842 Z-0.055 I-0.0149 J0.0122
X-42.8265 Y-0.5158 Z-0.0653 I0.011 J-0.0158
X-42.8485 Y-0.4842 Z-0.0756 I-0.011 J0.0158
X-42.8312 Y-0.5182 Z-0.085 I0.011 J-0.0158
X-42.8438 Y-0.4818 Z-0.0953 I-0.0063 J0.0182
X-42.8564 Y-0.5038 Z-0.1 I0.0063 J-0.0182
X-42.8186 Y-0.4962 Z-0.1103 I0.0189 J0.0038
X-42.8564 Y-0.5038 Z-0.1206 I-0.0189 J-0.0038
X-42.8186 Y-0.4962 Z-0.1309 I0.0189 J0.0038
X-42.8564 Y-0.5038 Z-0.1412 I-0.0189 J-0.0038
X-42.8416 Y-0.5188 Z-0.145 I0.0189 J0.0038
X-42.8334 Y-0.4812 I0.0041 J0.0188
X-42.8416 Y-0.5188 I-0.0041 J-0.0188
X-42.8301 Y-0.5115 I0.002 J0.0094
G1 X-42.8285 Y-0.5038
X-42.8278 Y-0.5008 Z-0.1447
X-42.8272 Y-0.4979 Z-0.1438
X-42.8266 Y-0.4952 Z-0.1423
X-42.8261 Y-0.4929 Z-0.1404
X-42.8257 Y-0.491 Z-0.138
X-42.8254 Y-0.4895 Z-0.1353
X-42.8252 Y-0.4887 Z-0.1323
X-42.8251 Y-0.4884 Z-0.1292
G0 Z0.4
X-42.3279 Y-0.514
Z0.13
G1 Z0.0658 F40.
G19 G3 Y-0.4983 Z0.05 J0.0158 K0.
G1 Y-0.4904
G17 G3 X-42.3375 Y-0.4808 I-0.0096 J0.
Y-0.5192 Z0.0397 I0. J-0.0192
Y-0.4808 Z0.0294 I0. J0.0192
X-42.3427 Y-0.5185 Z0.02 I0. J-0.0192
X-42.3323 Y-0.4815 Z0.0097 I0.0052 J0.0185
X-42.3427 Y-0.5185 Z-0.0006 I-0.0052 J-0.0185
X-42.3274 Y-0.4836 Z-0.01 I0.0052 J0.0185
X-42.3476 Y-0.5164 Z-0.0203 I-0.0101 J-0.0164
X-42.3226 Y-0.5122 Z-0.025 I0.0101 J0.0164
X-42.3524 Y-0.4878 Z-0.0353 I-0.0149 J0.0122
X-42.3516 Y-0.5131 Z-0.04 I0.0149 J-0.0122
X-42.3234 Y-0.4869 Z-0.0503 I0.0141 J0.0131
X-42.3485 Y-0.4842 Z-0.055 I-0.0141 J-0.0131
X-42.3265 Y-0.5158 Z-0.0653 I0.011 J-0.0158
X-42.3485 Y-0.4842 Z-0.0756 I-0.011 J0.0158
X-42.3312 Y-0.5182 Z-0.085 I0.011 J-0.0158
X-42.3438 Y-0.4818 Z-0.0953 I-0.0063 J0.0182
X-42.3312 Y-0.5182 Z-0.1056 I0.0063 J-0.0182
X-42.3438 Y-0.4818 Z-0.1159 I-0.0063 J0.0182
X-42.3312 Y-0.5182 Z-0.1262 I0.0063 J-0.0182
X-42.3183 Y-0.5015 Z-0.13 I-0.0063 J0.0182
X-42.3567 Y-0.4985 Z-0.1403 I-0.0192 J0.0015
X-42.3416 Y-0.5188 Z-0.145 I0.0192 J-0.0015
X-42.3334 Y-0.4812 I0.0041 J0.0188
X-42.3416 Y-0.5188 I-0.0041 J-0.0188
X-42.3301 Y-0.5115 I0.0021 J0.0094
G1 X-42.3285 Y-0.5038
X-42.3278 Y-0.5008 Z-0.1447
X-42.3272 Y-0.4979 Z-0.1438
X-42.3266 Y-0.4952 Z-0.1423
X-42.3261 Y-0.4929 Z-0.1404
X-42.3257 Y-0.491 Z-0.138
X-42.3254 Y-0.4895 Z-0.1353
X-42.3252 Y-0.4887 Z-0.1323
X-42.3251 Y-0.4884 Z-0.1292
G0 Z0.4
X-41.8279 Y-0.514
Z0.13
G1 Z0.0658 F40.
G19 G3 Y-0.4983 Z0.05 J0.0158 K0.
G1 Y-0.4904
G17 G3 X-41.8375 Y-0.4808 I-0.0096 J0.
Y-0.5193 Z0.0397 I0. J-0.0192
X-41.8184 Y-0.5026 Z0.035 I0. J0.0193
X-41.8566 Y-0.4974 Z0.0247 I-0.0191 J0.0026
X-41.8427 Y-0.5185 Z0.02 I0.0191 J-0.0026
X-41.8323 Y-0.4815 Z0.0097 I0.0052 J0.0185
X-41.8427 Y-0.5185 Z-0.0006 I-0.0052 J-0.0185
X-41.8275 Y-0.4836 Z-0.01 I0.0052 J0.0185
X-41.8475 Y-0.5164 Z-0.0203 I-0.01 J-0.0164
X-41.8226 Y-0.5122 Z-0.025 I0.01 J0.0164
X-41.8524 Y-0.4878 Z-0.0353 I-0.0149 J0.0122
X-41.8226 Y-0.5122 Z-0.0456 I0.0149 J-0.0122
X-41.8485 Y-0.4842 Z-0.055 I-0.0149 J0.0122
X-41.8265 Y-0.5158 Z-0.0653 I0.011 J-0.0158
X-41.8204 Y-0.4912 Z-0.07 I-0.011 J0.0158
X-41.8546 Y-0.5088 Z-0.0803 I-0.0171 J-0.0088
X-41.8312 Y-0.5182 Z-0.085 I0.0171 J0.0088
X-41.8438 Y-0.4818 Z-0.0953 I-0.0063 J0.0182
X-41.8312 Y-0.5182 Z-0.1056 I0.0063 J-0.0182
X-41.8438 Y-0.4818 Z-0.1159 I-0.0063 J0.0182
X-41.8312 Y-0.5182 Z-0.1262 I0.0063 J-0.0182
X-41.8183 Y-0.5015 Z-0.13 I-0.0063 J0.0182
X-41.8567 Y-0.4985 Z-0.1403 I-0.0192 J0.0015
X-41.8416 Y-0.5188 Z-0.145 I0.0192 J-0.0015
X-41.8334 Y-0.4812 I0.0041 J0.0188
X-41.8416 Y-0.5188 I-0.0041 J-0.0188
X-41.8301 Y-0.5115 I0.0021 J0.0094
G1 X-41.8285 Y-0.5038
X-41.8278 Y-0.5008 Z-0.1447
X-41.8272 Y-0.4979 Z-0.1438
X-41.8266 Y-0.4952 Z-0.1423
X-41.8261 Y-0.4929 Z-0.1404
X-41.8257 Y-0.491 Z-0.138
X-41.8254 Y-0.4895 Z-0.1353
X-41.8252 Y-0.4887 Z-0.1323
X-41.8251 Y-0.4884 Z-0.1292
G0 Z0.4
X-41.3279 Y-0.514
Z0.13
G1 Z0.0658 F40.
G19 G3 Y-0.4983 Z0.05 J0.0158 K0.
G1 Y-0.4904
G17 G3 X-41.3375 Y-0.4808 I-0.0096 J0.
Y-0.5192 Z0.0397 I0. J-0.0192
Y-0.4808 Z0.0294 I0. J0.0192
X-41.3427 Y-0.5185 Z0.02 I0. J-0.0192
X-41.3323 Y-0.4815 Z0.0097 I0.0052 J0.0185
X-41.3427 Y-0.5185 Z-0.0006 I-0.0052 J-0.0185
X-41.3274 Y-0.4836 Z-0.01 I0.0052 J0.0185
X-41.3476 Y-0.5164 Z-0.0203 I-0.0101 J-0.0164
X-41.3226 Y-0.5122 Z-0.025 I0.0101 J0.0164
X-41.3524 Y-0.4878 Z-0.0353 I-0.0149 J0.0122
X-41.3516 Y-0.5131 Z-0.04 I0.0149 J-0.0122
X-41.3234 Y-0.4869 Z-0.0503 I0.0141 J0.0131
X-41.3485 Y-0.4842 Z-0.055 I-0.0141 J-0.0131
X-41.3265 Y-0.5158 Z-0.0653 I0.011 J-0.0158
X-41.3485 Y-0.4842 Z-0.0756 I-0.011 J0.0158
X-41.3312 Y-0.5182 Z-0.085 I0.011 J-0.0158
X-41.3438 Y-0.4818 Z-0.0953 I-0.0063 J0.0182
X-41.3312 Y-0.5182 Z-0.1056 I0.0063 J-0.0182
X-41.3438 Y-0.4818 Z-0.1159 I-0.0063 J0.0182
X-41.3312 Y-0.5182 Z-0.1262 I0.0063 J-0.0182
X-41.3183 Y-0.5015 Z-0.13 I-0.0063 J0.0182
X-41.3567 Y-0.4985 Z-0.1403 I-0.0192 J0.0015
X-41.3416 Y-0.5188 Z-0.145 I0.0192 J-0.0015
X-41.3334 Y-0.4812 I0.0041 J0.0188
X-41.3416 Y-0.5188 I-0.0041 J-0.0188
X-41.3301 Y-0.5115 I0.002 J0.0094
G1 X-41.3285 Y-0.5038
X-41.3278 Y-0.5008 Z-0.1447
X-41.3272 Y-0.4979 Z-0.1438
X-41.3266 Y-0.4952 Z-0.1423
X-41.3261 Y-0.4929 Z-0.1404
X-41.3257 Y-0.491 Z-0.138
X-41.3254 Y-0.4895 Z-0.1353
X-41.3252 Y-0.4887 Z-0.1323
X-41.3251 Y-0.4884 Z-0.1292
G0 Z0.4
X-40.8279 Y-0.514
Z0.13
G1 Z0.0658 F40.
G19 G3 Y-0.4983 Z0.05 J0.0158 K0.
G1 Y-0.4904
G17 G3 X-40.8375 Y-0.4808 I-0.0096 J0.
Y-0.5193 Z0.0397 I0. J-0.0192
Y-0.4807 Z0.0294 I0. J0.0193
X-40.8427 Y-0.5185 Z0.02 I0. J-0.0193
X-40.8323 Y-0.4815 Z0.0097 I0.0052 J0.0185
X-40.8551 Y-0.4923 Z0.005 I-0.0052 J-0.0185
X-40.8199 Y-0.5077 Z-0.0053 I0.0176 J-0.0077
X-40.8274 Y-0.4836 Z-0.01 I-0.0176 J0.0077
X-40.8475 Y-0.5164 Z-0.0203 I-0.01 J-0.0164
X-40.8226 Y-0.5122 Z-0.025 I0.01 J0.0164
X-40.8524 Y-0.4878 Z-0.0353 I-0.0149 J0.0122
X-40.8226 Y-0.5122 Z-0.0456 I0.0149 J-0.0122
X-40.8485 Y-0.4842 Z-0.055 I-0.0149 J0.0122
X-40.8265 Y-0.5158 Z-0.0653 I0.011 J-0.0158
X-40.8204 Y-0.4912 Z-0.07 I-0.011 J0.0158
X-40.8546 Y-0.5088 Z-0.0803 I-0.0171 J-0.0088
X-40.8312 Y-0.5182 Z-0.085 I0.0171 J0.0088
X-40.8438 Y-0.4818 Z-0.0953 I-0.0063 J0.0182
X-40.8312 Y-0.5182 Z-0.1056 I0.0063 J-0.0182
X-40.8438 Y-0.4818 Z-0.1159 I-0.0063 J0.0182
X-40.8312 Y-0.5182 Z-0.1262 I0.0063 J-0.0182
X-40.8183 Y-0.5015 Z-0.13 I-0.0063 J0.0182
X-40.8567 Y-0.4985 Z-0.1403 I-0.0192 J0.0015
X-40.8416 Y-0.5188 Z-0.145 I0.0192 J-0.0015
X-40.8334 Y-0.4812 I0.0041 J0.0188
X-40.8416 Y-0.5188 I-0.0041 J-0.0188
X-40.8301 Y-0.5115 I0.0021 J0.0094
G1 X-40.8285 Y-0.5038
X-40.8278 Y-0.5008 Z-0.1447
X-40.8272 Y-0.4979 Z-0.1438
X-40.8266 Y-0.4952 Z-0.1423
X-40.8261 Y-0.4929 Z-0.1404
X-40.8257 Y-0.491 Z-0.138
X-40.8254 Y-0.4895 Z-0.1353
X-40.8252 Y-0.4887 Z-0.1323
X-40.8251 Y-0.4884 Z-0.1292
G0 Z0.4
X-40.3279 Y-0.514
Z0.13
G1 Z0.0658 F40.
G19 G3 Y-0.4983 Z0.05 J0.0158 K0.
G1 Y-0.4904
G17 G3 X-40.3375 Y-0.4808 I-0.0096 J0.
Y-0.5192 Z0.0397 I0. J-0.0192
Y-0.4808 Z0.0294 I0. J0.0192
X-40.3427 Y-0.5185 Z0.02 I0. J-0.0192
X-40.3323 Y-0.4815 Z0.0097 I0.0052 J0.0185
X-40.3427 Y-0.5185 Z-0.0006 I-0.0052 J-0.0185
X-40.3274 Y-0.4836 Z-0.01 I0.0052 J0.0185
X-40.3476 Y-0.5164 Z-0.0203 I-0.0101 J-0.0164
X-40.3226 Y-0.5122 Z-0.025 I0.0101 J0.0164
X-40.3524 Y-0.4878 Z-0.0353 I-0.0149 J0.0122
X-40.3226 Y-0.5122 Z-0.0456 I0.0149 J-0.0122
X-40.3485 Y-0.4842 Z-0.055 I-0.0149 J0.0122
X-40.3265 Y-0.5158 Z-0.0653 I0.011 J-0.0158
X-40.3485 Y-0.4842 Z-0.0756 I-0.011 J0.0158
X-40.3312 Y-0.5182 Z-0.085 I0.011 J-0.0158
X-40.3438 Y-0.4818 Z-0.0953 I-0.0063 J0.0182
X-40.3564 Y-0.5038 Z-0.1 I0.0063 J-0.0182
X-40.3186 Y-0.4962 Z-0.1103 I0.0189 J0.0038
X-40.3564 Y-0.5038 Z-0.1206 I-0.0189 J-0.0038
X-40.3186 Y-0.4962 Z-0.1309 I0.0189 J0.0038
X-40.3564 Y-0.5038 Z-0.1412 I-0.0189 J-0.0038
X-40.3416 Y-0.5188 Z-0.145 I0.0189 J0.0038
X-40.3334 Y-0.4812 I0.0041 J0.0188
X-40.3416 Y-0.5188 I-0.0041 J-0.0188
X-40.3301 Y-0.5115 I0.002 J0.0094
G1 X-40.3285 Y-0.5038
X-40.3278 Y-0.5008 Z-0.1447
X-40.3272 Y-0.4979 Z-0.1438
X-40.3266 Y-0.4952 Z-0.1423
X-40.3261 Y-0.4929 Z-0.1404
X-40.3257 Y-0.491 Z-0.138
X-40.3254 Y-0.4895 Z-0.1353
X-40.3252 Y-0.4887 Z-0.1323
X-40.3251 Y-0.4884 Z-0.1292
G0 Z0.4
X-39.8279 Y-0.514
Z0.13
G1 Z0.0658 F40.
G19 G3 Y-0.4983 Z0.05 J0.0158 K0.
G1 Y-0.4904
G17 G3 X-39.8375 Y-0.4808 I-0.0096 J0.
Y-0.5192 Z0.0397 I0. J-0.0192
Y-0.4808 Z0.0294 I0. J0.0192
Y-0.5192 Z0.0191 I0. J-0.0192
Y-0.4808 Z0.0088 I0. J0.0192
Y-0.5192 Z-0.0015 I0. J-0.0192
Y-0.4808 Z-0.0118 I0. J0.0192
Y-0.5192 Z-0.0221 I0. J-0.0192
Y-0.4808 Z-0.0324 I0. J0.0192
Y-0.5192 Z-0.0427 I0. J-0.0192
Y-0.4808 Z-0.053 I0. J0.0192
Y-0.5192 Z-0.0633 I0. J-0.0192
Y-0.4808 Z-0.0736 I0. J0.0192
Y-0.5192 Z-0.0839 I0. J-0.0192
Y-0.4808 Z-0.0942 I0. J0.0192
Y-0.5192 Z-0.1045 I0. J-0.0192
Y-0.4808 Z-0.1148 I0. J0.0192
Y-0.5192 Z-0.1251 I0. J-0.0192
Y-0.4808 Z-0.1354 I0. J0.0192
X-39.8416 Y-0.5188 Z-0.145 I0. J-0.0192
X-39.8334 Y-0.4812 I0.0041 J0.0188
X-39.8416 Y-0.5188 I-0.0041 J-0.0188
X-39.8301 Y-0.5115 I0.002 J0.0094
G1 X-39.8285 Y-0.5038
X-39.8278 Y-0.5008 Z-0.1447
X-39.8272 Y-0.4979 Z-0.1438
X-39.8266 Y-0.4952 Z-0.1423
X-39.8261 Y-0.4929 Z-0.1404
X-39.8257 Y-0.491 Z-0.138
X-39.8254 Y-0.4895 Z-0.1353
X-39.8252 Y-0.4887 Z-0.1323
X-39.8251 Y-0.4884 Z-0.1292
G0 Z0.4
X-39.3279 Y-0.514
Z0.13
G1 Z0.0658 F40.
G19 G3 Y-0.4983 Z0.05 J0.0158 K0.
G1 Y-0.4904
G17 G3 X-39.3375 Y-0.4808 I-0.0096 J0.
Y-0.5192 Z0.0397 I0. J-0.0192
Y-0.4808 Z0.0294 I0. J0.0192
Y-0.5192 Z0.0191 I0. J-0.0192
Y-0.4808 Z0.0088 I0. J0.0192
Y-0.5192 Z-0.0015 I0. J-0.0192
Y-0.4808 Z-0.0118 I0. J0.0192
Y-0.5192 Z-0.0221 I0. J-0.0192
Y-0.4808 Z-0.0324 I0. J0.0192
Y-0.5192 Z-0.0427 I0. J-0.0192
Y-0.4808 Z-0.053 I0. J0.0192
Y-0.5192 Z-0.0633 I0. J-0.0192
Y-0.4808 Z-0.0736 I0. J0.0192
Y-0.5192 Z-0.0839 I0. J-0.0192
Y-0.4808 Z-0.0942 I0. J0.0192
Y-0.5192 Z-0.1045 I0. J-0.0192
Y-0.4808 Z-0.1148 I0. J0.0192
Y-0.5192 Z-0.1251 I0. J-0.0192
Y-0.4808 Z-0.1354 I0. J0.0192
X-39.3416 Y-0.5188 Z-0.145 I0. J-0.0192
X-39.3334 Y-0.4812 I0.0041 J0.0188
X-39.3416 Y-0.5188 I-0.0041 J-0.0188
X-39.3301 Y-0.5115 I0.002 J0.0094
G1 X-39.3285 Y-0.5038
X-39.3278 Y-0.5008 Z-0.1447
X-39.3272 Y-0.4979 Z-0.1438
X-39.3266 Y-0.4952 Z-0.1423
X-39.3261 Y-0.4929 Z-0.1404
X-39.3257 Y-0.491 Z-0.138
X-39.3254 Y-0.4895 Z-0.1353
X-39.3252 Y-0.4887 Z-0.1323
X-39.3251 Y-0.4884 Z-0.1292
G0 Z0.4
X-38.8279 Y-0.514
Z0.13
G1 Z0.0658 F40.
G19 G3 Y-0.4983 Z0.05 J0.0158 K0.
G1 Y-0.4904
G17 G3 X-38.8375 Y-0.4808 I-0.0096 J0.
Y-0.5193 Z0.0397 I0. J-0.0192
Y-0.4807 Z0.0294 I0. J0.0193
Y-0.5193 Z0.0191 I0. J-0.0193
Y-0.4807 Z0.0088 I0. J0.0193
Y-0.5193 Z-0.0015 I0. J-0.0193
Y-0.4807 Z-0.0118 I0. J0.0193
Y-0.5193 Z-0.0221 I0. J-0.0193
Y-0.4807 Z-0.0324 I0. J0.0193
Y-0.5193 Z-0.0427 I0. J-0.0193
Y-0.4807 Z-0.053 I0. J0.0193
Y-0.5193 Z-0.0633 I0. J-0.0193
Y-0.4807 Z-0.0736 I0. J0.0193
Y-0.5193 Z-0.0839 I0. J-0.0193
Y-0.4807 Z-0.0942 I0. J0.0193
Y-0.5193 Z-0.1045 I0. J-0.0193
Y-0.4807 Z-0.1148 I0. J0.0193
Y-0.5193 Z-0.1251 I0. J-0.0193
Y-0.4807 Z-0.1354 I0. J0.0193
X-38.8416 Y-0.5188 Z-0.145 I0. J-0.0193
X-38.8334 Y-0.4812 I0.0041 J0.0188
X-38.8416 Y-0.5188 I-0.0041 J-0.0188
X-38.8301 Y-0.5115 I0.0021 J0.0094
G1 X-38.8285 Y-0.5038
X-38.8278 Y-0.5008 Z-0.1447
X-38.8272 Y-0.4979 Z-0.1438
X-38.8266 Y-0.4952 Z-0.1423
X-38.8261 Y-0.4929 Z-0.1404
X-38.8257 Y-0.491 Z-0.138
X-38.8254 Y-0.4895 Z-0.1353
X-38.8252 Y-0.4887 Z-0.1323
X-38.8251 Y-0.4884 Z-0.1292
G0 Z0.4
X-38.3279 Y-0.514
Z0.13
G1 Z0.0658 F40.
G19 G3 Y-0.4983 Z0.05 J0.0158 K0.
G1 Y-0.4904
G17 G3 X-38.3375 Y-0.4808 I-0.0096 J0.
Y-0.5192 Z0.0397 I0. J-0.0192
Y-0.4808 Z0.0294 I0. J0.0192
Y-0.5192 Z0.0191 I0. J-0.0192
Y-0.4808 Z0.0088 I0. J0.0192
Y-0.5192 Z-0.0015 I0. J-0.0192
Y-0.4808 Z-0.0118 I0. J0.0192
Y-0.5192 Z-0.0221 I0. J-0.0192
Y-0.4808 Z-0.0324 I0. J0.0192
Y-0.5192 Z-0.0427 I0. J-0.0192
Y-0.4808 Z-0.053 I0. J0.0192
Y-0.5192 Z-0.0633 I0. J-0.0192
Y-0.4808 Z-0.0736 I0. J0.0192
Y-0.5192 Z-0.0839 I0. J-0.0192
Y-0.4808 Z-0.0942 I0. J0.0192
Y-0.5192 Z-0.1045 I0. J-0.0192
Y-0.4808 Z-0.1148 I0. J0.0192
Y-0.5192 Z-0.1251 I0. J-0.0192
Y-0.4808 Z-0.1354 I0. J0.0192
X-38.3416 Y-0.5188 Z-0.145 I0. J-0.0192
X-38.3334 Y-0.4812 I0.0041 J0.0188
X-38.3416 Y-0.5188 I-0.0041 J-0.0188
X-38.3301 Y-0.5115 I0.0021 J0.0094
G1 X-38.3285 Y-0.5038
X-38.3278 Y-0.5008 Z-0.1447
X-38.3272 Y-0.4979 Z-0.1438
X-38.3266 Y-0.4952 Z-0.1423
X-38.3261 Y-0.4929 Z-0.1404
X-38.3257 Y-0.491 Z-0.138
X-38.3254 Y-0.4895 Z-0.1353
X-38.3252 Y-0.4887 Z-0.1323
X-38.3251 Y-0.4884 Z-0.1292
G0 Z0.4
X-37.8279 Y-0.514
Z0.13
G1 Z0.0658 F40.
G19 G3 Y-0.4983 Z0.05 J0.0158 K0.
G1 Y-0.4904
G17 G3 X-37.8375 Y-0.4808 I-0.0096 J0.
Y-0.5192 Z0.0397 I0. J-0.0192
Y-0.4808 Z0.0294 I0. J0.0192
Y-0.5192 Z0.0191 I0. J-0.0192
Y-0.4808 Z0.0088 I0. J0.0192
Y-0.5192 Z-0.0015 I0. J-0.0192
Y-0.4808 Z-0.0118 I0. J0.0192
Y-0.5192 Z-0.0221 I0. J-0.0192
Y-0.4808 Z-0.0324 I0. J0.0192
Y-0.5192 Z-0.0427 I0. J-0.0192
Y-0.4808 Z-0.053 I0. J0.0192
Y-0.5192 Z-0.0633 I0. J-0.0192
Y-0.4808 Z-0.0736 I0. J0.0192
Y-0.5192 Z-0.0839 I0. J-0.0192
Y-0.4808 Z-0.0942 I0. J0.0192
Y-0.5192 Z-0.1045 I0. J-0.0192
Y-0.4808 Z-0.1148 I0. J0.0192
Y-0.5192 Z-0.1251 I0. J-0.0192
Y-0.4808 Z-0.1354 I0. J0.0192
X-37.8416 Y-0.5188 Z-0.145 I0. J-0.0192
X-37.8334 Y-0.4812 I0.0041 J0.0188
X-37.8416 Y-0.5188 I-0.0041 J-0.0188
X-37.8301 Y-0.5115 I0.0021 J0.0094
G1 X-37.8285 Y-0.5038
X-37.8278 Y-0.5008 Z-0.1447
X-37.8272 Y-0.4979 Z-0.1438
X-37.8266 Y-0.4952 Z-0.1423
X-37.8261 Y-0.4929 Z-0.1404
X-37.8257 Y-0.491 Z-0.138
X-37.8254 Y-0.4895 Z-0.1353
X-37.8252 Y-0.4887 Z-0.1323
X-37.8251 Y-0.4884 Z-0.1292
G0 Z0.4
X-37.3279 Y-0.514
Z0.13
G1 Z0.0658 F40.
G19 G3 Y-0.4983 Z0.05 J0.0158 K0.
G1 Y-0.4904
G17 G3 X-37.3375 Y-0.4808 I-0.0096 J0.
Y-0.5192 Z0.0397 I0. J-0.0192
Y-0.4808 Z0.0294 I0. J0.0192
Y-0.5192 Z0.0191 I0. J-0.0192
Y-0.4808 Z0.0088 I0. J0.0192
Y-0.5192 Z-0.0015 I0. J-0.0192
Y-0.4808 Z-0.0118 I0. J0.0192
Y-0.5192 Z-0.0221 I0. J-0.0192
Y-0.4808 Z-0.0324 I0. J0.0192
Y-0.5192 Z-0.0427 I0. J-0.0192
Y-0.4808 Z-0.053 I0. J0.0192
Y-0.5192 Z-0.0633 I0. J-0.0192
Y-0.4808 Z-0.0736 I0. J0.0192
Y-0.5192 Z-0.0839 I0. J-0.0192
Y-0.4808 Z-0.0942 I0. J0.0192
Y-0.5192 Z-0.1045 I0. J-0.0192
Y-0.4808 Z-0.1148 I0. J0.0192
Y-0.5192 Z-0.1251 I0. J-0.0192
Y-0.4808 Z-0.1354 I0. J0.0192
X-37.3416 Y-0.5188 Z-0.145 I0. J-0.0192
X-37.3334 Y-0.4812 I0.0041 J0.0188
X-37.3416 Y-0.5188 I-0.0041 J-0.0188
X-37.3301 Y-0.5115 I0.002 J0.0094
G1 X-37.3285 Y-0.5038
X-37.3278 Y-0.5008 Z-0.1447
X-37.3272 Y-0.4979 Z-0.1438
X-37.3266 Y-0.4952 Z-0.1423
X-37.3261 Y-0.4929 Z-0.1404
X-37.3257 Y-0.491 Z-0.138
X-37.3254 Y-0.4895 Z-0.1353
X-37.3252 Y-0.4887 Z-0.1323
X-37.3251 Y-0.4884 Z-0.1292
G0 Z0.4
X-36.7485 Y-0.4904
Z0.13
G1 Z0.0658 F40.
G18 G3 X-36.7643 Z0.05 I-0.0157 K0.
G1 X-36.7721
G17 G3 X-36.7818 Y-0.5 I0. J-0.0096
X-36.7433 Z0.0397 I0.0193 J0.
X-36.7818 Z0.0294 I-0.0193 J0.
X-36.7433 Z0.0191 I0.0193 J0.
X-36.7818 Z0.0088 I-0.0193 J0.
X-36.7433 Z-0.0015 I0.0193 J0.
X-36.7818 Z-0.0118 I-0.0193 J0.
X-36.7433 Z-0.0221 I0.0193 J0.
X-36.7818 Z-0.0324 I-0.0193 J0.
X-36.7433 Z-0.0427 I0.0193 J0.
X-36.7818 Z-0.053 I-0.0193 J0.
X-36.7433 Z-0.0633 I0.0193 J0.
X-36.7818 Z-0.0736 I-0.0193 J0.
X-36.7433 Z-0.0839 I0.0193 J0.
X-36.7818 Z-0.0942 I-0.0193 J0.
X-36.7433 Z-0.1045 I0.0193 J0.
X-36.7818 Z-0.1148 I-0.0193 J0.
X-36.7433 Z-0.1251 I0.0193 J0.
X-36.7818 Z-0.1354 I-0.0193 J0.
X-36.7437 Y-0.5041 Z-0.145 I0.0193 J0.
X-36.7813 Y-0.4959 I-0.0188 J0.0041
X-36.7437 Y-0.5041 I0.0188 J-0.0041
X-36.751 Y-0.4926 I-0.0094 J0.0021
G1 X-36.7587 Y-0.491
X-36.7617 Y-0.4903 Z-0.1447
X-36.7646 Y-0.4897 Z-0.1438
X-36.7673 Y-0.4891 Z-0.1423
X-36.7696 Y-0.4886 Z-0.1404
X-36.7715 Y-0.4882 Z-0.138
X-36.773 Y-0.4879 Z-0.1353
X-36.7738 Y-0.4877 Z-0.1323
X-36.7741 Y-0.4876 Z-0.1292
G0 Z0.4
X-36.2485 Y-0.4904
Z0.13
G1 Z0.0658 F40.
G18 G3 X-36.2642 Z0.05 I-0.0157 K0.
G1 X-36.2721
G17 G3 X-36.2818 Y-0.5 I0. J-0.0096
X-36.2433 Z0.0397 I0.0193 J0.
X-36.2818 Z0.0294 I-0.0193 J0.
X-36.2433 Z0.0191 I0.0193 J0.
X-36.2818 Z0.0088 I-0.0193 J0.
X-36.2433 Z-0.0015 I0.0193 J0.
X-36.2818 Z-0.0118 I-0.0193 J0.
X-36.2433 Z-0.0221 I0.0193 J0.
X-36.2818 Z-0.0324 I-0.0193 J0.
X-36.2433 Z-0.0427 I0.0193 J0.
X-36.2818 Z-0.053 I-0.0193 J0.
X-36.2433 Z-0.0633 I0.0193 J0.
X-36.2818 Z-0.0736 I-0.0193 J0.
X-36.2433 Z-0.0839 I0.0193 J0.
X-36.2818 Z-0.0942 I-0.0193 J0.
X-36.2433 Z-0.1045 I0.0193 J0.
X-36.2818 Z-0.1148 I-0.0193 J0.
X-36.2433 Z-0.1251 I0.0193 J0.
X-36.2818 Z-0.1354 I-0.0193 J0.
X-36.2437 Y-0.5041 Z-0.145 I0.0193 J0.
X-36.2813 Y-0.4959 I-0.0188 J0.0041
X-36.2437 Y-0.5041 I0.0188 J-0.0041
X-36.251 Y-0.4926 I-0.0094 J0.0021
G1 X-36.2587 Y-0.491
X-36.2617 Y-0.4903 Z-0.1447
X-36.2646 Y-0.4897 Z-0.1438
X-36.2673 Y-0.4891 Z-0.1423
X-36.2696 Y-0.4886 Z-0.1404
X-36.2715 Y-0.4882 Z-0.138
X-36.273 Y-0.4879 Z-0.1353
X-36.2738 Y-0.4877 Z-0.1323
X-36.2741 Y-0.4876 Z-0.1292
G0 Z0.4
X-35.7485 Y-0.4904
Z0.13
G1 Z0.0658 F40.
G18 G3 X-35.7642 Z0.05 I-0.0157 K0.
G1 X-35.7721
G17 G3 X-35.7817 Y-0.5 I0. J-0.0096
X-35.7432 Z0.0397 I0.0193 J0.
X-35.7817 Z0.0294 I-0.0193 J0.
X-35.7432 Z0.0191 I0.0193 J0.
X-35.7817 Z0.0088 I-0.0193 J0.
X-35.7432 Z-0.0015 I0.0193 J0.
X-35.7817 Z-0.0118 I-0.0193 J0.
X-35.7432 Z-0.0221 I0.0193 J0.
X-35.7817 Z-0.0324 I-0.0193 J0.
X-35.7432 Z-0.0427 I0.0193 J0.
X-35.7817 Z-0.053 I-0.0193 J0.
X-35.7432 Z-0.0633 I0.0193 J0.
X-35.7817 Z-0.0736 I-0.0193 J0.
X-35.7432 Z-0.0839 I0.0193 J0.
X-35.7817 Z-0.0942 I-0.0193 J0.
X-35.7432 Z-0.1045 I0.0193 J0.
X-35.7817 Z-0.1148 I-0.0193 J0.
X-35.7432 Z-0.1251 I0.0193 J0.
X-35.7817 Z-0.1354 I-0.0193 J0.
X-35.7437 Y-0.5041 Z-0.145 I0.0193 J0.
X-35.7813 Y-0.4959 I-0.0188 J0.0041
X-35.7437 Y-0.5041 I0.0188 J-0.0041
X-35.751 Y-0.4926 I-0.0094 J0.0021
G1 X-35.7587 Y-0.491
X-35.7617 Y-0.4903 Z-0.1447
X-35.7646 Y-0.4897 Z-0.1438
X-35.7673 Y-0.4891 Z-0.1423
X-35.7696 Y-0.4886 Z-0.1404
X-35.7715 Y-0.4882 Z-0.138
X-35.773 Y-0.4879 Z-0.1353
X-35.7738 Y-0.4877 Z-0.1323
X-35.7741 Y-0.4876 Z-0.1292
G0 Z0.4
X-35.2485 Y-0.4904
Z0.13
G1 Z0.0658 F40.
G18 G3 X-35.2643 Z0.05 I-0.0158 K0.
G1 X-35.2721
G17 G3 X-35.2817 Y-0.5 I0. J-0.0096
X-35.2432 Z0.0397 I0.0193 J0.
X-35.2817 Z0.0294 I-0.0193 J0.
X-35.2432 Z0.0191 I0.0193 J0.
X-35.2817 Z0.0088 I-0.0193 J0.
X-35.2432 Z-0.0015 I0.0193 J0.
X-35.2817 Z-0.0118 I-0.0193 J0.
X-35.2432 Z-0.0221 I0.0193 J0.
X-35.2817 Z-0.0324 I-0.0193 J0.
X-35.2432 Z-0.0427 I0.0193 J0.
X-35.2817 Z-0.053 I-0.0193 J0.
X-35.2432 Z-0.0633 I0.0193 J0.
X-35.2817 Z-0.0736 I-0.0193 J0.
X-35.2432 Z-0.0839 I0.0193 J0.
X-35.2817 Z-0.0942 I-0.0193 J0.
X-35.2432 Z-0.1045 I0.0193 J0.
X-35.2817 Z-0.1148 I-0.0193 J0.
X-35.2432 Z-0.1251 I0.0193 J0.
X-35.2817 Z-0.1354 I-0.0193 J0.
X-35.2437 Y-0.5041 Z-0.145 I0.0193 J0.
X-35.2813 Y-0.4959 I-0.0188 J0.0041
X-35.2437 Y-0.5041 I0.0188 J-0.0041
X-35.251 Y-0.4926 I-0.0094 J0.0021
G1 X-35.2587 Y-0.491
X-35.2617 Y-0.4903 Z-0.1447
X-35.2646 Y-0.4897 Z-0.1438
X-35.2673 Y-0.4891 Z-0.1423
X-35.2696 Y-0.4886 Z-0.1404
X-35.2715 Y-0.4882 Z-0.138
X-35.273 Y-0.4879 Z-0.1353
X-35.2738 Y-0.4877 Z-0.1323
X-35.2741 Y-0.4876 Z-0.1292
G0 Z0.4
X-34.7485 Y-0.4904
Z0.13
G1 Z0.0658 F40.
G18 G3 X-34.7643 Z0.05 I-0.0158 K0.
G1 X-34.7721
G17 G3 X-34.7817 Y-0.5 I0. J-0.0096
X-34.7433 Z0.0397 I0.0192 J0.
X-34.7817 Z0.0294 I-0.0192 J0.
X-34.7433 Z0.0191 I0.0192 J0.
X-34.7818 Z0.0088 I-0.0192 J0.
X-34.7433 Z-0.0015 I0.0192 J0.
X-34.7818 Z-0.0118 I-0.0193 J0.
X-34.7433 Z-0.0221 I0.0193 J0.
X-34.7503 Y-0.4851 Z-0.025 I-0.0193 J0.
X-34.7747 Y-0.5149 Z-0.0353 I-0.0122 J-0.0149
X-34.7494 Y-0.5141 Z-0.04 I0.0122 J0.0149
X-34.7756 Y-0.4859 Z-0.0503 I-0.0131 J0.0141
X-34.7494 Y-0.5141 Z-0.0606 I0.0131 J-0.0141
X-34.7756 Y-0.4859 Z-0.0709 I-0.0131 J0.0141
X-34.7494 Y-0.5141 Z-0.0812 I0.0131 J-0.0141
X-34.7443 Y-0.4937 Z-0.085 I-0.0131 J0.0141
X-34.7807 Y-0.5063 Z-0.0953 I-0.0182 J-0.0063
X-34.7587 Y-0.5189 Z-0.1 I0.0182 J0.0063
X-34.7663 Y-0.4811 Z-0.1103 I-0.0038 J0.0189
X-34.7587 Y-0.5189 Z-0.1206 I0.0038 J-0.0189
X-34.761 Y-0.4808 Z-0.13 I-0.0038 J0.0189
X-34.764 Y-0.5192 Z-0.1403 I-0.0015 J-0.0192
X-34.7437 Y-0.5041 Z-0.145 I0.0015 J0.0192
X-34.7813 Y-0.4959 I-0.0188 J0.0041
X-34.7437 Y-0.5041 I0.0188 J-0.0041
X-34.751 Y-0.4926 I-0.0094 J0.0021
G1 X-34.7587 Y-0.491
X-34.7617 Y-0.4903 Z-0.1447
X-34.7646 Y-0.4897 Z-0.1438
X-34.7673 Y-0.4891 Z-0.1423
X-34.7696 Y-0.4886 Z-0.1404
X-34.7715 Y-0.4882 Z-0.138
X-34.773 Y-0.4879 Z-0.1353
X-34.7738 Y-0.4877 Z-0.1323
X-34.7741 Y-0.4876 Z-0.1292
G0 Z0.4
X-34.2485 Y-0.4904
Z0.13
G1 Z0.0658 F40.
G18 G3 X-34.2643 Z0.05 I-0.0157 K0.
G1 X-34.2721
G17 G3 X-34.2818 Y-0.5 I0. J-0.0096
X-34.2433 Z0.0397 I0.0193 J0.
X-34.2818 Z0.0294 I-0.0193 J0.
X-34.2433 Z0.0191 I0.0193 J0.
X-34.2818 Z0.0088 I-0.0193 J0.
X-34.2433 Z-0.0015 I0.0193 J0.
X-34.2818 Z-0.0118 I-0.0193 J0.
X-34.2433 Z-0.0221 I0.0193 J0.
X-34.2818 Z-0.0324 I-0.0193 J0.
X-34.2433 Z-0.0427 I0.0193 J0.
X-34.2818 Z-0.053 I-0.0193 J0.
X-34.2433 Z-0.0633 I0.0193 J0.
X-34.2818 Z-0.0736 I-0.0193 J0.
X-34.2433 Z-0.0839 I0.0193 J0.
X-34.2818 Z-0.0942 I-0.0193 J0.
X-34.2433 Z-0.1045 I0.0193 J0.
X-34.2818 Z-0.1148 I-0.0193 J0.
X-34.2433 Z-0.1251 I0.0193 J0.
X-34.2818 Z-0.1354 I-0.0193 J0.
X-34.2437 Y-0.5041 Z-0.145 I0.0193 J0.
X-34.2813 Y-0.4959 I-0.0188 J0.0041
X-34.2437 Y-0.5041 I0.0188 J-0.0041
X-34.251 Y-0.4926 I-0.0094 J0.0021
G1 X-34.2587 Y-0.491
X-34.2617 Y-0.4903 Z-0.1447
X-34.2646 Y-0.4897 Z-0.1438
X-34.2673 Y-0.4891 Z-0.1423
X-34.2696 Y-0.4886 Z-0.1404
X-34.2715 Y-0.4882 Z-0.138
X-34.273 Y-0.4879 Z-0.1353
X-34.2738 Y-0.4877 Z-0.1323
X-34.2741 Y-0.4876 Z-0.1292
G0 Z0.4
X-33.7485 Y-0.4904
Z0.13
G1 Z0.0658 F40.
G18 G3 X-33.7642 Z0.05 I-0.0157 K0.
G1 X-33.7721
G17 G3 X-33.7818 Y-0.5 I0. J-0.0096
X-33.7433 Z0.0397 I0.0193 J0.
X-33.7818 Z0.0294 I-0.0193 J0.
X-33.7433 Z0.0191 I0.0193 J0.
X-33.7818 Z0.0088 I-0.0193 J0.
X-33.7433 Z-0.0015 I0.0193 J0.
X-33.7818 Z-0.0118 I-0.0193 J0.
X-33.7433 Z-0.0221 I0.0193 J0.
X-33.7818 Z-0.0324 I-0.0193 J0.
X-33.7433 Z-0.0427 I0.0193 J0.
X-33.7818 Z-0.053 I-0.0193 J0.
X-33.7433 Z-0.0633 I0.0193 J0.
X-33.7818 Z-0.0736 I-0.0193 J0.
X-33.7433 Z-0.0839 I0.0193 J0.
X-33.7818 Z-0.0942 I-0.0193 J0.
X-33.7433 Z-0.1045 I0.0193 J0.
X-33.7818 Z-0.1148 I-0.0193 J0.
X-33.7433 Z-0.1251 I0.0193 J0.
X-33.7818 Z-0.1354 I-0.0193 J0.
X-33.7437 Y-0.5041 Z-0.145 I0.0193 J0.
X-33.7813 Y-0.4959 I-0.0188 J0.0041
X-33.7437 Y-0.5041 I0.0188 J-0.0041
X-33.751 Y-0.4926 I-0.0094 J0.0021
G1 X-33.7587 Y-0.491
X-33.7617 Y-0.4903 Z-0.1447
X-33.7646 Y-0.4897 Z-0.1438
X-33.7673 Y-0.4891 Z-0.1423
X-33.7696 Y-0.4886 Z-0.1404
X-33.7715 Y-0.4882 Z-0.138
X-33.773 Y-0.4879 Z-0.1353
X-33.7738 Y-0.4877 Z-0.1323
X-33.7741 Y-0.4876 Z-0.1292
G0 Z0.4
X-33.2485 Y-0.4904
Z0.13
G1 Z0.0658 F40.
G18 G3 X-33.2642 Z0.05 I-0.0157 K0.
G1 X-33.2721
G17 G3 X-33.2817 Y-0.5 I0. J-0.0096
X-33.2432 Z0.0397 I0.0193 J0.
X-33.2817 Z0.0294 I-0.0193 J0.
X-33.2432 Z0.0191 I0.0193 J0.
X-33.2817 Z0.0088 I-0.0193 J0.
X-33.2432 Z-0.0015 I0.0193 J0.
X-33.2817 Z-0.0118 I-0.0193 J0.
X-33.2432 Z-0.0221 I0.0193 J0.
X-33.2817 Z-0.0324 I-0.0193 J0.
X-33.2432 Z-0.0427 I0.0193 J0.
X-33.2817 Z-0.053 I-0.0193 J0.
X-33.2432 Z-0.0633 I0.0193 J0.
X-33.2817 Z-0.0736 I-0.0193 J0.
X-33.2432 Z-0.0839 I0.0193 J0.
X-33.2817 Z-0.0942 I-0.0193 J0.
X-33.2432 Z-0.1045 I0.0193 J0.
X-33.2817 Z-0.1148 I-0.0193 J0.
X-33.2432 Z-0.1251 I0.0193 J0.
X-33.2817 Z-0.1354 I-0.0193 J0.
X-33.2437 Y-0.5041 Z-0.145 I0.0193 J0.
X-33.2813 Y-0.4959 I-0.0188 J0.0041
X-33.2437 Y-0.5041 I0.0188 J-0.0041
X-33.251 Y-0.4926 I-0.0094 J0.0021
G1 X-33.2587 Y-0.491
X-33.2617 Y-0.4903 Z-0.1447
X-33.2646 Y-0.4897 Z-0.1438
X-33.2673 Y-0.4891 Z-0.1423
X-33.2696 Y-0.4886 Z-0.1404
X-33.2715 Y-0.4882 Z-0.138
X-33.273 Y-0.4879 Z-0.1353
X-33.2738 Y-0.4877 Z-0.1323
X-33.2741 Y-0.4876 Z-0.1292
G0 Z0.4
X-32.7485 Y-0.4904
Z0.13
G1 Z0.0658 F40.
G18 G3 X-32.7643 Z0.05 I-0.0158 K0.
G1 X-32.7721
G17 G3 X-32.7817 Y-0.5 I0. J-0.0096
X-32.7432 Z0.0397 I0.0193 J0.
X-32.7817 Z0.0294 I-0.0193 J0.
X-32.7432 Z0.0191 I0.0193 J0.
X-32.7817 Z0.0088 I-0.0193 J0.
X-32.7432 Z-0.0015 I0.0193 J0.
X-32.7817 Z-0.0118 I-0.0193 J0.
X-32.7432 Z-0.0221 I0.0193 J0.
X-32.7817 Z-0.0324 I-0.0193 J0.
X-32.7432 Z-0.0427 I0.0193 J0.
X-32.7817 Z-0.053 I-0.0193 J0.
X-32.7432 Z-0.0633 I0.0193 J0.
X-32.7817 Z-0.0736 I-0.0193 J0.
X-32.7432 Z-0.0839 I0.0193 J0.
X-32.7817 Z-0.0942 I-0.0193 J0.
X-32.7432 Z-0.1045 I0.0193 J0.
X-32.7817 Z-0.1148 I-0.0193 J0.
X-32.7432 Z-0.1251 I0.0193 J0.
X-32.7817 Z-0.1354 I-0.0193 J0.
X-32.7437 Y-0.5041 Z-0.145 I0.0193 J0.
X-32.7813 Y-0.4959 I-0.0188 J0.0041
X-32.7437 Y-0.5041 I0.0188 J-0.0041
X-32.751 Y-0.4926 I-0.0094 J0.0021
G1 X-32.7587 Y-0.491
X-32.7617 Y-0.4903 Z-0.1447
X-32.7646 Y-0.4897 Z-0.1438
X-32.7673 Y-0.4891 Z-0.1423
X-32.7696 Y-0.4886 Z-0.1404
X-32.7715 Y-0.4882 Z-0.138
X-32.773 Y-0.4879 Z-0.1353
X-32.7738 Y-0.4877 Z-0.1323
X-32.7741 Y-0.4876 Z-0.1292
G0 Z0.4
X-32.2485 Y-0.4904
Z0.13
G1 Z0.0658 F40.
G18 G3 X-32.2643 Z0.05 I-0.0158 K0.
G1 X-32.2721
G17 G3 X-32.2817 Y-0.5 I0. J-0.0096
X-32.2433 Z0.0397 I0.0192 J0.
X-32.2817 Z0.0294 I-0.0192 J0.
X-32.2433 Z0.0191 I0.0192 J0.
X-32.2818 Z0.0088 I-0.0192 J0.
X-32.2433 Z-0.0015 I0.0192 J0.
X-32.2818 Z-0.0118 I-0.0193 J0.
X-32.2433 Z-0.0221 I0.0193 J0.
X-32.2503 Y-0.4851 Z-0.025 I-0.0193 J0.
X-32.2747 Y-0.5149 Z-0.0353 I-0.0122 J-0.0149
X-32.2494 Y-0.5141 Z-0.04 I0.0122 J0.0149
X-32.2756 Y-0.4859 Z-0.0503 I-0.0131 J0.0141
X-32.2494 Y-0.5141 Z-0.0606 I0.0131 J-0.0141
X-32.2756 Y-0.4859 Z-0.0709 I-0.0131 J0.0141
X-32.2494 Y-0.5141 Z-0.0812 I0.0131 J-0.0141
X-32.2443 Y-0.4937 Z-0.085 I-0.0131 J0.0141
X-32.2807 Y-0.5063 Z-0.0953 I-0.0182 J-0.0063
X-32.2587 Y-0.5189 Z-0.1 I0.0182 J0.0063
X-32.2663 Y-0.4811 Z-0.1103 I-0.0038 J0.0189
X-32.2587 Y-0.5189 Z-0.1206 I0.0038 J-0.0189
X-32.261 Y-0.4808 Z-0.13 I-0.0038 J0.0189
X-32.264 Y-0.5192 Z-0.1403 I-0.0015 J-0.0192
X-32.2437 Y-0.5041 Z-0.145 I0.0015 J0.0192
X-32.2813 Y-0.4959 I-0.0188 J0.0041
X-32.2437 Y-0.5041 I0.0188 J-0.0041
X-32.251 Y-0.4926 I-0.0094 J0.0021
G1 X-32.2587 Y-0.491
X-32.2617 Y-0.4903 Z-0.1447
X-32.2646 Y-0.4897 Z-0.1438
X-32.2673 Y-0.4891 Z-0.1423
X-32.2696 Y-0.4886 Z-0.1404
X-32.2715 Y-0.4882 Z-0.138
X-32.273 Y-0.4879 Z-0.1353
X-32.2738 Y-0.4877 Z-0.1323
X-32.2741 Y-0.4876 Z-0.1292
G0 Z0.4
X-31.7485 Y-0.4904
Z0.13
G1 Z0.0658 F40.
G18 G3 X-31.7643 Z0.05 I-0.0157 K0.
G1 X-31.7721
G17 G3 X-31.7818 Y-0.5 I0. J-0.0096
X-31.7433 Z0.0397 I0.0193 J0.
X-31.7818 Z0.0294 I-0.0193 J0.
X-31.7433 Z0.0191 I0.0193 J0.
X-31.7818 Z0.0088 I-0.0193 J0.
X-31.7433 Z-0.0015 I0.0193 J0.
X-31.7818 Z-0.0118 I-0.0193 J0.
X-31.7433 Z-0.0221 I0.0193 J0.
X-31.7818 Z-0.0324 I-0.0193 J0.
X-31.7433 Z-0.0427 I0.0193 J0.
X-31.7818 Z-0.053 I-0.0193 J0.
X-31.7433 Z-0.0633 I0.0193 J0.
X-31.7818 Z-0.0736 I-0.0193 J0.
X-31.7433 Z-0.0839 I0.0193 J0.
X-31.7818 Z-0.0942 I-0.0193 J0.
X-31.7433 Z-0.1045 I0.0193 J0.
X-31.7818 Z-0.1148 I-0.0193 J0.
X-31.7433 Z-0.1251 I0.0193 J0.
X-31.7818 Z-0.1354 I-0.0193 J0.
X-31.7437 Y-0.5041 Z-0.145 I0.0193 J0.
X-31.7813 Y-0.4959 I-0.0188 J0.0041
X-31.7437 Y-0.5041 I0.0188 J-0.0041
X-31.751 Y-0.4926 I-0.0094 J0.0021
G1 X-31.7587 Y-0.491
X-31.7617 Y-0.4903 Z-0.1447
X-31.7646 Y-0.4897 Z-0.1438
X-31.7673 Y-0.4891 Z-0.1423
X-31.7696 Y-0.4886 Z-0.1404
X-31.7715 Y-0.4882 Z-0.138
X-31.773 Y-0.4879 Z-0.1353
X-31.7738 Y-0.4877 Z-0.1323
X-31.7741 Y-0.4876 Z-0.1292
G0 Z0.4
X-31.2485 Y-0.4904
Z0.13
G1 Z0.0658 F40.
G18 G3 X-31.2642 Z0.05 I-0.0157 K0.
G1 X-31.2721
G17 G3 X-31.2818 Y-0.5 I0. J-0.0096
X-31.2433 Z0.0397 I0.0193 J0.
X-31.2818 Z0.0294 I-0.0193 J0.
X-31.2433 Z0.0191 I0.0193 J0.
X-31.2818 Z0.0088 I-0.0193 J0.
X-31.2433 Z-0.0015 I0.0193 J0.
X-31.2818 Z-0.0118 I-0.0193 J0.
X-31.2433 Z-0.0221 I0.0193 J0.
X-31.2818 Z-0.0324 I-0.0193 J0.
X-31.2433 Z-0.0427 I0.0193 J0.
X-31.2818 Z-0.053 I-0.0193 J0.
X-31.2433 Z-0.0633 I0.0193 J0.
X-31.2818 Z-0.0736 I-0.0193 J0.
X-31.2433 Z-0.0839 I0.0193 J0.
X-31.2818 Z-0.0942 I-0.0193 J0.
X-31.2433 Z-0.1045 I0.0193 J0.
X-31.2818 Z-0.1148 I-0.0193 J0.
X-31.2433 Z-0.1251 I0.0193 J0.
X-31.2818 Z-0.1354 I-0.0193 J0.
X-31.2437 Y-0.5041 Z-0.145 I0.0193 J0.
X-31.2813 Y-0.4959 I-0.0188 J0.0041
X-31.2437 Y-0.5041 I0.0188 J-0.0041
X-31.251 Y-0.4926 I-0.0094 J0.0021
G1 X-31.2587 Y-0.491
X-31.2617 Y-0.4903 Z-0.1447
X-31.2646 Y-0.4897 Z-0.1438
X-31.2673 Y-0.4891 Z-0.1423
X-31.2696 Y-0.4886 Z-0.1404
X-31.2715 Y-0.4882 Z-0.138
X-31.273 Y-0.4879 Z-0.1353
X-31.2738 Y-0.4877 Z-0.1323
X-31.2741 Y-0.4876 Z-0.1292
G0 Z0.4
X-30.7485 Y-0.4904
Z0.13
G1 Z0.0658 F40.
G18 G3 X-30.7642 Z0.05 I-0.0157 K0.
G1 X-30.7721
G17 G3 X-30.7817 Y-0.5 I0. J-0.0096
X-30.7432 Z0.0397 I0.0193 J0.
X-30.7817 Z0.0294 I-0.0193 J0.
X-30.7432 Z0.0191 I0.0193 J0.
X-30.7817 Z0.0088 I-0.0193 J0.
X-30.7432 Z-0.0015 I0.0193 J0.
X-30.7817 Z-0.0118 I-0.0193 J0.
X-30.7432 Z-0.0221 I0.0193 J0.
X-30.7817 Z-0.0324 I-0.0193 J0.
X-30.7432 Z-0.0427 I0.0193 J0.
X-30.7817 Z-0.053 I-0.0193 J0.
X-30.7432 Z-0.0633 I0.0193 J0.
X-30.7817 Z-0.0736 I-0.0193 J0.
X-30.7432 Z-0.0839 I0.0193 J0.
X-30.7817 Z-0.0942 I-0.0193 J0.
X-30.7432 Z-0.1045 I0.0193 J0.
X-30.7817 Z-0.1148 I-0.0193 J0.
X-30.7432 Z-0.1251 I0.0193 J0.
X-30.7817 Z-0.1354 I-0.0193 J0.
X-30.7437 Y-0.5041 Z-0.145 I0.0193 J0.
X-30.7813 Y-0.4959 I-0.0188 J0.0041
X-30.7437 Y-0.5041 I0.0188 J-0.0041
X-30.751 Y-0.4926 I-0.0094 J0.0021
G1 X-30.7587 Y-0.491
X-30.7617 Y-0.4903 Z-0.1447
X-30.7646 Y-0.4897 Z-0.1438
X-30.7673 Y-0.4891 Z-0.1423
X-30.7696 Y-0.4886 Z-0.1404
X-30.7715 Y-0.4882 Z-0.138
X-30.773 Y-0.4879 Z-0.1353
X-30.7738 Y-0.4877 Z-0.1323
X-30.7741 Y-0.4876 Z-0.1292
G0 Z0.4
X-29.8664 Y-0.8232
Z0.13
G1 Z0.0658 F40.
G18 G2 X-29.8507 Z0.05 I0.0158 K0.
G1 X-29.8428
G17 G3 X-29.827 Y-0.8074 I0. J0.0158
X-30.0445 Z0.0303 I-0.1088 J0.
X-29.827 Z0.0106 I0.1088 J0.
X-30.0445 Z-0.0091 I-0.1088 J0.
X-29.827 Z-0.0288 I0.1088 J0.
X-30.0445 Z-0.0485 I-0.1088 J0.
X-29.827 Z-0.0682 I0.1088 J0.
X-30.0445 Z-0.0879 I-0.1088 J0.
X-29.827 Z-0.1077 I0.1088 J0.
X-30.0445 Z-0.1274 I-0.1088 J0.
X-29.8329 Y-0.8427 Z-0.145 I0.1088 J0.
X-30.0387 Y-0.7722 I-0.1029 J0.0352
X-29.8329 Y-0.8427 I0.1029 J-0.0352
X-29.8427 Y-0.8227 I-0.0149 J0.0051
G1 X-29.8502 Y-0.8201
X-29.8531 Y-0.8191 Z-0.1447
X-29.8559 Y-0.8182 Z-0.1438
X-29.8584 Y-0.8173 Z-0.1423
X-29.8607 Y-0.8165 Z-0.1404
X-29.8625 Y-0.8159 Z-0.138
X-29.8639 Y-0.8154 Z-0.1353
X-29.8648 Y-0.8151 Z-0.1323
X-29.8651 Y-0.815 Z-0.1292
G0 Z0.4
X-28.6939 Y-1.6139
Z0.13
G1 Z0.0658 F40.
G18 G2 X-28.6782 Z0.05 I0.0157 K0.
G1 X-28.6703
G17 G3 X-28.6545 Y-1.5981 I0. J0.0158
X-28.872 Z0.0303 I-0.1088 J0.
X-28.6545 Z0.0106 I0.1088 J0.
X-28.872 Z-0.0091 I-0.1088 J0.
X-28.6545 Z-0.0288 I0.1088 J0.
X-28.872 Z-0.0485 I-0.1088 J0.
X-28.6545 Z-0.0682 I0.1088 J0.
X-28.872 Z-0.0879 I-0.1088 J0.
X-28.6545 Z-0.1077 I0.1088 J0.
X-28.872 Z-0.1274 I-0.1088 J0.
X-28.6604 Y-1.6334 Z-0.145 I0.1088 J0.
X-28.8662 Y-1.5629 I-0.1029 J0.0352
X-28.6604 Y-1.6334 I0.1029 J-0.0352
X-28.6702 Y-1.6134 I-0.0149 J0.0051
G1 X-28.6777 Y-1.6108
X-28.6806 Y-1.6098 Z-0.1447
X-28.6834 Y-1.6089 Z-0.1438
X-28.6859 Y-1.608 Z-0.1423
X-28.6882 Y-1.6072 Z-0.1404
X-28.69 Y-1.6066 Z-0.138
X-28.6914 Y-1.6061 Z-0.1353
X-28.6923 Y-1.6058 Z-0.1323
X-28.6926 Y-1.6057 Z-0.1292
G0 Z0.4
X-27.2485 Y-1.4904
Z0.13
G1 Z0.0658 F40.
G18 G3 X-27.2643 Z0.05 I-0.0158 K0.
G1 X-27.2721
G17 G3 X-27.2817 Y-1.5 I0. J-0.0096
X-27.2433 Z0.0397 I0.0192 J0.
X-27.2817 Z0.0294 I-0.0192 J0.
X-27.2433 Z0.0191 I0.0192 J0.
X-27.2818 Z0.0088 I-0.0192 J0.
X-27.2433 Z-0.0015 I0.0192 J0.
X-27.2818 Z-0.0118 I-0.0193 J0.
X-27.2433 Z-0.0221 I0.0193 J0.
X-27.2503 Y-1.4851 Z-0.025 I-0.0193 J0.
X-27.2747 Y-1.5149 Z-0.0353 I-0.0122 J-0.0149
X-27.2494 Y-1.5141 Z-0.04 I0.0122 J0.0149
X-27.2756 Y-1.4859 Z-0.0503 I-0.0131 J0.0141
X-27.2494 Y-1.5141 Z-0.0606 I0.0131 J-0.0141
X-27.2756 Y-1.4859 Z-0.0709 I-0.0131 J0.0141
X-27.2494 Y-1.5141 Z-0.0812 I0.0131 J-0.0141
X-27.2443 Y-1.4937 Z-0.085 I-0.0131 J0.0141
X-27.2807 Y-1.5063 Z-0.0953 I-0.0182 J-0.0063
X-27.2587 Y-1.5189 Z-0.1 I0.0182 J0.0063
X-27.2663 Y-1.4811 Z-0.1103 I-0.0038 J0.0189
X-27.2587 Y-1.5189 Z-0.1206 I0.0038 J-0.0189
X-27.261 Y-1.4808 Z-0.13 I-0.0038 J0.0189
X-27.264 Y-1.5192 Z-0.1403 I-0.0015 J-0.0192
X-27.2437 Y-1.5041 Z-0.145 I0.0015 J0.0192
X-27.2813 Y-1.4959 I-0.0188 J0.0041
X-27.2437 Y-1.5041 I0.0188 J-0.0041
X-27.251 Y-1.4926 I-0.0094 J0.0021
G1 X-27.2587 Y-1.491
X-27.2617 Y-1.4903 Z-0.1447
X-27.2646 Y-1.4897 Z-0.1438
X-27.2673 Y-1.4891 Z-0.1423
X-27.2696 Y-1.4886 Z-0.1404
X-27.2715 Y-1.4882 Z-0.138
X-27.273 Y-1.4879 Z-0.1353
X-27.2738 Y-1.4877 Z-0.1323
X-27.2741 Y-1.4876 Z-0.1292
G0 Z0.4
X-26.7485 Y-1.4904
Z0.13
G1 Z0.0658 F40.
G18 G3 X-26.7643 Z0.05 I-0.0157 K0.
G1 X-26.7721
G17 G3 X-26.7818 Y-1.5 I0. J-0.0096
X-26.7433 Z0.0397 I0.0193 J0.
X-26.7818 Z0.0294 I-0.0193 J0.
X-26.7433 Z0.0191 I0.0193 J0.
X-26.7818 Z0.0088 I-0.0193 J0.
X-26.7433 Z-0.0015 I0.0193 J0.
X-26.7818 Z-0.0118 I-0.0193 J0.
X-26.7433 Z-0.0221 I0.0193 J0.
X-26.7818 Z-0.0324 I-0.0193 J0.
X-26.7433 Z-0.0427 I0.0193 J0.
X-26.7818 Z-0.053 I-0.0193 J0.
X-26.7433 Z-0.0633 I0.0193 J0.
X-26.7818 Z-0.0736 I-0.0193 J0.
X-26.7433 Z-0.0839 I0.0193 J0.
X-26.7818 Z-0.0942 I-0.0193 J0.
X-26.7433 Z-0.1045 I0.0193 J0.
X-26.7818 Z-0.1148 I-0.0193 J0.
X-26.7433 Z-0.1251 I0.0193 J0.
X-26.7818 Z-0.1354 I-0.0193 J0.
X-26.7437 Y-1.5041 Z-0.145 I0.0193 J0.
X-26.7813 Y-1.4959 I-0.0188 J0.0041
X-26.7437 Y-1.5041 I0.0188 J-0.0041
X-26.751 Y-1.4926 I-0.0094 J0.0021
G1 X-26.7587 Y-1.491
X-26.7617 Y-1.4903 Z-0.1447
X-26.7646 Y-1.4897 Z-0.1438
X-26.7673 Y-1.4891 Z-0.1423
X-26.7696 Y-1.4886 Z-0.1404
X-26.7715 Y-1.4882 Z-0.138
X-26.773 Y-1.4879 Z-0.1353
X-26.7738 Y-1.4877 Z-0.1323
X-26.7741 Y-1.4876 Z-0.1292
G0 Z0.4
X-26.2485 Y-1.4904
Z0.13
G1 Z0.0658 F40.
G18 G3 X-26.2642 Z0.05 I-0.0157 K0.
G1 X-26.2721
G17 G3 X-26.2818 Y-1.5 I0. J-0.0096
X-26.2433 Z0.0397 I0.0193 J0.
X-26.2818 Z0.0294 I-0.0193 J0.
X-26.2433 Z0.0191 I0.0193 J0.
X-26.2818 Z0.0088 I-0.0193 J0.
X-26.2433 Z-0.0015 I0.0193 J0.
X-26.2818 Z-0.0118 I-0.0193 J0.
X-26.2433 Z-0.0221 I0.0193 J0.
X-26.2818 Z-0.0324 I-0.0193 J0.
X-26.2433 Z-0.0427 I0.0193 J0.
X-26.2818 Z-0.053 I-0.0193 J0.
X-26.2433 Z-0.0633 I0.0193 J0.
X-26.2818 Z-0.0736 I-0.0193 J0.
X-26.2433 Z-0.0839 I0.0193 J0.
X-26.2818 Z-0.0942 I-0.0193 J0.
X-26.2433 Z-0.1045 I0.0193 J0.
X-26.2818 Z-0.1148 I-0.0193 J0.
X-26.2433 Z-0.1251 I0.0193 J0.
X-26.2818 Z-0.1354 I-0.0193 J0.
X-26.2437 Y-1.5041 Z-0.145 I0.0193 J0.
X-26.2813 Y-1.4959 I-0.0188 J0.0041
X-26.2437 Y-1.5041 I0.0188 J-0.0041
X-26.251 Y-1.4926 I-0.0094 J0.0021
G1 X-26.2587 Y-1.491
X-26.2617 Y-1.4903 Z-0.1447
X-26.2646 Y-1.4897 Z-0.1438
X-26.2673 Y-1.4891 Z-0.1423
X-26.2696 Y-1.4886 Z-0.1404
X-26.2715 Y-1.4882 Z-0.138
X-26.273 Y-1.4879 Z-0.1353
X-26.2738 Y-1.4877 Z-0.1323
X-26.2741 Y-1.4876 Z-0.1292
G0 Z0.4
X-25.7485 Y-1.4904
Z0.13
G1 Z0.0658 F40.
G18 G3 X-25.7642 Z0.05 I-0.0157 K0.
G1 X-25.7721
G17 G3 X-25.7817 Y-1.5 I0. J-0.0096
X-25.7432 Z0.0397 I0.0193 J0.
X-25.7817 Z0.0294 I-0.0193 J0.
X-25.7432 Z0.0191 I0.0193 J0.
X-25.7817 Z0.0088 I-0.0193 J0.
X-25.7432 Z-0.0015 I0.0193 J0.
X-25.7817 Z-0.0118 I-0.0193 J0.
X-25.7432 Z-0.0221 I0.0193 J0.
X-25.7817 Z-0.0324 I-0.0193 J0.
X-25.7432 Z-0.0427 I0.0193 J0.
X-25.7817 Z-0.053 I-0.0193 J0.
X-25.7432 Z-0.0633 I0.0193 J0.
X-25.7817 Z-0.0736 I-0.0193 J0.
X-25.7432 Z-0.0839 I0.0193 J0.
X-25.7817 Z-0.0942 I-0.0193 J0.
X-25.7432 Z-0.1045 I0.0193 J0.
X-25.7817 Z-0.1148 I-0.0193 J0.
X-25.7432 Z-0.1251 I0.0193 J0.
X-25.7817 Z-0.1354 I-0.0193 J0.
X-25.7437 Y-1.5041 Z-0.145 I0.0193 J0.
X-25.7813 Y-1.4959 I-0.0188 J0.0041
X-25.7437 Y-1.5041 I0.0188 J-0.0041
X-25.751 Y-1.4926 I-0.0094 J0.0021
G1 X-25.7587 Y-1.491
X-25.7617 Y-1.4903 Z-0.1447
X-25.7646 Y-1.4897 Z-0.1438
X-25.7673 Y-1.4891 Z-0.1423
X-25.7696 Y-1.4886 Z-0.1404
X-25.7715 Y-1.4882 Z-0.138
X-25.773 Y-1.4879 Z-0.1353
X-25.7738 Y-1.4877 Z-0.1323
X-25.7741 Y-1.4876 Z-0.1292
G0 Z0.4
X-25.2485 Y-1.4904
Z0.13
G1 Z0.0658 F40.
G18 G3 X-25.2643 Z0.05 I-0.0158 K0.
G1 X-25.2721
G17 G3 X-25.2817 Y-1.5 I0. J-0.0096
X-25.2432 Z0.0397 I0.0193 J0.
X-25.2817 Z0.0294 I-0.0193 J0.
X-25.2432 Z0.0191 I0.0193 J0.
X-25.2817 Z0.0088 I-0.0193 J0.
X-25.2432 Z-0.0015 I0.0193 J0.
X-25.2817 Z-0.0118 I-0.0193 J0.
X-25.2432 Z-0.0221 I0.0193 J0.
X-25.2817 Z-0.0324 I-0.0193 J0.
X-25.2432 Z-0.0427 I0.0193 J0.
X-25.2817 Z-0.053 I-0.0193 J0.
X-25.2432 Z-0.0633 I0.0193 J0.
X-25.2817 Z-0.0736 I-0.0193 J0.
X-25.2432 Z-0.0839 I0.0193 J0.
X-25.2817 Z-0.0942 I-0.0193 J0.
X-25.2432 Z-0.1045 I0.0193 J0.
X-25.2817 Z-0.1148 I-0.0193 J0.
X-25.2432 Z-0.1251 I0.0193 J0.
X-25.2817 Z-0.1354 I-0.0193 J0.
X-25.2437 Y-1.5041 Z-0.145 I0.0193 J0.
X-25.2813 Y-1.4959 I-0.0188 J0.0041
X-25.2437 Y-1.5041 I0.0188 J-0.0041
X-25.251 Y-1.4926 I-0.0094 J0.0021
G1 X-25.2587 Y-1.491
X-25.2617 Y-1.4903 Z-0.1447
X-25.2646 Y-1.4897 Z-0.1438
X-25.2673 Y-1.4891 Z-0.1423
X-25.2696 Y-1.4886 Z-0.1404
X-25.2715 Y-1.4882 Z-0.138
X-25.273 Y-1.4879 Z-0.1353
X-25.2738 Y-1.4877 Z-0.1323
X-25.2741 Y-1.4876 Z-0.1292
G0 Z0.4
X-24.7485 Y-1.4904
Z0.13
G1 Z0.0658 F40.
G18 G3 X-24.7643 Z0.05 I-0.0158 K0.
G1 X-24.7721
G17 G3 X-24.7817 Y-1.5 I0. J-0.0096
X-24.7433 Z0.0397 I0.0192 J0.
X-24.7817 Z0.0294 I-0.0192 J0.
X-24.7433 Z0.0191 I0.0192 J0.
X-24.7818 Z0.0088 I-0.0192 J0.
X-24.7433 Z-0.0015 I0.0192 J0.
X-24.7818 Z-0.0118 I-0.0193 J0.
X-24.7433 Z-0.0221 I0.0193 J0.
X-24.7503 Y-1.4851 Z-0.025 I-0.0193 J0.
X-24.7747 Y-1.5149 Z-0.0353 I-0.0122 J-0.0149
X-24.7494 Y-1.5141 Z-0.04 I0.0122 J0.0149
X-24.7756 Y-1.4859 Z-0.0503 I-0.0131 J0.0141
X-24.7494 Y-1.5141 Z-0.0606 I0.0131 J-0.0141
X-24.7756 Y-1.4859 Z-0.0709 I-0.0131 J0.0141
X-24.7494 Y-1.5141 Z-0.0812 I0.0131 J-0.0141
X-24.7443 Y-1.4937 Z-0.085 I-0.0131 J0.0141
X-24.7807 Y-1.5063 Z-0.0953 I-0.0182 J-0.0063
X-24.7587 Y-1.5189 Z-0.1 I0.0182 J0.0063
X-24.7663 Y-1.4811 Z-0.1103 I-0.0038 J0.0189
X-24.7587 Y-1.5189 Z-0.1206 I0.0038 J-0.0189
X-24.761 Y-1.4808 Z-0.13 I-0.0038 J0.0189
X-24.764 Y-1.5192 Z-0.1403 I-0.0015 J-0.0192
X-24.7437 Y-1.5041 Z-0.145 I0.0015 J0.0192
X-24.7813 Y-1.4959 I-0.0188 J0.0041
X-24.7437 Y-1.5041 I0.0188 J-0.0041
X-24.751 Y-1.4926 I-0.0094 J0.0021
G1 X-24.7587 Y-1.491
X-24.7617 Y-1.4903 Z-0.1447
X-24.7646 Y-1.4897 Z-0.1438
X-24.7673 Y-1.4891 Z-0.1423
X-24.7696 Y-1.4886 Z-0.1404
X-24.7715 Y-1.4882 Z-0.138
X-24.773 Y-1.4879 Z-0.1353
X-24.7738 Y-1.4877 Z-0.1323
X-24.7741 Y-1.4876 Z-0.1292
G0 Z0.4
X-24.2485 Y-1.4904
Z0.13
G1 Z0.0658 F40.
G18 G3 X-24.2643 Z0.05 I-0.0157 K0.
G1 X-24.2721
G17 G3 X-24.2818 Y-1.5 I0. J-0.0096
X-24.2433 Z0.0397 I0.0193 J0.
X-24.2818 Z0.0294 I-0.0193 J0.
X-24.2433 Z0.0191 I0.0193 J0.
X-24.2818 Z0.0088 I-0.0193 J0.
X-24.2433 Z-0.0015 I0.0193 J0.
X-24.2818 Z-0.0118 I-0.0193 J0.
X-24.2433 Z-0.0221 I0.0193 J0.
X-24.2818 Z-0.0324 I-0.0193 J0.
X-24.2433 Z-0.0427 I0.0193 J0.
X-24.2818 Z-0.053 I-0.0193 J0.
X-24.2433 Z-0.0633 I0.0193 J0.
X-24.2818 Z-0.0736 I-0.0193 J0.
X-24.2433 Z-0.0839 I0.0193 J0.
X-24.2818 Z-0.0942 I-0.0193 J0.
X-24.2433 Z-0.1045 I0.0193 J0.
X-24.2818 Z-0.1148 I-0.0193 J0.
X-24.2433 Z-0.1251 I0.0193 J0.
X-24.2818 Z-0.1354 I-0.0193 J0.
X-24.2437 Y-1.5041 Z-0.145 I0.0193 J0.
X-24.2813 Y-1.4959 I-0.0188 J0.0041
X-24.2437 Y-1.5041 I0.0188 J-0.0041
X-24.251 Y-1.4926 I-0.0094 J0.0021
G1 X-24.2587 Y-1.491
X-24.2617 Y-1.4903 Z-0.1447
X-24.2646 Y-1.4897 Z-0.1438
X-24.2673 Y-1.4891 Z-0.1423
X-24.2696 Y-1.4886 Z-0.1404
X-24.2715 Y-1.4882 Z-0.138
X-24.273 Y-1.4879 Z-0.1353
X-24.2738 Y-1.4877 Z-0.1323
X-24.2741 Y-1.4876 Z-0.1292
G0 Z0.4
X-23.7485 Y-1.4904
Z0.13
G1 Z0.0658 F40.
G18 G3 X-23.7642 Z0.05 I-0.0157 K0.
G1 X-23.7721
G17 G3 X-23.7818 Y-1.5 I0. J-0.0096
X-23.7433 Z0.0397 I0.0193 J0.
X-23.7818 Z0.0294 I-0.0193 J0.
X-23.7433 Z0.0191 I0.0193 J0.
X-23.7818 Z0.0088 I-0.0193 J0.
X-23.7433 Z-0.0015 I0.0193 J0.
X-23.7818 Z-0.0118 I-0.0193 J0.
X-23.7433 Z-0.0221 I0.0193 J0.
X-23.7818 Z-0.0324 I-0.0193 J0.
X-23.7433 Z-0.0427 I0.0193 J0.
X-23.7818 Z-0.053 I-0.0193 J0.
X-23.7433 Z-0.0633 I0.0193 J0.
X-23.7818 Z-0.0736 I-0.0193 J0.
X-23.7433 Z-0.0839 I0.0193 J0.
X-23.7818 Z-0.0942 I-0.0193 J0.
X-23.7433 Z-0.1045 I0.0193 J0.
X-23.7818 Z-0.1148 I-0.0193 J0.
X-23.7433 Z-0.1251 I0.0193 J0.
X-23.7818 Z-0.1354 I-0.0193 J0.
X-23.7437 Y-1.5041 Z-0.145 I0.0193 J0.
X-23.7813 Y-1.4959 I-0.0188 J0.0041
X-23.7437 Y-1.5041 I0.0188 J-0.0041
X-23.751 Y-1.4926 I-0.0094 J0.0021
G1 X-23.7587 Y-1.491
X-23.7617 Y-1.4903 Z-0.1447
X-23.7646 Y-1.4897 Z-0.1438
X-23.7673 Y-1.4891 Z-0.1423
X-23.7696 Y-1.4886 Z-0.1404
X-23.7715 Y-1.4882 Z-0.138
X-23.773 Y-1.4879 Z-0.1353
X-23.7738 Y-1.4877 Z-0.1323
X-23.7741 Y-1.4876 Z-0.1292
G0 Z0.4
X-23.2485 Y-1.4904
Z0.13
G1 Z0.0658 F40.
G18 G3 X-23.2642 Z0.05 I-0.0157 K0.
G1 X-23.2721
G17 G3 X-23.2817 Y-1.5 I0. J-0.0096
X-23.2432 Z0.0397 I0.0193 J0.
X-23.2817 Z0.0294 I-0.0193 J0.
X-23.2432 Z0.0191 I0.0193 J0.
X-23.2817 Z0.0088 I-0.0193 J0.
X-23.2432 Z-0.0015 I0.0193 J0.
X-23.2817 Z-0.0118 I-0.0193 J0.
X-23.2432 Z-0.0221 I0.0193 J0.
X-23.2817 Z-0.0324 I-0.0193 J0.
X-23.2432 Z-0.0427 I0.0193 J0.
X-23.2817 Z-0.053 I-0.0193 J0.
X-23.2432 Z-0.0633 I0.0193 J0.
X-23.2817 Z-0.0736 I-0.0193 J0.
X-23.2432 Z-0.0839 I0.0193 J0.
X-23.2817 Z-0.0942 I-0.0193 J0.
X-23.2432 Z-0.1045 I0.0193 J0.
X-23.2817 Z-0.1148 I-0.0193 J0.
X-23.2432 Z-0.1251 I0.0193 J0.
X-23.2817 Z-0.1354 I-0.0193 J0.
X-23.2437 Y-1.5041 Z-0.145 I0.0193 J0.
X-23.2813 Y-1.4959 I-0.0188 J0.0041
X-23.2437 Y-1.5041 I0.0188 J-0.0041
X-23.251 Y-1.4926 I-0.0094 J0.0021
G1 X-23.2587 Y-1.491
X-23.2617 Y-1.4903 Z-0.1447
X-23.2646 Y-1.4897 Z-0.1438
X-23.2673 Y-1.4891 Z-0.1423
X-23.2696 Y-1.4886 Z-0.1404
X-23.2715 Y-1.4882 Z-0.138
X-23.273 Y-1.4879 Z-0.1353
X-23.2738 Y-1.4877 Z-0.1323
X-23.2741 Y-1.4876 Z-0.1292
G0 Z0.4
X-22.7485 Y-1.4904
Z0.13
G1 Z0.0658 F40.
G18 G3 X-22.7643 Z0.05 I-0.0158 K0.
G1 X-22.7721
G17 G3 X-22.7817 Y-1.5 I0. J-0.0096
X-22.7432 Z0.0397 I0.0193 J0.
X-22.7817 Z0.0294 I-0.0193 J0.
X-22.7432 Z0.0191 I0.0193 J0.
X-22.7817 Z0.0088 I-0.0193 J0.
X-22.7432 Z-0.0015 I0.0193 J0.
X-22.7817 Z-0.0118 I-0.0193 J0.
X-22.7432 Z-0.0221 I0.0193 J0.
X-22.7817 Z-0.0324 I-0.0193 J0.
X-22.7432 Z-0.0427 I0.0193 J0.
X-22.7817 Z-0.053 I-0.0193 J0.
X-22.7432 Z-0.0633 I0.0193 J0.
X-22.7817 Z-0.0736 I-0.0193 J0.
X-22.7432 Z-0.0839 I0.0193 J0.
X-22.7817 Z-0.0942 I-0.0193 J0.
X-22.7432 Z-0.1045 I0.0193 J0.
X-22.7817 Z-0.1148 I-0.0193 J0.
X-22.7432 Z-0.1251 I0.0193 J0.
X-22.7817 Z-0.1354 I-0.0193 J0.
X-22.7437 Y-1.5041 Z-0.145 I0.0193 J0.
X-22.7813 Y-1.4959 I-0.0188 J0.0041
X-22.7437 Y-1.5041 I0.0188 J-0.0041
X-22.751 Y-1.4926 I-0.0094 J0.0021
G1 X-22.7587 Y-1.491
X-22.7617 Y-1.4903 Z-0.1447
X-22.7646 Y-1.4897 Z-0.1438
X-22.7673 Y-1.4891 Z-0.1423
X-22.7696 Y-1.4886 Z-0.1404
X-22.7715 Y-1.4882 Z-0.138
X-22.773 Y-1.4879 Z-0.1353
X-22.7738 Y-1.4877 Z-0.1323
X-22.7741 Y-1.4876 Z-0.1292
G0 Z0.4
X-22.2485 Y-1.4904
Z0.13
G1 Z0.0658 F40.
G18 G3 X-22.2643 Z0.05 I-0.0158 K0.
G1 X-22.2721
G17 G3 X-22.2817 Y-1.5 I0. J-0.0096
X-22.2433 Z0.0397 I0.0192 J0.
X-22.2817 Z0.0294 I-0.0192 J0.
X-22.2433 Z0.0191 I0.0192 J0.
X-22.2818 Z0.0088 I-0.0192 J0.
X-22.2433 Z-0.0015 I0.0192 J0.
X-22.2818 Z-0.0118 I-0.0193 J0.
X-22.2433 Z-0.0221 I0.0193 J0.
X-22.2503 Y-1.4851 Z-0.025 I-0.0193 J0.
X-22.2747 Y-1.5149 Z-0.0353 I-0.0122 J-0.0149
X-22.2494 Y-1.5141 Z-0.04 I0.0122 J0.0149
X-22.2756 Y-1.4859 Z-0.0503 I-0.0131 J0.0141
X-22.2494 Y-1.5141 Z-0.0606 I0.0131 J-0.0141
X-22.2756 Y-1.4859 Z-0.0709 I-0.0131 J0.0141
X-22.2494 Y-1.5141 Z-0.0812 I0.0131 J-0.0141
X-22.2443 Y-1.4937 Z-0.085 I-0.0131 J0.0141
X-22.2807 Y-1.5063 Z-0.0953 I-0.0182 J-0.0063
X-22.2587 Y-1.5189 Z-0.1 I0.0182 J0.0063
X-22.2663 Y-1.4811 Z-0.1103 I-0.0038 J0.0189
X-22.2587 Y-1.5189 Z-0.1206 I0.0038 J-0.0189
X-22.261 Y-1.4808 Z-0.13 I-0.0038 J0.0189
X-22.264 Y-1.5192 Z-0.1403 I-0.0015 J-0.0192
X-22.2437 Y-1.5041 Z-0.145 I0.0015 J0.0192
X-22.2813 Y-1.4959 I-0.0188 J0.0041
X-22.2437 Y-1.5041 I0.0188 J-0.0041
X-22.251 Y-1.4926 I-0.0094 J0.0021
G1 X-22.2587 Y-1.491
X-22.2617 Y-1.4903 Z-0.1447
X-22.2646 Y-1.4897 Z-0.1438
X-22.2673 Y-1.4891 Z-0.1423
X-22.2696 Y-1.4886 Z-0.1404
X-22.2715 Y-1.4882 Z-0.138
X-22.273 Y-1.4879 Z-0.1353
X-22.2738 Y-1.4877 Z-0.1323
X-22.2741 Y-1.4876 Z-0.1292
G0 Z0.4
X-21.7485 Y-1.4904
Z0.13
G1 Z0.0658 F40.
G18 G3 X-21.7643 Z0.05 I-0.0157 K0.
G1 X-21.7721
G17 G3 X-21.7818 Y-1.5 I0. J-0.0096
X-21.7433 Z0.0397 I0.0193 J0.
X-21.7818 Z0.0294 I-0.0193 J0.
X-21.7433 Z0.0191 I0.0193 J0.
X-21.7818 Z0.0088 I-0.0193 J0.
X-21.7433 Z-0.0015 I0.0193 J0.
X-21.7818 Z-0.0118 I-0.0193 J0.
X-21.7433 Z-0.0221 I0.0193 J0.
X-21.7818 Z-0.0324 I-0.0193 J0.
X-21.7433 Z-0.0427 I0.0193 J0.
X-21.7818 Z-0.053 I-0.0193 J0.
X-21.7433 Z-0.0633 I0.0193 J0.
X-21.7818 Z-0.0736 I-0.0193 J0.
X-21.7433 Z-0.0839 I0.0193 J0.
X-21.7818 Z-0.0942 I-0.0193 J0.
X-21.7433 Z-0.1045 I0.0193 J0.
X-21.7818 Z-0.1148 I-0.0193 J0.
X-21.7433 Z-0.1251 I0.0193 J0.
X-21.7818 Z-0.1354 I-0.0193 J0.
X-21.7437 Y-1.5041 Z-0.145 I0.0193 J0.
X-21.7813 Y-1.4959 I-0.0188 J0.0041
X-21.7437 Y-1.5041 I0.0188 J-0.0041
X-21.751 Y-1.4926 I-0.0094 J0.0021
G1 X-21.7587 Y-1.491
X-21.7617 Y-1.4903 Z-0.1447
X-21.7646 Y-1.4897 Z-0.1438
X-21.7673 Y-1.4891 Z-0.1423
X-21.7696 Y-1.4886 Z-0.1404
X-21.7715 Y-1.4882 Z-0.138
X-21.773 Y-1.4879 Z-0.1353
X-21.7738 Y-1.4877 Z-0.1323
X-21.7741 Y-1.4876 Z-0.1292
G0 Z0.4
X-21.2485 Y-1.4904
Z0.13
G1 Z0.0658 F40.
G18 G3 X-21.2642 Z0.05 I-0.0157 K0.
G1 X-21.2721
G17 G3 X-21.2818 Y-1.5 I0. J-0.0096
X-21.2433 Z0.0397 I0.0193 J0.
X-21.2818 Z0.0294 I-0.0193 J0.
X-21.2433 Z0.0191 I0.0193 J0.
X-21.2818 Z0.0088 I-0.0193 J0.
X-21.2433 Z-0.0015 I0.0193 J0.
X-21.2818 Z-0.0118 I-0.0193 J0.
X-21.2433 Z-0.0221 I0.0193 J0.
X-21.2818 Z-0.0324 I-0.0193 J0.
X-21.2433 Z-0.0427 I0.0193 J0.
X-21.2818 Z-0.053 I-0.0193 J0.
X-21.2433 Z-0.0633 I0.0193 J0.
X-21.2818 Z-0.0736 I-0.0193 J0.
X-21.2433 Z-0.0839 I0.0193 J0.
X-21.2818 Z-0.0942 I-0.0193 J0.
X-21.2433 Z-0.1045 I0.0193 J0.
X-21.2818 Z-0.1148 I-0.0193 J0.
X-21.2433 Z-0.1251 I0.0193 J0.
X-21.2818 Z-0.1354 I-0.0193 J0.
X-21.2437 Y-1.5041 Z-0.145 I0.0193 J0.
X-21.2813 Y-1.4959 I-0.0188 J0.0041
X-21.2437 Y-1.5041 I0.0188 J-0.0041
X-21.251 Y-1.4926 I-0.0094 J0.0021
G1 X-21.2587 Y-1.491
X-21.2617 Y-1.4903 Z-0.1447
X-21.2646 Y-1.4897 Z-0.1438
X-21.2673 Y-1.4891 Z-0.1423
X-21.2696 Y-1.4886 Z-0.1404
X-21.2715 Y-1.4882 Z-0.138
X-21.273 Y-1.4879 Z-0.1353
X-21.2738 Y-1.4877 Z-0.1323
X-21.2741 Y-1.4876 Z-0.1292
G0 Z0.4
X-20.6779 Y-1.514
Z0.13
G1 Z0.0658 F40.
G19 G3 Y-1.4982 Z0.05 J0.0158 K0.
G1 Y-1.4904
G17 G3 X-20.6875 Y-1.4807 I-0.0096 J0.
Y-1.5193 Z0.0397 I0. J-0.0192
Y-1.4807 Z0.0294 I0. J0.0193
Y-1.5193 Z0.0191 I0. J-0.0193
Y-1.4807 Z0.0088 I0. J0.0193
Y-1.5193 Z-0.0015 I0. J-0.0193
X-20.6774 Y-1.4836 Z-0.01 I0. J0.0193
X-20.6976 Y-1.5164 Z-0.0203 I-0.0101 J-0.0164
X-20.6774 Y-1.4836 Z-0.0306 I0.0101 J0.0164
X-20.6976 Y-1.5164 Z-0.0409 I-0.0101 J-0.0164
X-20.6774 Y-1.4836 Z-0.0512 I0.0101 J0.0164
X-20.6976 Y-1.5164 Z-0.0615 I-0.0101 J-0.0164
X-20.6774 Y-1.4836 Z-0.0718 I0.0101 J0.0164
X-20.6976 Y-1.5164 Z-0.0821 I-0.0101 J-0.0164
X-20.6812 Y-1.5182 Z-0.085 I0.0101 J0.0164
X-20.6938 Y-1.4818 Z-0.0953 I-0.0063 J0.0182
X-20.6812 Y-1.5182 Z-0.1056 I0.0063 J-0.0182
X-20.6938 Y-1.4818 Z-0.1159 I-0.0063 J0.0182
X-20.6812 Y-1.5182 Z-0.1262 I0.0063 J-0.0182
X-20.6938 Y-1.4818 Z-0.1365 I-0.0063 J0.0182
X-20.6916 Y-1.5188 Z-0.145 I0.0063 J-0.0182
X-20.6834 Y-1.4812 I0.0041 J0.0188
X-20.6916 Y-1.5188 I-0.0041 J-0.0188
X-20.6801 Y-1.5115 I0.0021 J0.0094
G1 X-20.6785 Y-1.5038
X-20.6778 Y-1.5008 Z-0.1447
X-20.6772 Y-1.4979 Z-0.1438
X-20.6766 Y-1.4952 Z-0.1423
X-20.6761 Y-1.4929 Z-0.1404
X-20.6757 Y-1.491 Z-0.138
X-20.6754 Y-1.4895 Z-0.1353
X-20.6752 Y-1.4887 Z-0.1323
X-20.6751 Y-1.4884 Z-0.1292
G0 Z0.4
X-20.1779 Y-1.514
Z0.13
G1 Z0.0658 F40.
G19 G3 Y-1.4982 Z0.05 J0.0158 K0.
G1 Y-1.4904
G17 G3 X-20.1875 Y-1.4807 I-0.0096 J0.
Y-1.5192 Z0.0397 I0. J-0.0192
Y-1.4807 Z0.0294 I0. J0.0192
Y-1.5192 Z0.0191 I0. J-0.0192
Y-1.4807 Z0.0088 I0. J0.0192
Y-1.5192 Z-0.0015 I0. J-0.0192
Y-1.4807 Z-0.0118 I0. J0.0192
Y-1.5192 Z-0.0221 I0. J-0.0192
Y-1.4807 Z-0.0324 I0. J0.0192
Y-1.5192 Z-0.0427 I0. J-0.0192
Y-1.4807 Z-0.053 I0. J0.0193
Y-1.5192 Z-0.0633 I0. J-0.0193
Y-1.4807 Z-0.0736 I0. J0.0193
Y-1.5192 Z-0.0839 I0. J-0.0193
Y-1.4807 Z-0.0942 I0. J0.0193
Y-1.5192 Z-0.1045 I0. J-0.0193
Y-1.4807 Z-0.1148 I0. J0.0193
Y-1.5192 Z-0.1251 I0. J-0.0193
Y-1.4807 Z-0.1354 I0. J0.0193
X-20.1916 Y-1.5188 Z-0.145 I0. J-0.0193
X-20.1834 Y-1.4812 I0.0041 J0.0188
X-20.1916 Y-1.5188 I-0.0041 J-0.0188
X-20.1801 Y-1.5115 I0.0021 J0.0094
G1 X-20.1785 Y-1.5038
X-20.1778 Y-1.5008 Z-0.1447
X-20.1772 Y-1.4979 Z-0.1438
X-20.1766 Y-1.4952 Z-0.1423
X-20.1761 Y-1.4929 Z-0.1404
X-20.1757 Y-1.491 Z-0.138
X-20.1754 Y-1.4895 Z-0.1353
X-20.1752 Y-1.4887 Z-0.1323
X-20.1751 Y-1.4884 Z-0.1292
G0 Z0.4
X-19.6779 Y-1.514
Z0.13
G1 Z0.0658 F40.
G19 G3 Y-1.4982 Z0.05 J0.0158 K0.
G1 Y-1.4904
G17 G3 X-19.6875 Y-1.4807 I-0.0096 J0.
Y-1.5192 Z0.0397 I0. J-0.0192
Y-1.4807 Z0.0294 I0. J0.0192
Y-1.5192 Z0.0191 I0. J-0.0192
Y-1.4807 Z0.0088 I0. J0.0192
Y-1.5192 Z-0.0015 I0. J-0.0192
Y-1.4807 Z-0.0118 I0. J0.0192
Y-1.5192 Z-0.0221 I0. J-0.0192
Y-1.4807 Z-0.0324 I0. J0.0192
Y-1.5192 Z-0.0427 I0. J-0.0192
Y-1.4807 Z-0.053 I0. J0.0193
Y-1.5192 Z-0.0633 I0. J-0.0193
Y-1.4807 Z-0.0736 I0. J0.0193
Y-1.5192 Z-0.0839 I0. J-0.0193
Y-1.4807 Z-0.0942 I0. J0.0193
Y-1.5192 Z-0.1045 I0. J-0.0193
Y-1.4807 Z-0.1148 I0. J0.0193
Y-1.5192 Z-0.1251 I0. J-0.0193
Y-1.4807 Z-0.1354 I0. J0.0193
X-19.6916 Y-1.5188 Z-0.145 I0. J-0.0193
X-19.6834 Y-1.4812 I0.0041 J0.0188
X-19.6916 Y-1.5188 I-0.0041 J-0.0188
X-19.6801 Y-1.5115 I0.0021 J0.0094
G1 X-19.6785 Y-1.5038
X-19.6778 Y-1.5008 Z-0.1447
X-19.6772 Y-1.4979 Z-0.1438
X-19.6766 Y-1.4952 Z-0.1423
X-19.6761 Y-1.4929 Z-0.1404
X-19.6757 Y-1.491 Z-0.138
X-19.6754 Y-1.4895 Z-0.1353
X-19.6752 Y-1.4887 Z-0.1323
X-19.6751 Y-1.4884 Z-0.1292
G0 Z0.4
X-19.1779 Y-1.514
Z0.13
G1 Z0.0658 F40.
G19 G3 Y-1.4982 Z0.05 J0.0158 K0.
G1 Y-1.4904
G17 G3 X-19.1875 Y-1.4807 I-0.0096 J0.
Y-1.5192 Z0.0397 I0. J-0.0192
Y-1.4807 Z0.0294 I0. J0.0192
Y-1.5192 Z0.0191 I0. J-0.0192
Y-1.4807 Z0.0088 I0. J0.0193
Y-1.5192 Z-0.0015 I0. J-0.0193
Y-1.4807 Z-0.0118 I0. J0.0193
Y-1.5193 Z-0.0221 I0. J-0.0193
Y-1.4807 Z-0.0324 I0. J0.0193
Y-1.5193 Z-0.0427 I0. J-0.0193
Y-1.4807 Z-0.053 I0. J0.0193
Y-1.5193 Z-0.0633 I0. J-0.0193
Y-1.4807 Z-0.0736 I0. J0.0193
Y-1.5193 Z-0.0839 I0. J-0.0193
Y-1.4807 Z-0.0942 I0. J0.0193
Y-1.5193 Z-0.1045 I0. J-0.0193
Y-1.4807 Z-0.1148 I0. J0.0193
Y-1.5193 Z-0.1251 I0. J-0.0193
Y-1.4807 Z-0.1354 I0. J0.0193
X-19.1916 Y-1.5188 Z-0.145 I0. J-0.0193
X-19.1834 Y-1.4812 I0.0041 J0.0188
X-19.1916 Y-1.5188 I-0.0041 J-0.0188
X-19.1801 Y-1.5115 I0.0021 J0.0094
G1 X-19.1785 Y-1.5038
X-19.1778 Y-1.5008 Z-0.1447
X-19.1772 Y-1.4979 Z-0.1438
X-19.1766 Y-1.4952 Z-0.1423
X-19.1761 Y-1.4929 Z-0.1404
X-19.1757 Y-1.491 Z-0.138
X-19.1754 Y-1.4895 Z-0.1353
X-19.1752 Y-1.4887 Z-0.1323
X-19.1751 Y-1.4884 Z-0.1292
G0 Z0.4
X-18.6779 Y-1.514
Z0.13
G1 Z0.0658 F40.
G19 G3 Y-1.4982 Z0.05 J0.0158 K0.
G1 Y-1.4904
G17 G3 X-18.6875 Y-1.4807 I-0.0096 J0.
Y-1.5192 Z0.0397 I0. J-0.0192
Y-1.4807 Z0.0294 I0. J0.0192
Y-1.5192 Z0.0191 I0. J-0.0192
Y-1.4807 Z0.0088 I0. J0.0192
Y-1.5192 Z-0.0015 I0. J-0.0192
Y-1.4807 Z-0.0118 I0. J0.0192
Y-1.5192 Z-0.0221 I0. J-0.0192
Y-1.4807 Z-0.0324 I0. J0.0192
Y-1.5192 Z-0.0427 I0. J-0.0192
Y-1.4807 Z-0.053 I0. J0.0193
Y-1.5192 Z-0.0633 I0. J-0.0193
Y-1.4807 Z-0.0736 I0. J0.0193
Y-1.5192 Z-0.0839 I0. J-0.0193
Y-1.4807 Z-0.0942 I0. J0.0193
Y-1.5192 Z-0.1045 I0. J-0.0193
Y-1.4807 Z-0.1148 I0. J0.0193
Y-1.5192 Z-0.1251 I0. J-0.0193
Y-1.4807 Z-0.1354 I0. J0.0193
X-18.6916 Y-1.5188 Z-0.145 I0. J-0.0193
X-18.6834 Y-1.4812 I0.0041 J0.0188
X-18.6916 Y-1.5188 I-0.0041 J-0.0188
X-18.6801 Y-1.5115 I0.0021 J0.0094
G1 X-18.6785 Y-1.5038
X-18.6778 Y-1.5008 Z-0.1447
X-18.6772 Y-1.4979 Z-0.1438
X-18.6766 Y-1.4952 Z-0.1423
X-18.6761 Y-1.4929 Z-0.1404
X-18.6757 Y-1.491 Z-0.138
X-18.6754 Y-1.4895 Z-0.1353
X-18.6752 Y-1.4887 Z-0.1323
X-18.6751 Y-1.4884 Z-0.1292
G0 Z0.4
X-18.1779 Y-1.514
Z0.13
G1 Z0.0658 F40.
G19 G3 Y-1.4982 Z0.05 J0.0158 K0.
G1 Y-1.4904
G17 G3 X-18.1875 Y-1.4807 I-0.0096 J0.
Y-1.5192 Z0.0397 I0. J-0.0192
Y-1.4807 Z0.0294 I0. J0.0192
Y-1.5192 Z0.0191 I0. J-0.0192
Y-1.4807 Z0.0088 I0. J0.0192
Y-1.5192 Z-0.0015 I0. J-0.0192
Y-1.4807 Z-0.0118 I0. J0.0192
Y-1.5192 Z-0.0221 I0. J-0.0192
Y-1.4807 Z-0.0324 I0. J0.0192
Y-1.5192 Z-0.0427 I0. J-0.0192
Y-1.4807 Z-0.053 I0. J0.0193
Y-1.5192 Z-0.0633 I0. J-0.0193
Y-1.4807 Z-0.0736 I0. J0.0193
Y-1.5192 Z-0.0839 I0. J-0.0193
Y-1.4807 Z-0.0942 I0. J0.0193
Y-1.5192 Z-0.1045 I0. J-0.0193
Y-1.4807 Z-0.1148 I0. J0.0193
Y-1.5192 Z-0.1251 I0. J-0.0193
Y-1.4807 Z-0.1354 I0. J0.0193
X-18.1916 Y-1.5188 Z-0.145 I0. J-0.0193
X-18.1834 Y-1.4812 I0.0041 J0.0188
X-18.1916 Y-1.5188 I-0.0041 J-0.0188
X-18.1801 Y-1.5115 I0.0021 J0.0094
G1 X-18.1785 Y-1.5038
X-18.1778 Y-1.5008 Z-0.1447
X-18.1772 Y-1.4979 Z-0.1438
X-18.1766 Y-1.4952 Z-0.1423
X-18.1761 Y-1.4929 Z-0.1404
X-18.1757 Y-1.491 Z-0.138
X-18.1754 Y-1.4895 Z-0.1353
X-18.1752 Y-1.4887 Z-0.1323
X-18.1751 Y-1.4884 Z-0.1292
G0 Z0.4
X-17.6779 Y-1.514
Z0.13
G1 Z0.0658 F40.
G19 G3 Y-1.4982 Z0.05 J0.0158 K0.
G1 Y-1.4904
G17 G3 X-17.6875 Y-1.4807 I-0.0096 J0.
Y-1.5192 Z0.0397 I0. J-0.0192
Y-1.4807 Z0.0294 I0. J0.0192
Y-1.5192 Z0.0191 I0. J-0.0192
Y-1.4807 Z0.0088 I0. J0.0192
Y-1.5192 Z-0.0015 I0. J-0.0192
Y-1.4807 Z-0.0118 I0. J0.0192
Y-1.5192 Z-0.0221 I0. J-0.0192
Y-1.4807 Z-0.0324 I0. J0.0192
Y-1.5192 Z-0.0427 I0. J-0.0192
Y-1.4807 Z-0.053 I0. J0.0193
Y-1.5192 Z-0.0633 I0. J-0.0193
Y-1.4807 Z-0.0736 I0. J0.0193
Y-1.5192 Z-0.0839 I0. J-0.0193
Y-1.4807 Z-0.0942 I0. J0.0193
Y-1.5192 Z-0.1045 I0. J-0.0193
Y-1.4807 Z-0.1148 I0. J0.0193
Y-1.5192 Z-0.1251 I0. J-0.0193
Y-1.4807 Z-0.1354 I0. J0.0193
X-17.6916 Y-1.5188 Z-0.145 I0. J-0.0193
X-17.6834 Y-1.4812 I0.0041 J0.0188
X-17.6916 Y-1.5188 I-0.0041 J-0.0188
X-17.6801 Y-1.5115 I0.0021 J0.0094
G1 X-17.6785 Y-1.5038
X-17.6778 Y-1.5008 Z-0.1447
X-17.6772 Y-1.4979 Z-0.1438
X-17.6766 Y-1.4952 Z-0.1423
X-17.6761 Y-1.4929 Z-0.1404
X-17.6757 Y-1.491 Z-0.138
X-17.6754 Y-1.4895 Z-0.1353
X-17.6752 Y-1.4887 Z-0.1323
X-17.6751 Y-1.4884 Z-0.1292
G0 Z0.4
X-17.1779 Y-1.514
Z0.13
G1 Z0.0658 F40.
G19 G3 Y-1.4982 Z0.05 J0.0158 K0.
G1 Y-1.4904
G17 G3 X-17.1875 Y-1.4807 I-0.0096 J0.
Y-1.5192 Z0.0397 I0. J-0.0192
Y-1.4807 Z0.0294 I0. J0.0192
Y-1.5192 Z0.0191 I0. J-0.0192
Y-1.4807 Z0.0088 I0. J0.0192
Y-1.5192 Z-0.0015 I0. J-0.0192
Y-1.4807 Z-0.0118 I0. J0.0192
Y-1.5192 Z-0.0221 I0. J-0.0192
Y-1.4807 Z-0.0324 I0. J0.0192
Y-1.5192 Z-0.0427 I0. J-0.0192
Y-1.4807 Z-0.053 I0. J0.0193
Y-1.5192 Z-0.0633 I0. J-0.0193
Y-1.4807 Z-0.0736 I0. J0.0193
Y-1.5192 Z-0.0839 I0. J-0.0193
Y-1.4807 Z-0.0942 I0. J0.0193
Y-1.5192 Z-0.1045 I0. J-0.0193
Y-1.4807 Z-0.1148 I0. J0.0193
Y-1.5192 Z-0.1251 I0. J-0.0193
Y-1.4807 Z-0.1354 I0. J0.0193
X-17.1916 Y-1.5188 Z-0.145 I0. J-0.0193
X-17.1834 Y-1.4812 I0.0041 J0.0188
X-17.1916 Y-1.5188 I-0.0041 J-0.0188
X-17.1801 Y-1.5115 I0.0021 J0.0094
G1 X-17.1785 Y-1.5038
X-17.1778 Y-1.5008 Z-0.1447
X-17.1772 Y-1.4979 Z-0.1438
X-17.1766 Y-1.4952 Z-0.1423
X-17.1761 Y-1.4929 Z-0.1404
X-17.1757 Y-1.491 Z-0.138
X-17.1754 Y-1.4895 Z-0.1353
X-17.1752 Y-1.4887 Z-0.1323
X-17.1751 Y-1.4884 Z-0.1292
G0 Z0.4
X-16.6779 Y-1.514
Z0.13
G1 Z0.0658 F40.
G19 G3 Y-1.4982 Z0.05 J0.0158 K0.
G1 Y-1.4904
G17 G3 X-16.6875 Y-1.4807 I-0.0096 J0.
Y-1.5192 Z0.0397 I0. J-0.0192
Y-1.4807 Z0.0294 I0. J0.0192
Y-1.5192 Z0.0191 I0. J-0.0192
Y-1.4807 Z0.0088 I0. J0.0193
Y-1.5192 Z-0.0015 I0. J-0.0193
Y-1.4807 Z-0.0118 I0. J0.0193
Y-1.5193 Z-0.0221 I0. J-0.0193
Y-1.4807 Z-0.0324 I0. J0.0193
Y-1.5193 Z-0.0427 I0. J-0.0193
Y-1.4807 Z-0.053 I0. J0.0193
Y-1.5193 Z-0.0633 I0. J-0.0193
Y-1.4807 Z-0.0736 I0. J0.0193
Y-1.5193 Z-0.0839 I0. J-0.0193
Y-1.4807 Z-0.0942 I0. J0.0193
Y-1.5193 Z-0.1045 I0. J-0.0193
Y-1.4807 Z-0.1148 I0. J0.0193
Y-1.5193 Z-0.1251 I0. J-0.0193
Y-1.4807 Z-0.1354 I0. J0.0193
X-16.6916 Y-1.5188 Z-0.145 I0. J-0.0193
X-16.6834 Y-1.4812 I0.0041 J0.0188
X-16.6916 Y-1.5188 I-0.0041 J-0.0188
X-16.6801 Y-1.5115 I0.0021 J0.0094
G1 X-16.6785 Y-1.5038
X-16.6778 Y-1.5008 Z-0.1447
X-16.6772 Y-1.4979 Z-0.1438
X-16.6766 Y-1.4952 Z-0.1423
X-16.6761 Y-1.4929 Z-0.1404
X-16.6757 Y-1.491 Z-0.138
X-16.6754 Y-1.4895 Z-0.1353
X-16.6752 Y-1.4887 Z-0.1323
X-16.6751 Y-1.4884 Z-0.1292
G0 Z0.4
X-16.1779 Y-1.514
Z0.13
G1 Z0.0658 F40.
G19 G3 Y-1.4982 Z0.05 J0.0158 K0.
G1 Y-1.4904
G17 G3 X-16.1875 Y-1.4807 I-0.0096 J0.
Y-1.5192 Z0.0397 I0. J-0.0192
Y-1.4807 Z0.0294 I0. J0.0192
Y-1.5192 Z0.0191 I0. J-0.0192
Y-1.4807 Z0.0088 I0. J0.0192
Y-1.5192 Z-0.0015 I0. J-0.0192
Y-1.4807 Z-0.0118 I0. J0.0192
Y-1.5192 Z-0.0221 I0. J-0.0192
Y-1.4807 Z-0.0324 I0. J0.0192
Y-1.5192 Z-0.0427 I0. J-0.0192
Y-1.4807 Z-0.053 I0. J0.0193
Y-1.5192 Z-0.0633 I0. J-0.0193
Y-1.4807 Z-0.0736 I0. J0.0193
Y-1.5192 Z-0.0839 I0. J-0.0193
Y-1.4807 Z-0.0942 I0. J0.0193
Y-1.5192 Z-0.1045 I0. J-0.0193
Y-1.4807 Z-0.1148 I0. J0.0193
Y-1.5192 Z-0.1251 I0. J-0.0193
Y-1.4807 Z-0.1354 I0. J0.0193
X-16.1916 Y-1.5188 Z-0.145 I0. J-0.0193
X-16.1834 Y-1.4812 I0.0041 J0.0188
X-16.1916 Y-1.5188 I-0.0041 J-0.0188
X-16.1801 Y-1.5115 I0.0021 J0.0094
G1 X-16.1785 Y-1.5038
X-16.1778 Y-1.5008 Z-0.1447
X-16.1772 Y-1.4979 Z-0.1438
X-16.1766 Y-1.4952 Z-0.1423
X-16.1761 Y-1.4929 Z-0.1404
X-16.1757 Y-1.491 Z-0.138
X-16.1754 Y-1.4895 Z-0.1353
X-16.1752 Y-1.4887 Z-0.1323
X-16.1751 Y-1.4884 Z-0.1292
G0 Z0.4
X-15.6779 Y-1.514
Z0.13
G1 Z0.0658 F40.
G19 G3 Y-1.4982 Z0.05 J0.0158 K0.
G1 Y-1.4904
G17 G3 X-15.6875 Y-1.4807 I-0.0096 J0.
Y-1.5192 Z0.0397 I0. J-0.0192
Y-1.4807 Z0.0294 I0. J0.0192
Y-1.5192 Z0.0191 I0. J-0.0192
Y-1.4807 Z0.0088 I0. J0.0192
Y-1.5192 Z-0.0015 I0. J-0.0192
Y-1.4807 Z-0.0118 I0. J0.0192
Y-1.5192 Z-0.0221 I0. J-0.0192
Y-1.4807 Z-0.0324 I0. J0.0192
Y-1.5192 Z-0.0427 I0. J-0.0192
Y-1.4807 Z-0.053 I0. J0.0193
Y-1.5192 Z-0.0633 I0. J-0.0193
Y-1.4807 Z-0.0736 I0. J0.0193
Y-1.5192 Z-0.0839 I0. J-0.0193
Y-1.4807 Z-0.0942 I0. J0.0193
Y-1.5192 Z-0.1045 I0. J-0.0193
Y-1.4807 Z-0.1148 I0. J0.0193
Y-1.5192 Z-0.1251 I0. J-0.0193
Y-1.4807 Z-0.1354 I0. J0.0193
X-15.6916 Y-1.5188 Z-0.145 I0. J-0.0193
X-15.6834 Y-1.4812 I0.0041 J0.0188
X-15.6916 Y-1.5188 I-0.0041 J-0.0188
X-15.6801 Y-1.5115 I0.0021 J0.0094
G1 X-15.6785 Y-1.5038
X-15.6778 Y-1.5008 Z-0.1447
X-15.6772 Y-1.4979 Z-0.1438
X-15.6766 Y-1.4952 Z-0.1423
X-15.6761 Y-1.4929 Z-0.1404
X-15.6757 Y-1.491 Z-0.138
X-15.6754 Y-1.4895 Z-0.1353
X-15.6752 Y-1.4887 Z-0.1323
X-15.6751 Y-1.4884 Z-0.1292
G0 Z0.4
X-15.1779 Y-1.514
Z0.13
G1 Z0.0658 F40.
G19 G3 Y-1.4982 Z0.05 J0.0158 K0.
G1 Y-1.4904
G17 G3 X-15.1875 Y-1.4807 I-0.0096 J0.
Y-1.5192 Z0.0397 I0. J-0.0192
Y-1.4807 Z0.0294 I0. J0.0192
Y-1.5192 Z0.0191 I0. J-0.0192
Y-1.4807 Z0.0088 I0. J0.0192
Y-1.5192 Z-0.0015 I0. J-0.0192
Y-1.4807 Z-0.0118 I0. J0.0192
Y-1.5192 Z-0.0221 I0. J-0.0192
Y-1.4807 Z-0.0324 I0. J0.0192
Y-1.5192 Z-0.0427 I0. J-0.0192
Y-1.4807 Z-0.053 I0. J0.0193
Y-1.5192 Z-0.0633 I0. J-0.0193
Y-1.4807 Z-0.0736 I0. J0.0193
Y-1.5192 Z-0.0839 I0. J-0.0193
Y-1.4807 Z-0.0942 I0. J0.0193
Y-1.5192 Z-0.1045 I0. J-0.0193
Y-1.4807 Z-0.1148 I0. J0.0193
Y-1.5192 Z-0.1251 I0. J-0.0193
Y-1.4807 Z-0.1354 I0. J0.0193
X-15.1916 Y-1.5188 Z-0.145 I0. J-0.0193
X-15.1834 Y-1.4812 I0.0041 J0.0188
X-15.1916 Y-1.5188 I-0.0041 J-0.0188
X-15.1801 Y-1.5115 I0.0021 J0.0094
G1 X-15.1785 Y-1.5038
X-15.1778 Y-1.5008 Z-0.1447
X-15.1772 Y-1.4979 Z-0.1438
X-15.1766 Y-1.4952 Z-0.1423
X-15.1761 Y-1.4929 Z-0.1404
X-15.1757 Y-1.491 Z-0.138
X-15.1754 Y-1.4895 Z-0.1353
X-15.1752 Y-1.4887 Z-0.1323
X-15.1751 Y-1.4884 Z-0.1292
G0 Z0.4
X-14.1779 Y-1.514
Z0.13
G1 Z0.0658 F40.
G19 G3 Y-1.4982 Z0.05 J0.0158 K0.
G1 Y-1.4904
G17 G3 X-14.1875 Y-1.4807 I-0.0096 J0.
Y-1.5192 Z0.0397 I0. J-0.0192
Y-1.4807 Z0.0294 I0. J0.0192
Y-1.5192 Z0.0191 I0. J-0.0192
Y-1.4807 Z0.0088 I0. J0.0193
Y-1.5192 Z-0.0015 I0. J-0.0193
Y-1.4807 Z-0.0118 I0. J0.0193
Y-1.5193 Z-0.0221 I0. J-0.0193
Y-1.4807 Z-0.0324 I0. J0.0193
Y-1.5193 Z-0.0427 I0. J-0.0193
Y-1.4807 Z-0.053 I0. J0.0193
Y-1.5193 Z-0.0633 I0. J-0.0193
Y-1.4807 Z-0.0736 I0. J0.0193
Y-1.5193 Z-0.0839 I0. J-0.0193
Y-1.4807 Z-0.0942 I0. J0.0193
Y-1.5193 Z-0.1045 I0. J-0.0193
Y-1.4807 Z-0.1148 I0. J0.0193
Y-1.5193 Z-0.1251 I0. J-0.0193
Y-1.4807 Z-0.1354 I0. J0.0193
X-14.1916 Y-1.5188 Z-0.145 I0. J-0.0193
X-14.1834 Y-1.4812 I0.0041 J0.0188
X-14.1916 Y-1.5188 I-0.0041 J-0.0188
X-14.1801 Y-1.5115 I0.0021 J0.0094
G1 X-14.1785 Y-1.5038
X-14.1778 Y-1.5008 Z-0.1447
X-14.1772 Y-1.4979 Z-0.1438
X-14.1766 Y-1.4952 Z-0.1423
X-14.1761 Y-1.4929 Z-0.1404
X-14.1757 Y-1.491 Z-0.138
X-14.1754 Y-1.4895 Z-0.1353
X-14.1752 Y-1.4887 Z-0.1323
X-14.1751 Y-1.4884 Z-0.1292
G0 Z0.4
X-13.6779 Y-1.514
Z0.13
G1 Z0.0658 F40.
G19 G3 Y-1.4982 Z0.05 J0.0158 K0.
G1 Y-1.4904
G17 G3 X-13.6875 Y-1.4807 I-0.0096 J0.
Y-1.5192 Z0.0397 I0. J-0.0192
Y-1.4807 Z0.0294 I0. J0.0192
Y-1.5192 Z0.0191 I0. J-0.0192
Y-1.4807 Z0.0088 I0. J0.0192
Y-1.5192 Z-0.0015 I0. J-0.0192
Y-1.4807 Z-0.0118 I0. J0.0192
Y-1.5192 Z-0.0221 I0. J-0.0192
Y-1.4807 Z-0.0324 I0. J0.0192
Y-1.5192 Z-0.0427 I0. J-0.0192
Y-1.4807 Z-0.053 I0. J0.0193
Y-1.5192 Z-0.0633 I0. J-0.0193
Y-1.4807 Z-0.0736 I0. J0.0193
Y-1.5192 Z-0.0839 I0. J-0.0193
Y-1.4807 Z-0.0942 I0. J0.0193
Y-1.5192 Z-0.1045 I0. J-0.0193
Y-1.4807 Z-0.1148 I0. J0.0193
Y-1.5192 Z-0.1251 I0. J-0.0193
Y-1.4807 Z-0.1354 I0. J0.0193
X-13.6916 Y-1.5188 Z-0.145 I0. J-0.0193
X-13.6834 Y-1.4812 I0.0041 J0.0188
X-13.6916 Y-1.5188 I-0.0041 J-0.0188
X-13.6801 Y-1.5115 I0.0021 J0.0094
G1 X-13.6785 Y-1.5038
X-13.6778 Y-1.5008 Z-0.1447
X-13.6772 Y-1.4979 Z-0.1438
X-13.6766 Y-1.4952 Z-0.1423
X-13.6761 Y-1.4929 Z-0.1404
X-13.6757 Y-1.491 Z-0.138
X-13.6754 Y-1.4895 Z-0.1353
X-13.6752 Y-1.4887 Z-0.1323
X-13.6751 Y-1.4884 Z-0.1292
G0 Z0.4
X-13.1779 Y-1.514
Z0.13
G1 Z0.0658 F40.
G19 G3 Y-1.4982 Z0.05 J0.0158 K0.
G1 Y-1.4904
G17 G3 X-13.1875 Y-1.4807 I-0.0096 J0.
Y-1.5192 Z0.0397 I0. J-0.0192
Y-1.4807 Z0.0294 I0. J0.0192
Y-1.5192 Z0.0191 I0. J-0.0192
Y-1.4807 Z0.0088 I0. J0.0192
Y-1.5192 Z-0.0015 I0. J-0.0192
Y-1.4807 Z-0.0118 I0. J0.0192
Y-1.5192 Z-0.0221 I0. J-0.0192
Y-1.4807 Z-0.0324 I0. J0.0192
Y-1.5192 Z-0.0427 I0. J-0.0192
Y-1.4807 Z-0.053 I0. J0.0193
Y-1.5192 Z-0.0633 I0. J-0.0193
Y-1.4807 Z-0.0736 I0. J0.0193
Y-1.5192 Z-0.0839 I0. J-0.0193
Y-1.4807 Z-0.0942 I0. J0.0193
Y-1.5192 Z-0.1045 I0. J-0.0193
Y-1.4807 Z-0.1148 I0. J0.0193
Y-1.5192 Z-0.1251 I0. J-0.0193
Y-1.4807 Z-0.1354 I0. J0.0193
X-13.1916 Y-1.5188 Z-0.145 I0. J-0.0193
X-13.1834 Y-1.4812 I0.0041 J0.0188
X-13.1916 Y-1.5188 I-0.0041 J-0.0188
X-13.1801 Y-1.5115 I0.0021 J0.0094
G1 X-13.1785 Y-1.5038
X-13.1778 Y-1.5008 Z-0.1447
X-13.1772 Y-1.4979 Z-0.1438
X-13.1766 Y-1.4952 Z-0.1423
X-13.1761 Y-1.4929 Z-0.1404
X-13.1757 Y-1.491 Z-0.138
X-13.1754 Y-1.4895 Z-0.1353
X-13.1752 Y-1.4887 Z-0.1323
X-13.1751 Y-1.4884 Z-0.1292
G0 Z0.4
X-12.6779 Y-1.514
Z0.13
G1 Z0.0658 F40.
G19 G3 Y-1.4982 Z0.05 J0.0158 K0.
G1 Y-1.4904
G17 G3 X-12.6875 Y-1.4807 I-0.0096 J0.
Y-1.5192 Z0.0397 I0. J-0.0192
Y-1.4807 Z0.0294 I0. J0.0192
Y-1.5192 Z0.0191 I0. J-0.0192
Y-1.4807 Z0.0088 I0. J0.0192
Y-1.5192 Z-0.0015 I0. J-0.0192
Y-1.4807 Z-0.0118 I0. J0.0192
Y-1.5192 Z-0.0221 I0. J-0.0192
Y-1.4807 Z-0.0324 I0. J0.0192
Y-1.5192 Z-0.0427 I0. J-0.0192
Y-1.4807 Z-0.053 I0. J0.0193
Y-1.5192 Z-0.0633 I0. J-0.0193
Y-1.4807 Z-0.0736 I0. J0.0193
Y-1.5192 Z-0.0839 I0. J-0.0193
Y-1.4807 Z-0.0942 I0. J0.0193
Y-1.5192 Z-0.1045 I0. J-0.0193
Y-1.4807 Z-0.1148 I0. J0.0193
Y-1.5192 Z-0.1251 I0. J-0.0193
Y-1.4807 Z-0.1354 I0. J0.0193
X-12.6916 Y-1.5188 Z-0.145 I0. J-0.0193
X-12.6834 Y-1.4812 I0.0041 J0.0188
X-12.6916 Y-1.5188 I-0.0041 J-0.0188
X-12.6801 Y-1.5115 I0.0021 J0.0094
G1 X-12.6785 Y-1.5038
X-12.6778 Y-1.5008 Z-0.1447
X-12.6772 Y-1.4979 Z-0.1438
X-12.6766 Y-1.4952 Z-0.1423
X-12.6761 Y-1.4929 Z-0.1404
X-12.6757 Y-1.491 Z-0.138
X-12.6754 Y-1.4895 Z-0.1353
X-12.6752 Y-1.4887 Z-0.1323
X-12.6751 Y-1.4884 Z-0.1292
G0 Z0.4
X-12.1779 Y-1.514
Z0.13
G1 Z0.0658 F40.
G19 G3 Y-1.4982 Z0.05 J0.0158 K0.
G1 Y-1.4904
G17 G3 X-12.1875 Y-1.4807 I-0.0096 J0.
Y-1.5192 Z0.0397 I0. J-0.0192
Y-1.4807 Z0.0294 I0. J0.0192
Y-1.5192 Z0.0191 I0. J-0.0192
Y-1.4807 Z0.0088 I0. J0.0192
Y-1.5192 Z-0.0015 I0. J-0.0192
Y-1.4807 Z-0.0118 I0. J0.0192
Y-1.5192 Z-0.0221 I0. J-0.0192
Y-1.4807 Z-0.0324 I0. J0.0192
Y-1.5192 Z-0.0427 I0. J-0.0192
Y-1.4807 Z-0.053 I0. J0.0193
Y-1.5192 Z-0.0633 I0. J-0.0193
Y-1.4807 Z-0.0736 I0. J0.0193
Y-1.5192 Z-0.0839 I0. J-0.0193
Y-1.4807 Z-0.0942 I0. J0.0193
Y-1.5192 Z-0.1045 I0. J-0.0193
Y-1.4807 Z-0.1148 I0. J0.0193
Y-1.5192 Z-0.1251 I0. J-0.0193
Y-1.4807 Z-0.1354 I0. J0.0193
X-12.1916 Y-1.5188 Z-0.145 I0. J-0.0193
X-12.1834 Y-1.4812 I0.0041 J0.0188
X-12.1916 Y-1.5188 I-0.0041 J-0.0188
X-12.1801 Y-1.5115 I0.0021 J0.0094
G1 X-12.1785 Y-1.5038
X-12.1778 Y-1.5008 Z-0.1447
X-12.1772 Y-1.4979 Z-0.1438
X-12.1766 Y-1.4952 Z-0.1423
X-12.1761 Y-1.4929 Z-0.1404
X-12.1757 Y-1.491 Z-0.138
X-12.1754 Y-1.4895 Z-0.1353
X-12.1752 Y-1.4887 Z-0.1323
X-12.1751 Y-1.4884 Z-0.1292
G0 Z0.4
X-11.6779 Y-1.514
Z0.13
G1 Z0.0658 F40.
G19 G3 Y-1.4982 Z0.05 J0.0158 K0.
G1 Y-1.4904
G17 G3 X-11.6875 Y-1.4807 I-0.0096 J0.
Y-1.5192 Z0.0397 I0. J-0.0192
Y-1.4807 Z0.0294 I0. J0.0192
Y-1.5192 Z0.0191 I0. J-0.0192
Y-1.4807 Z0.0088 I0. J0.0193
Y-1.5192 Z-0.0015 I0. J-0.0193
Y-1.4807 Z-0.0118 I0. J0.0193
Y-1.5193 Z-0.0221 I0. J-0.0193
Y-1.4807 Z-0.0324 I0. J0.0193
Y-1.5193 Z-0.0427 I0. J-0.0193
Y-1.4807 Z-0.053 I0. J0.0193
Y-1.5193 Z-0.0633 I0. J-0.0193
Y-1.4807 Z-0.0736 I0. J0.0193
Y-1.5193 Z-0.0839 I0. J-0.0193
Y-1.4807 Z-0.0942 I0. J0.0193
Y-1.5193 Z-0.1045 I0. J-0.0193
Y-1.4807 Z-0.1148 I0. J0.0193
Y-1.5193 Z-0.1251 I0. J-0.0193
Y-1.4807 Z-0.1354 I0. J0.0193
X-11.6916 Y-1.5188 Z-0.145 I0. J-0.0193
X-11.6834 Y-1.4812 I0.0041 J0.0188
X-11.6916 Y-1.5188 I-0.0041 J-0.0188
X-11.6801 Y-1.5115 I0.0021 J0.0094
G1 X-11.6785 Y-1.5038
X-11.6778 Y-1.5008 Z-0.1447
X-11.6772 Y-1.4979 Z-0.1438
X-11.6766 Y-1.4952 Z-0.1423
X-11.6761 Y-1.4929 Z-0.1404
X-11.6757 Y-1.491 Z-0.138
X-11.6754 Y-1.4895 Z-0.1353
X-11.6752 Y-1.4887 Z-0.1323
X-11.6751 Y-1.4884 Z-0.1292
G0 Z0.4
X-11.1779 Y-1.514
Z0.13
G1 Z0.0658 F40.
G19 G3 Y-1.4982 Z0.05 J0.0158 K0.
G1 Y-1.4904
G17 G3 X-11.1875 Y-1.4807 I-0.0096 J0.
Y-1.5192 Z0.0397 I0. J-0.0192
Y-1.4807 Z0.0294 I0. J0.0192
Y-1.5192 Z0.0191 I0. J-0.0192
Y-1.4807 Z0.0088 I0. J0.0192
Y-1.5192 Z-0.0015 I0. J-0.0192
Y-1.4807 Z-0.0118 I0. J0.0192
Y-1.5192 Z-0.0221 I0. J-0.0192
Y-1.4807 Z-0.0324 I0. J0.0192
Y-1.5192 Z-0.0427 I0. J-0.0192
Y-1.4807 Z-0.053 I0. J0.0193
Y-1.5192 Z-0.0633 I0. J-0.0193
Y-1.4807 Z-0.0736 I0. J0.0193
Y-1.5192 Z-0.0839 I0. J-0.0193
Y-1.4807 Z-0.0942 I0. J0.0193
Y-1.5192 Z-0.1045 I0. J-0.0193
Y-1.4807 Z-0.1148 I0. J0.0193
Y-1.5192 Z-0.1251 I0. J-0.0193
Y-1.4807 Z-0.1354 I0. J0.0193
X-11.1916 Y-1.5188 Z-0.145 I0. J-0.0193
X-11.1834 Y-1.4812 I0.0041 J0.0188
X-11.1916 Y-1.5188 I-0.0041 J-0.0188
X-11.1801 Y-1.5115 I0.0021 J0.0094
G1 X-11.1785 Y-1.5038
X-11.1778 Y-1.5008 Z-0.1447
X-11.1772 Y-1.4979 Z-0.1438
X-11.1766 Y-1.4952 Z-0.1423
X-11.1761 Y-1.4929 Z-0.1404
X-11.1757 Y-1.491 Z-0.138
X-11.1754 Y-1.4895 Z-0.1353
X-11.1752 Y-1.4887 Z-0.1323
X-11.1751 Y-1.4884 Z-0.1292
G0 Z0.4
X-10.6779 Y-1.514
Z0.13
G1 Z0.0658 F40.
G19 G3 Y-1.4982 Z0.05 J0.0158 K0.
G1 Y-1.4904
G17 G3 X-10.6875 Y-1.4807 I-0.0096 J0.
Y-1.5192 Z0.0397 I0. J-0.0192
Y-1.4807 Z0.0294 I0. J0.0192
Y-1.5192 Z0.0191 I0. J-0.0192
Y-1.4807 Z0.0088 I0. J0.0192
Y-1.5192 Z-0.0015 I0. J-0.0192
Y-1.4807 Z-0.0118 I0. J0.0192
Y-1.5192 Z-0.0221 I0. J-0.0192
Y-1.4807 Z-0.0324 I0. J0.0192
Y-1.5192 Z-0.0427 I0. J-0.0192
Y-1.4807 Z-0.053 I0. J0.0193
Y-1.5192 Z-0.0633 I0. J-0.0193
Y-1.4807 Z-0.0736 I0. J0.0193
Y-1.5192 Z-0.0839 I0. J-0.0193
Y-1.4807 Z-0.0942 I0. J0.0193
Y-1.5192 Z-0.1045 I0. J-0.0193
Y-1.4807 Z-0.1148 I0. J0.0193
Y-1.5192 Z-0.1251 I0. J-0.0193
Y-1.4807 Z-0.1354 I0. J0.0193
X-10.6916 Y-1.5188 Z-0.145 I0. J-0.0193
X-10.6834 Y-1.4812 I0.0041 J0.0188
X-10.6916 Y-1.5188 I-0.0041 J-0.0188
X-10.6801 Y-1.5115 I0.0021 J0.0094
G1 X-10.6785 Y-1.5038
X-10.6778 Y-1.5008 Z-0.1447
X-10.6772 Y-1.4979 Z-0.1438
X-10.6766 Y-1.4952 Z-0.1423
X-10.6761 Y-1.4929 Z-0.1404
X-10.6757 Y-1.491 Z-0.138
X-10.6754 Y-1.4895 Z-0.1353
X-10.6752 Y-1.4887 Z-0.1323
X-10.6751 Y-1.4884 Z-0.1292
G0 Z0.4
X-10.1779 Y-1.514
Z0.13
G1 Z0.0658 F40.
G19 G3 Y-1.4982 Z0.05 J0.0158 K0.
G1 Y-1.4904
G17 G3 X-10.1875 Y-1.4807 I-0.0096 J0.
Y-1.5192 Z0.0397 I0. J-0.0192
Y-1.4807 Z0.0294 I0. J0.0192
Y-1.5192 Z0.0191 I0. J-0.0192
Y-1.4807 Z0.0088 I0. J0.0192
Y-1.5192 Z-0.0015 I0. J-0.0192
Y-1.4807 Z-0.0118 I0. J0.0192
Y-1.5192 Z-0.0221 I0. J-0.0192
Y-1.4807 Z-0.0324 I0. J0.0192
Y-1.5192 Z-0.0427 I0. J-0.0192
Y-1.4807 Z-0.053 I0. J0.0193
Y-1.5192 Z-0.0633 I0. J-0.0193
Y-1.4807 Z-0.0736 I0. J0.0193
Y-1.5192 Z-0.0839 I0. J-0.0193
Y-1.4807 Z-0.0942 I0. J0.0193
Y-1.5192 Z-0.1045 I0. J-0.0193
Y-1.4807 Z-0.1148 I0. J0.0193
Y-1.5192 Z-0.1251 I0. J-0.0193
Y-1.4807 Z-0.1354 I0. J0.0193
X-10.1916 Y-1.5188 Z-0.145 I0. J-0.0193
X-10.1834 Y-1.4812 I0.0041 J0.0188
X-10.1916 Y-1.5188 I-0.0041 J-0.0188
X-10.1801 Y-1.5115 I0.0021 J0.0094
G1 X-10.1785 Y-1.5038
X-10.1778 Y-1.5008 Z-0.1447
X-10.1772 Y-1.4979 Z-0.1438
X-10.1766 Y-1.4952 Z-0.1423
X-10.1761 Y-1.4929 Z-0.1404
X-10.1757 Y-1.491 Z-0.138
X-10.1754 Y-1.4895 Z-0.1353
X-10.1752 Y-1.4887 Z-0.1323
X-10.1751 Y-1.4884 Z-0.1292
G0 Z0.4
X-9.6779 Y-1.514
Z0.13
G1 Z0.0658 F40.
G19 G3 Y-1.4982 Z0.05 J0.0158 K0.
G1 Y-1.4904
G17 G3 X-9.6875 Y-1.4807 I-0.0096 J0.
Y-1.5192 Z0.0397 I0. J-0.0192
Y-1.4807 Z0.0294 I0. J0.0192
Y-1.5192 Z0.0191 I0. J-0.0192
Y-1.4807 Z0.0088 I0. J0.0192
Y-1.5192 Z-0.0015 I0. J-0.0193
Y-1.4807 Z-0.0118 I0. J0.0193
Y-1.5192 Z-0.0221 I0. J-0.0193
Y-1.4807 Z-0.0324 I0. J0.0193
Y-1.5193 Z-0.0427 I0. J-0.0193
Y-1.4807 Z-0.053 I0. J0.0193
Y-1.5193 Z-0.0633 I0. J-0.0193
Y-1.4807 Z-0.0736 I0. J0.0193
Y-1.5193 Z-0.0839 I0. J-0.0193
Y-1.4807 Z-0.0942 I0. J0.0193
Y-1.5193 Z-0.1045 I0. J-0.0193
Y-1.4807 Z-0.1148 I0. J0.0193
Y-1.5193 Z-0.1251 I0. J-0.0193
Y-1.4807 Z-0.1354 I0. J0.0193
X-9.6916 Y-1.5188 Z-0.145 I0. J-0.0193
X-9.6834 Y-1.4812 I0.0041 J0.0188
X-9.6916 Y-1.5188 I-0.0041 J-0.0188
X-9.6801 Y-1.5115 I0.0021 J0.0094
G1 X-9.6785 Y-1.5038
X-9.6778 Y-1.5008 Z-0.1447
X-9.6772 Y-1.4979 Z-0.1438
X-9.6766 Y-1.4952 Z-0.1423
X-9.6761 Y-1.4929 Z-0.1404
X-9.6757 Y-1.491 Z-0.138
X-9.6754 Y-1.4895 Z-0.1353
X-9.6752 Y-1.4887 Z-0.1323
X-9.6751 Y-1.4884 Z-0.1292
G0 Z0.4
X-9.1779 Y-1.514
Z0.13
G1 Z0.0658 F40.
G19 G3 Y-1.4982 Z0.05 J0.0158 K0.
G1 Y-1.4904
G17 G3 X-9.1875 Y-1.4807 I-0.0096 J0.
Y-1.5192 Z0.0397 I0. J-0.0192
Y-1.4807 Z0.0294 I0. J0.0192
Y-1.5192 Z0.0191 I0. J-0.0192
Y-1.4807 Z0.0088 I0. J0.0192
Y-1.5192 Z-0.0015 I0. J-0.0192
Y-1.4807 Z-0.0118 I0. J0.0192
Y-1.5192 Z-0.0221 I0. J-0.0192
Y-1.4807 Z-0.0324 I0. J0.0192
Y-1.5192 Z-0.0427 I0. J-0.0192
Y-1.4807 Z-0.053 I0. J0.0193
Y-1.5192 Z-0.0633 I0. J-0.0193
Y-1.4807 Z-0.0736 I0. J0.0193
Y-1.5192 Z-0.0839 I0. J-0.0193
Y-1.4807 Z-0.0942 I0. J0.0193
Y-1.5192 Z-0.1045 I0. J-0.0193
Y-1.4807 Z-0.1148 I0. J0.0193
Y-1.5192 Z-0.1251 I0. J-0.0193
Y-1.4807 Z-0.1354 I0. J0.0193
X-9.1916 Y-1.5188 Z-0.145 I0. J-0.0193
X-9.1834 Y-1.4812 I0.0041 J0.0188
X-9.1916 Y-1.5188 I-0.0041 J-0.0188
X-9.1801 Y-1.5115 I0.0021 J0.0094
G1 X-9.1785 Y-1.5038
X-9.1778 Y-1.5008 Z-0.1447
X-9.1772 Y-1.4979 Z-0.1438
X-9.1766 Y-1.4952 Z-0.1423
X-9.1761 Y-1.4929 Z-0.1404
X-9.1757 Y-1.491 Z-0.138
X-9.1754 Y-1.4895 Z-0.1353
X-9.1752 Y-1.4887 Z-0.1323
X-9.1751 Y-1.4884 Z-0.1292
G0 Z0.4
X-8.6779 Y-1.514
Z0.13
G1 Z0.0658 F40.
G19 G3 Y-1.4982 Z0.05 J0.0158 K0.
G1 Y-1.4904
G17 G3 X-8.6875 Y-1.4807 I-0.0096 J0.
Y-1.5192 Z0.0397 I0. J-0.0192
Y-1.4807 Z0.0294 I0. J0.0192
Y-1.5192 Z0.0191 I0. J-0.0192
Y-1.4807 Z0.0088 I0. J0.0192
Y-1.5192 Z-0.0015 I0. J-0.0192
Y-1.4807 Z-0.0118 I0. J0.0192
Y-1.5192 Z-0.0221 I0. J-0.0192
Y-1.4807 Z-0.0324 I0. J0.0192
Y-1.5192 Z-0.0427 I0. J-0.0192
Y-1.4807 Z-0.053 I0. J0.0193
Y-1.5192 Z-0.0633 I0. J-0.0193
Y-1.4807 Z-0.0736 I0. J0.0193
Y-1.5192 Z-0.0839 I0. J-0.0193
Y-1.4807 Z-0.0942 I0. J0.0193
Y-1.5192 Z-0.1045 I0. J-0.0193
Y-1.4807 Z-0.1148 I0. J0.0193
Y-1.5192 Z-0.1251 I0. J-0.0193
Y-1.4807 Z-0.1354 I0. J0.0193
X-8.6916 Y-1.5188 Z-0.145 I0. J-0.0193
X-8.6834 Y-1.4812 I0.0041 J0.0188
X-8.6916 Y-1.5188 I-0.0041 J-0.0188
X-8.6801 Y-1.5115 I0.0021 J0.0094
G1 X-8.6785 Y-1.5038
X-8.6778 Y-1.5008 Z-0.1447
X-8.6772 Y-1.4979 Z-0.1438
X-8.6766 Y-1.4952 Z-0.1423
X-8.6761 Y-1.4929 Z-0.1404
X-8.6757 Y-1.491 Z-0.138
X-8.6754 Y-1.4895 Z-0.1353
X-8.6752 Y-1.4887 Z-0.1323
X-8.6751 Y-1.4884 Z-0.1292
G0 Z0.4
X-8.1779 Y-1.514
Z0.13
G1 Z0.0658 F40.
G19 G3 Y-1.4982 Z0.05 J0.0158 K0.
G1 Y-1.4904
G17 G3 X-8.1875 Y-1.4807 I-0.0096 J0.
Y-1.5192 Z0.0397 I0. J-0.0192
Y-1.4807 Z0.0294 I0. J0.0192
Y-1.5192 Z0.0191 I0. J-0.0192
Y-1.4807 Z0.0088 I0. J0.0192
Y-1.5192 Z-0.0015 I0. J-0.0193
Y-1.4807 Z-0.0118 I0. J0.0193
Y-1.5192 Z-0.0221 I0. J-0.0193
Y-1.4807 Z-0.0324 I0. J0.0193
Y-1.5193 Z-0.0427 I0. J-0.0193
Y-1.4807 Z-0.053 I0. J0.0193
Y-1.5193 Z-0.0633 I0. J-0.0193
Y-1.4807 Z-0.0736 I0. J0.0193
Y-1.5193 Z-0.0839 I0. J-0.0193
Y-1.4807 Z-0.0942 I0. J0.0193
Y-1.5193 Z-0.1045 I0. J-0.0193
Y-1.4807 Z-0.1148 I0. J0.0193
Y-1.5193 Z-0.1251 I0. J-0.0193
Y-1.4807 Z-0.1354 I0. J0.0193
X-8.1916 Y-1.5188 Z-0.145 I0. J-0.0193
X-8.1834 Y-1.4812 I0.0041 J0.0188
X-8.1916 Y-1.5188 I-0.0041 J-0.0188
X-8.1801 Y-1.5115 I0.0021 J0.0094
G1 X-8.1785 Y-1.5038
X-8.1778 Y-1.5008 Z-0.1447
X-8.1772 Y-1.4979 Z-0.1438
X-8.1766 Y-1.4952 Z-0.1423
X-8.1761 Y-1.4929 Z-0.1404
X-8.1757 Y-1.491 Z-0.138
X-8.1754 Y-1.4895 Z-0.1353
X-8.1752 Y-1.4887 Z-0.1323
X-8.1751 Y-1.4884 Z-0.1292
G0 Z0.4
X-7.6779 Y-1.514
Z0.13
G1 Z0.0658 F40.
G19 G3 Y-1.4982 Z0.05 J0.0158 K0.
G1 Y-1.4904
G17 G3 X-7.6875 Y-1.4807 I-0.0096 J0.
Y-1.5192 Z0.0397 I0. J-0.0192
Y-1.4807 Z0.0294 I0. J0.0192
Y-1.5192 Z0.0191 I0. J-0.0192
Y-1.4807 Z0.0088 I0. J0.0192
Y-1.5192 Z-0.0015 I0. J-0.0193
Y-1.4807 Z-0.0118 I0. J0.0193
Y-1.5192 Z-0.0221 I0. J-0.0193
Y-1.4807 Z-0.0324 I0. J0.0193
Y-1.5193 Z-0.0427 I0. J-0.0193
Y-1.4807 Z-0.053 I0. J0.0193
Y-1.5193 Z-0.0633 I0. J-0.0193
Y-1.4807 Z-0.0736 I0. J0.0193
Y-1.5193 Z-0.0839 I0. J-0.0193
Y-1.4807 Z-0.0942 I0. J0.0193
Y-1.5193 Z-0.1045 I0. J-0.0193
Y-1.4807 Z-0.1148 I0. J0.0193
Y-1.5193 Z-0.1251 I0. J-0.0193
Y-1.4807 Z-0.1354 I0. J0.0193
X-7.6916 Y-1.5188 Z-0.145 I0. J-0.0193
X-7.6834 Y-1.4812 I0.0041 J0.0188
X-7.6916 Y-1.5188 I-0.0041 J-0.0188
X-7.6801 Y-1.5115 I0.0021 J0.0094
G1 X-7.6785 Y-1.5038
X-7.6778 Y-1.5008 Z-0.1447
X-7.6772 Y-1.4979 Z-0.1438
X-7.6766 Y-1.4952 Z-0.1423
X-7.6761 Y-1.4929 Z-0.1404
X-7.6757 Y-1.491 Z-0.138
X-7.6754 Y-1.4895 Z-0.1353
X-7.6752 Y-1.4887 Z-0.1323
X-7.6751 Y-1.4884 Z-0.1292
G0 Z0.4
X-7.1779 Y-1.514
Z0.13
G1 Z0.0658 F40.
G19 G3 Y-1.4982 Z0.05 J0.0158 K0.
G1 Y-1.4904
G17 G3 X-7.1875 Y-1.4807 I-0.0096 J0.
Y-1.5192 Z0.0397 I0. J-0.0192
Y-1.4807 Z0.0294 I0. J0.0192
Y-1.5192 Z0.0191 I0. J-0.0192
Y-1.4807 Z0.0088 I0. J0.0192
Y-1.5192 Z-0.0015 I0. J-0.0193
Y-1.4807 Z-0.0118 I0. J0.0193
Y-1.5192 Z-0.0221 I0. J-0.0193
Y-1.4807 Z-0.0324 I0. J0.0193
Y-1.5193 Z-0.0427 I0. J-0.0193
Y-1.4807 Z-0.053 I0. J0.0193
Y-1.5193 Z-0.0633 I0. J-0.0193
Y-1.4807 Z-0.0736 I0. J0.0193
Y-1.5193 Z-0.0839 I0. J-0.0193
Y-1.4807 Z-0.0942 I0. J0.0193
Y-1.5193 Z-0.1045 I0. J-0.0193
Y-1.4807 Z-0.1148 I0. J0.0193
Y-1.5193 Z-0.1251 I0. J-0.0193
Y-1.4807 Z-0.1354 I0. J0.0193
X-7.1916 Y-1.5188 Z-0.145 I0. J-0.0193
X-7.1834 Y-1.4812 I0.0041 J0.0188
X-7.1916 Y-1.5188 I-0.0041 J-0.0188
X-7.1801 Y-1.5115 I0.0021 J0.0094
G1 X-7.1785 Y-1.5038
X-7.1778 Y-1.5008 Z-0.1447
X-7.1772 Y-1.4979 Z-0.1438
X-7.1766 Y-1.4952 Z-0.1423
X-7.1761 Y-1.4929 Z-0.1404
X-7.1757 Y-1.491 Z-0.138
X-7.1754 Y-1.4895 Z-0.1353
X-7.1752 Y-1.4887 Z-0.1323
X-7.1751 Y-1.4884 Z-0.1292
G0 Z0.4
X-6.6779 Y-1.514
Z0.13
G1 Z0.0658 F40.
G19 G3 Y-1.4982 Z0.05 J0.0158 K0.
G1 Y-1.4904
G17 G3 X-6.6875 Y-1.4807 I-0.0096 J0.
Y-1.5192 Z0.0397 I0. J-0.0192
Y-1.4807 Z0.0294 I0. J0.0192
Y-1.5192 Z0.0191 I0. J-0.0192
Y-1.4807 Z0.0088 I0. J0.0192
Y-1.5192 Z-0.0015 I0. J-0.0192
Y-1.4807 Z-0.0118 I0. J0.0192
Y-1.5192 Z-0.0221 I0. J-0.0192
Y-1.4807 Z-0.0324 I0. J0.0192
Y-1.5192 Z-0.0427 I0. J-0.0192
Y-1.4807 Z-0.053 I0. J0.0193
Y-1.5192 Z-0.0633 I0. J-0.0193
Y-1.4807 Z-0.0736 I0. J0.0193
Y-1.5192 Z-0.0839 I0. J-0.0193
Y-1.4807 Z-0.0942 I0. J0.0193
Y-1.5192 Z-0.1045 I0. J-0.0193
Y-1.4807 Z-0.1148 I0. J0.0193
Y-1.5192 Z-0.1251 I0. J-0.0193
Y-1.4807 Z-0.1354 I0. J0.0193
X-6.6916 Y-1.5188 Z-0.145 I0. J-0.0193
X-6.6834 Y-1.4812 I0.0041 J0.0188
X-6.6916 Y-1.5188 I-0.0041 J-0.0188
X-6.6801 Y-1.5115 I0.0021 J0.0094
G1 X-6.6785 Y-1.5038
X-6.6778 Y-1.5008 Z-0.1447
X-6.6772 Y-1.4979 Z-0.1438
X-6.6766 Y-1.4952 Z-0.1423
X-6.6761 Y-1.4929 Z-0.1404
X-6.6757 Y-1.491 Z-0.138
X-6.6754 Y-1.4895 Z-0.1353
X-6.6752 Y-1.4887 Z-0.1323
X-6.6751 Y-1.4884 Z-0.1292
G0 Z0.4
X-5.6779 Y-1.514
Z0.13
G1 Z0.0658 F40.
G19 G3 Y-1.4982 Z0.05 J0.0158 K0.
G1 Y-1.4904
G17 G3 X-5.6875 Y-1.4807 I-0.0096 J0.
Y-1.5192 Z0.0397 I0. J-0.0192
Y-1.4807 Z0.0294 I0. J0.0192
Y-1.5192 Z0.0191 I0. J-0.0192
Y-1.4807 Z0.0088 I0. J0.0192
Y-1.5192 Z-0.0015 I0. J-0.0193
Y-1.4807 Z-0.0118 I0. J0.0193
Y-1.5192 Z-0.0221 I0. J-0.0193
Y-1.4807 Z-0.0324 I0. J0.0193
Y-1.5193 Z-0.0427 I0. J-0.0193
Y-1.4807 Z-0.053 I0. J0.0193
Y-1.5193 Z-0.0633 I0. J-0.0193
Y-1.4807 Z-0.0736 I0. J0.0193
Y-1.5193 Z-0.0839 I0. J-0.0193
Y-1.4807 Z-0.0942 I0. J0.0193
Y-1.5193 Z-0.1045 I0. J-0.0193
Y-1.4807 Z-0.1148 I0. J0.0193
Y-1.5193 Z-0.1251 I0. J-0.0193
Y-1.4807 Z-0.1354 I0. J0.0193
X-5.6916 Y-1.5188 Z-0.145 I0. J-0.0193
X-5.6834 Y-1.4812 I0.0041 J0.0188
X-5.6916 Y-1.5188 I-0.0041 J-0.0188
X-5.6801 Y-1.5115 I0.0021 J0.0094
G1 X-5.6785 Y-1.5038
X-5.6778 Y-1.5008 Z-0.1447
X-5.6772 Y-1.4979 Z-0.1438
X-5.6766 Y-1.4952 Z-0.1423
X-5.6761 Y-1.4929 Z-0.1404
X-5.6757 Y-1.491 Z-0.138
X-5.6754 Y-1.4895 Z-0.1353
X-5.6752 Y-1.4887 Z-0.1323
X-5.6751 Y-1.4884 Z-0.1292
G0 Z0.4
X-5.1779 Y-1.514
Z0.13
G1 Z0.0658 F40.
G19 G3 Y-1.4982 Z0.05 J0.0158 K0.
G1 Y-1.4904
G17 G3 X-5.1875 Y-1.4807 I-0.0096 J0.
Y-1.5192 Z0.0397 I0. J-0.0192
Y-1.4807 Z0.0294 I0. J0.0192
Y-1.5192 Z0.0191 I0. J-0.0192
Y-1.4807 Z0.0088 I0. J0.0192
Y-1.5192 Z-0.0015 I0. J-0.0193
Y-1.4807 Z-0.0118 I0. J0.0193
Y-1.5192 Z-0.0221 I0. J-0.0193
Y-1.4807 Z-0.0324 I0. J0.0193
Y-1.5193 Z-0.0427 I0. J-0.0193
Y-1.4807 Z-0.053 I0. J0.0193
Y-1.5193 Z-0.0633 I0. J-0.0193
Y-1.4807 Z-0.0736 I0. J0.0193
Y-1.5193 Z-0.0839 I0. J-0.0193
Y-1.4807 Z-0.0942 I0. J0.0193
Y-1.5193 Z-0.1045 I0. J-0.0193
Y-1.4807 Z-0.1148 I0. J0.0193
Y-1.5193 Z-0.1251 I0. J-0.0193
Y-1.4807 Z-0.1354 I0. J0.0193
X-5.1916 Y-1.5188 Z-0.145 I0. J-0.0193
X-5.1834 Y-1.4812 I0.0041 J0.0188
X-5.1916 Y-1.5188 I-0.0041 J-0.0188
X-5.1801 Y-1.5115 I0.0021 J0.0094
G1 X-5.1785 Y-1.5038
X-5.1778 Y-1.5008 Z-0.1447
X-5.1772 Y-1.4979 Z-0.1438
X-5.1766 Y-1.4952 Z-0.1423
X-5.1761 Y-1.4929 Z-0.1404
X-5.1757 Y-1.491 Z-0.138
X-5.1754 Y-1.4895 Z-0.1353
X-5.1752 Y-1.4887 Z-0.1323
X-5.1751 Y-1.4884 Z-0.1292
G0 Z0.4
X-4.6779 Y-1.514
Z0.13
G1 Z0.0658 F40.
G19 G3 Y-1.4982 Z0.05 J0.0158 K0.
G1 Y-1.4904
G17 G3 X-4.6875 Y-1.4807 I-0.0096 J0.
Y-1.5192 Z0.0397 I0. J-0.0192
Y-1.4807 Z0.0294 I0. J0.0192
Y-1.5192 Z0.0191 I0. J-0.0192
Y-1.4807 Z0.0088 I0. J0.0192
Y-1.5192 Z-0.0015 I0. J-0.0192
Y-1.4807 Z-0.0118 I0. J0.0192
Y-1.5192 Z-0.0221 I0. J-0.0193
Y-1.4807 Z-0.0324 I0. J0.0193
Y-1.5192 Z-0.0427 I0. J-0.0193
Y-1.4807 Z-0.053 I0. J0.0193
Y-1.5192 Z-0.0633 I0. J-0.0193
Y-1.4807 Z-0.0736 I0. J0.0193
Y-1.5193 Z-0.0839 I0. J-0.0193
Y-1.4807 Z-0.0942 I0. J0.0193
Y-1.5193 Z-0.1045 I0. J-0.0193
Y-1.4807 Z-0.1148 I0. J0.0193
Y-1.5193 Z-0.1251 I0. J-0.0193
Y-1.4807 Z-0.1354 I0. J0.0193
X-4.6916 Y-1.5188 Z-0.145 I0. J-0.0193
X-4.6834 Y-1.4812 I0.0041 J0.0188
X-4.6916 Y-1.5188 I-0.0041 J-0.0188
X-4.6801 Y-1.5115 I0.0021 J0.0094
G1 X-4.6785 Y-1.5038
X-4.6778 Y-1.5008 Z-0.1447
X-4.6772 Y-1.4979 Z-0.1438
X-4.6766 Y-1.4952 Z-0.1423
X-4.6761 Y-1.4929 Z-0.1404
X-4.6757 Y-1.491 Z-0.138
X-4.6754 Y-1.4895 Z-0.1353
X-4.6752 Y-1.4887 Z-0.1323
X-4.6751 Y-1.4884 Z-0.1292
G0 Z0.4
X-4.1779 Y-1.514
Z0.13
G1 Z0.0658 F40.
G19 G3 Y-1.4982 Z0.05 J0.0158 K0.
G1 Y-1.4904
G17 G3 X-4.1875 Y-1.4807 I-0.0096 J0.
Y-1.5192 Z0.0397 I0. J-0.0192
Y-1.4807 Z0.0294 I0. J0.0192
Y-1.5192 Z0.0191 I0. J-0.0192
Y-1.4807 Z0.0088 I0. J0.0192
Y-1.5192 Z-0.0015 I0. J-0.0192
Y-1.4807 Z-0.0118 I0. J0.0192
Y-1.5192 Z-0.0221 I0. J-0.0193
Y-1.4807 Z-0.0324 I0. J0.0193
Y-1.5192 Z-0.0427 I0. J-0.0193
Y-1.4807 Z-0.053 I0. J0.0193
Y-1.5192 Z-0.0633 I0. J-0.0193
Y-1.4807 Z-0.0736 I0. J0.0193
Y-1.5193 Z-0.0839 I0. J-0.0193
Y-1.4807 Z-0.0942 I0. J0.0193
Y-1.5193 Z-0.1045 I0. J-0.0193
Y-1.4807 Z-0.1148 I0. J0.0193
Y-1.5193 Z-0.1251 I0. J-0.0193
Y-1.4807 Z-0.1354 I0. J0.0193
X-4.1916 Y-1.5188 Z-0.145 I0. J-0.0193
X-4.1834 Y-1.4812 I0.0041 J0.0188
X-4.1916 Y-1.5188 I-0.0041 J-0.0188
X-4.1801 Y-1.5115 I0.0021 J0.0094
G1 X-4.1785 Y-1.5038
X-4.1778 Y-1.5008 Z-0.1447
X-4.1772 Y-1.4979 Z-0.1438
X-4.1766 Y-1.4952 Z-0.1423
X-4.1761 Y-1.4929 Z-0.1404
X-4.1757 Y-1.491 Z-0.138
X-4.1754 Y-1.4895 Z-0.1353
X-4.1752 Y-1.4887 Z-0.1323
X-4.1751 Y-1.4884 Z-0.1292
G0 Z0.4
X-3.6779 Y-1.514
Z0.13
G1 Z0.0658 F40.
G19 G3 Y-1.4982 Z0.05 J0.0158 K0.
G1 Y-1.4904
G17 G3 X-3.6875 Y-1.4807 I-0.0096 J0.
Y-1.5192 Z0.0397 I0. J-0.0192
Y-1.4807 Z0.0294 I0. J0.0192
Y-1.5192 Z0.0191 I0. J-0.0192
Y-1.4807 Z0.0088 I0. J0.0192
Y-1.5192 Z-0.0015 I0. J-0.0192
Y-1.4807 Z-0.0118 I0. J0.0192
Y-1.5192 Z-0.0221 I0. J-0.0193
Y-1.4807 Z-0.0324 I0. J0.0193
Y-1.5192 Z-0.0427 I0. J-0.0193
Y-1.4807 Z-0.053 I0. J0.0193
Y-1.5192 Z-0.0633 I0. J-0.0193
Y-1.4807 Z-0.0736 I0. J0.0193
Y-1.5193 Z-0.0839 I0. J-0.0193
Y-1.4807 Z-0.0942 I0. J0.0193
Y-1.5193 Z-0.1045 I0. J-0.0193
Y-1.4807 Z-0.1148 I0. J0.0193
Y-1.5193 Z-0.1251 I0. J-0.0193
Y-1.4807 Z-0.1354 I0. J0.0193
X-3.6916 Y-1.5188 Z-0.145 I0. J-0.0193
X-3.6834 Y-1.4812 I0.0041 J0.0188
X-3.6916 Y-1.5188 I-0.0041 J-0.0188
X-3.6801 Y-1.5115 I0.0021 J0.0094
G1 X-3.6785 Y-1.5038
X-3.6778 Y-1.5008 Z-0.1447
X-3.6772 Y-1.4979 Z-0.1438
X-3.6766 Y-1.4952 Z-0.1423
X-3.6761 Y-1.4929 Z-0.1404
X-3.6757 Y-1.491 Z-0.138
X-3.6754 Y-1.4895 Z-0.1353
X-3.6752 Y-1.4887 Z-0.1323
X-3.6751 Y-1.4884 Z-0.1292
G0 Z0.4
X-3.1779 Y-1.514
Z0.13
G1 Z0.0658 F40.
G19 G3 Y-1.4982 Z0.05 J0.0158 K0.
G1 Y-1.4904
G17 G3 X-3.1875 Y-1.4807 I-0.0096 J0.
Y-1.5192 Z0.0397 I0. J-0.0192
Y-1.4807 Z0.0294 I0. J0.0192
Y-1.5192 Z0.0191 I0. J-0.0192
Y-1.4807 Z0.0088 I0. J0.0192
Y-1.5192 Z-0.0015 I0. J-0.0192
Y-1.4807 Z-0.0118 I0. J0.0192
Y-1.5192 Z-0.0221 I0. J-0.0193
Y-1.4807 Z-0.0324 I0. J0.0193
Y-1.5192 Z-0.0427 I0. J-0.0193
Y-1.4807 Z-0.053 I0. J0.0193
Y-1.5192 Z-0.0633 I0. J-0.0193
Y-1.4807 Z-0.0736 I0. J0.0193
Y-1.5193 Z-0.0839 I0. J-0.0193
Y-1.4807 Z-0.0942 I0. J0.0193
Y-1.5193 Z-0.1045 I0. J-0.0193
Y-1.4807 Z-0.1148 I0. J0.0193
Y-1.5193 Z-0.1251 I0. J-0.0193
Y-1.4807 Z-0.1354 I0. J0.0193
X-3.1916 Y-1.5188 Z-0.145 I0. J-0.0193
X-3.1834 Y-1.4812 I0.0041 J0.0188
X-3.1916 Y-1.5188 I-0.0041 J-0.0188
X-3.1801 Y-1.5115 I0.0021 J0.0094
G1 X-3.1785 Y-1.5038
X-3.1778 Y-1.5008 Z-0.1447
X-3.1772 Y-1.4979 Z-0.1438
X-3.1766 Y-1.4952 Z-0.1423
X-3.1761 Y-1.4929 Z-0.1404
X-3.1757 Y-1.491 Z-0.138
X-3.1754 Y-1.4895 Z-0.1353
X-3.1752 Y-1.4887 Z-0.1323
X-3.1751 Y-1.4884 Z-0.1292
G0 Z0.4
X-2.6779 Y-1.514
Z0.13
G1 Z0.0658 F40.
G19 G3 Y-1.4982 Z0.05 J0.0158 K0.
G1 Y-1.4904
G17 G3 X-2.6875 Y-1.4807 I-0.0096 J0.
Y-1.5192 Z0.0397 I0. J-0.0192
Y-1.4807 Z0.0294 I0. J0.0192
Y-1.5192 Z0.0191 I0. J-0.0192
Y-1.4807 Z0.0088 I0. J0.0192
Y-1.5192 Z-0.0015 I0. J-0.0193
Y-1.4807 Z-0.0118 I0. J0.0193
Y-1.5192 Z-0.0221 I0. J-0.0193
Y-1.4807 Z-0.0324 I0. J0.0193
Y-1.5193 Z-0.0427 I0. J-0.0193
Y-1.4807 Z-0.053 I0. J0.0193
Y-1.5193 Z-0.0633 I0. J-0.0193
Y-1.4807 Z-0.0736 I0. J0.0193
Y-1.5193 Z-0.0839 I0. J-0.0193
Y-1.4807 Z-0.0942 I0. J0.0193
Y-1.5193 Z-0.1045 I0. J-0.0193
Y-1.4807 Z-0.1148 I0. J0.0193
Y-1.5193 Z-0.1251 I0. J-0.0193
Y-1.4807 Z-0.1354 I0. J0.0193
X-2.6916 Y-1.5188 Z-0.145 I0. J-0.0193
X-2.6834 Y-1.4812 I0.0041 J0.0188
X-2.6916 Y-1.5188 I-0.0041 J-0.0188
X-2.6801 Y-1.5115 I0.0021 J0.0094
G1 X-2.6785 Y-1.5038
X-2.6778 Y-1.5008 Z-0.1447
X-2.6772 Y-1.4979 Z-0.1438
X-2.6766 Y-1.4952 Z-0.1423
X-2.6761 Y-1.4929 Z-0.1404
X-2.6757 Y-1.491 Z-0.138
X-2.6754 Y-1.4895 Z-0.1353
X-2.6752 Y-1.4887 Z-0.1323
X-2.6751 Y-1.4884 Z-0.1292
G0 Z0.4
X-2.1779 Y-1.514
Z0.13
G1 Z0.0658 F40.
G19 G3 Y-1.4982 Z0.05 J0.0158 K0.
G1 Y-1.4904
G17 G3 X-2.1875 Y-1.4807 I-0.0096 J0.
Y-1.5192 Z0.0397 I0. J-0.0192
Y-1.4807 Z0.0294 I0. J0.0192
Y-1.5192 Z0.0191 I0. J-0.0192
Y-1.4807 Z0.0088 I0. J0.0192
Y-1.5192 Z-0.0015 I0. J-0.0192
Y-1.4807 Z-0.0118 I0. J0.0192
Y-1.5192 Z-0.0221 I0. J-0.0193
Y-1.4807 Z-0.0324 I0. J0.0193
Y-1.5192 Z-0.0427 I0. J-0.0193
Y-1.4807 Z-0.053 I0. J0.0193
Y-1.5192 Z-0.0633 I0. J-0.0193
Y-1.4807 Z-0.0736 I0. J0.0193
Y-1.5193 Z-0.0839 I0. J-0.0193
Y-1.4807 Z-0.0942 I0. J0.0193
Y-1.5193 Z-0.1045 I0. J-0.0193
Y-1.4807 Z-0.1148 I0. J0.0193
Y-1.5193 Z-0.1251 I0. J-0.0193
Y-1.4807 Z-0.1354 I0. J0.0193
X-2.1916 Y-1.5188 Z-0.145 I0. J-0.0193
X-2.1834 Y-1.4812 I0.0041 J0.0188
X-2.1916 Y-1.5188 I-0.0041 J-0.0188
X-2.1801 Y-1.5115 I0.0021 J0.0094
G1 X-2.1785 Y-1.5038
X-2.1778 Y-1.5008 Z-0.1447
X-2.1772 Y-1.4979 Z-0.1438
X-2.1766 Y-1.4952 Z-0.1423
X-2.1761 Y-1.4929 Z-0.1404
X-2.1757 Y-1.491 Z-0.138
X-2.1754 Y-1.4895 Z-0.1353
X-2.1752 Y-1.4887 Z-0.1323
X-2.1751 Y-1.4884 Z-0.1292
G0 Z0.4
X-1.6779 Y-1.514
Z0.13
G1 Z0.0658 F40.
G19 G3 Y-1.4982 Z0.05 J0.0158 K0.
G1 Y-1.4904
G17 G3 X-1.6875 Y-1.4807 I-0.0096 J0.
Y-1.5192 Z0.0397 I0. J-0.0192
Y-1.4807 Z0.0294 I0. J0.0192
Y-1.5192 Z0.0191 I0. J-0.0192
Y-1.4807 Z0.0088 I0. J0.0192
Y-1.5192 Z-0.0015 I0. J-0.0192
Y-1.4807 Z-0.0118 I0. J0.0193
Y-1.5192 Z-0.0221 I0. J-0.0193
Y-1.4807 Z-0.0324 I0. J0.0193
Y-1.5192 Z-0.0427 I0. J-0.0193
Y-1.4807 Z-0.053 I0. J0.0193
Y-1.5193 Z-0.0633 I0. J-0.0193
Y-1.4807 Z-0.0736 I0. J0.0193
Y-1.5193 Z-0.0839 I0. J-0.0193
Y-1.4807 Z-0.0942 I0. J0.0193
Y-1.5193 Z-0.1045 I0. J-0.0193
Y-1.4807 Z-0.1148 I0. J0.0193
Y-1.5193 Z-0.1251 I0. J-0.0193
Y-1.4807 Z-0.1354 I0. J0.0193
X-1.6916 Y-1.5188 Z-0.145 I0. J-0.0193
X-1.6834 Y-1.4812 I0.0041 J0.0188
X-1.6916 Y-1.5188 I-0.0041 J-0.0188
X-1.6801 Y-1.5115 I0.0021 J0.0094
G1 X-1.6785 Y-1.5038
X-1.6778 Y-1.5008 Z-0.1447
X-1.6772 Y-1.4979 Z-0.1438
X-1.6766 Y-1.4952 Z-0.1423
X-1.6761 Y-1.4929 Z-0.1404
X-1.6757 Y-1.491 Z-0.138
X-1.6754 Y-1.4895 Z-0.1353
X-1.6752 Y-1.4887 Z-0.1323
X-1.6751 Y-1.4884 Z-0.1292
G0 Z0.4
X-1.1779 Y-1.514
Z0.13
G1 Z0.0658 F40.
G19 G3 Y-1.4982 Z0.05 J0.0158 K0.
G1 Y-1.4904
G17 G3 X-1.1875 Y-1.4807 I-0.0096 J0.
Y-1.5192 Z0.0397 I0. J-0.0192
Y-1.4807 Z0.0294 I0. J0.0192
Y-1.5192 Z0.0191 I0. J-0.0192
Y-1.4807 Z0.0088 I0. J0.0192
Y-1.5192 Z-0.0015 I0. J-0.0192
Y-1.4807 Z-0.0118 I0. J0.0192
Y-1.5192 Z-0.0221 I0. J-0.0193
Y-1.4807 Z-0.0324 I0. J0.0193
Y-1.5192 Z-0.0427 I0. J-0.0193
Y-1.4807 Z-0.053 I0. J0.0193
Y-1.5192 Z-0.0633 I0. J-0.0193
Y-1.4807 Z-0.0736 I0. J0.0193
Y-1.5193 Z-0.0839 I0. J-0.0193
Y-1.4807 Z-0.0942 I0. J0.0193
Y-1.5193 Z-0.1045 I0. J-0.0193
Y-1.4807 Z-0.1148 I0. J0.0193
Y-1.5193 Z-0.1251 I0. J-0.0193
Y-1.4807 Z-0.1354 I0. J0.0193
X-1.1916 Y-1.5188 Z-0.145 I0. J-0.0193
X-1.1834 Y-1.4812 I0.0041 J0.0188
X-1.1916 Y-1.5188 I-0.0041 J-0.0188
X-1.1801 Y-1.5115 I0.0021 J0.0094
G1 X-1.1785 Y-1.5038
X-1.1778 Y-1.5008 Z-0.1447
X-1.1772 Y-1.4979 Z-0.1438
X-1.1766 Y-1.4952 Z-0.1423
X-1.1761 Y-1.4929 Z-0.1404
X-1.1757 Y-1.491 Z-0.138
X-1.1754 Y-1.4895 Z-0.1353
X-1.1752 Y-1.4887 Z-0.1323
X-1.1751 Y-1.4884 Z-0.1292
G0 Z0.4
X-0.6779 Y-1.514
Z0.13
G1 Z0.0658 F40.
G19 G3 Y-1.4982 Z0.05 J0.0158 K0.
G1 Y-1.4904
G17 G3 X-0.6875 Y-1.4807 I-0.0096 J0.
Y-1.5192 Z0.0397 I0. J-0.0192
Y-1.4807 Z0.0294 I0. J0.0192
Y-1.5192 Z0.0191 I0. J-0.0192
Y-1.4807 Z0.0088 I0. J0.0192
Y-1.5192 Z-0.0015 I0. J-0.0192
Y-1.4807 Z-0.0118 I0. J0.0193
Y-1.5192 Z-0.0221 I0. J-0.0193
Y-1.4807 Z-0.0324 I0. J0.0193
Y-1.5192 Z-0.0427 I0. J-0.0193
Y-1.4807 Z-0.053 I0. J0.0193
Y-1.5192 Z-0.0633 I0. J-0.0193
Y-1.4807 Z-0.0736 I0. J0.0193
Y-1.5193 Z-0.0839 I0. J-0.0193
Y-1.4807 Z-0.0942 I0. J0.0193
Y-1.5193 Z-0.1045 I0. J-0.0193
Y-1.4807 Z-0.1148 I0. J0.0193
Y-1.5193 Z-0.1251 I0. J-0.0193
Y-1.4807 Z-0.1354 I0. J0.0193
X-0.6916 Y-1.5188 Z-0.145 I0. J-0.0193
X-0.6834 Y-1.4812 I0.0041 J0.0188
X-0.6916 Y-1.5188 I-0.0041 J-0.0188
X-0.6801 Y-1.5115 I0.0021 J0.0094
G1 X-0.6785 Y-1.5038
X-0.6778 Y-1.5008 Z-0.1447
X-0.6772 Y-1.4979 Z-0.1438
X-0.6766 Y-1.4952 Z-0.1423
X-0.6761 Y-1.4929 Z-0.1404
X-0.6757 Y-1.491 Z-0.138
X-0.6754 Y-1.4895 Z-0.1353
X-0.6752 Y-1.4887 Z-0.1323
X-0.6751 Y-1.4884 Z-0.1292
G0 Z0.4
X-0.1779 Y-1.514
Z0.13
G1 Z0.0658 F40.
G19 G3 Y-1.4982 Z0.05 J0.0158 K0.
G1 Y-1.4904
G17 G3 X-0.1875 Y-1.4807 I-0.0096 J0.
Y-1.5192 Z0.0397 I0. J-0.0192
Y-1.4807 Z0.0294 I0. J0.0192
Y-1.5192 Z0.0191 I0. J-0.0192
Y-1.4807 Z0.0088 I0. J0.0192
Y-1.5192 Z-0.0015 I0. J-0.0192
Y-1.4807 Z-0.0118 I0. J0.0192
Y-1.5192 Z-0.0221 I0. J-0.0193
Y-1.4807 Z-0.0324 I0. J0.0193
Y-1.5192 Z-0.0427 I0. J-0.0193
Y-1.4807 Z-0.053 I0. J0.0193
Y-1.5192 Z-0.0633 I0. J-0.0193
Y-1.4807 Z-0.0736 I0. J0.0193
Y-1.5193 Z-0.0839 I0. J-0.0193
Y-1.4807 Z-0.0942 I0. J0.0193
Y-1.5193 Z-0.1045 I0. J-0.0193
Y-1.4807 Z-0.1148 I0. J0.0193
Y-1.5193 Z-0.1251 I0. J-0.0193
Y-1.4807 Z-0.1354 I0. J0.0193
X-0.1916 Y-1.5188 Z-0.145 I0. J-0.0193
X-0.1834 Y-1.4812 I0.0041 J0.0188
X-0.1916 Y-1.5188 I-0.0041 J-0.0188
X-0.1801 Y-1.5115 I0.0021 J0.0094
G1 X-0.1785 Y-1.5038
X-0.1778 Y-1.5008 Z-0.1447
X-0.1772 Y-1.4979 Z-0.1438
X-0.1766 Y-1.4952 Z-0.1423
X-0.1761 Y-1.4929 Z-0.1404
X-0.1757 Y-1.491 Z-0.138
X-0.1754 Y-1.4895 Z-0.1353
X-0.1752 Y-1.4887 Z-0.1323
X-0.1751 Y-1.4884 Z-0.1292
G0 Z0.4
X-0.1779 Y-0.514
Z0.13
G1 Z0.0658 F40.
G19 G3 Y-0.4983 Z0.05 J0.0158 K0.
G1 Y-0.4904
G17 G3 X-0.1875 Y-0.4808 I-0.0096 J0.
Y-0.5192 Z0.0397 I0. J-0.0192
Y-0.4807 Z0.0294 I0. J0.0192
Y-0.5192 Z0.0191 I0. J-0.0192
Y-0.4807 Z0.0088 I0. J0.0192
Y-0.5192 Z-0.0015 I0. J-0.0192
Y-0.4807 Z-0.0118 I0. J0.0192
Y-0.5192 Z-0.0221 I0. J-0.0192
Y-0.4807 Z-0.0324 I0. J0.0193
Y-0.5192 Z-0.0427 I0. J-0.0193
Y-0.4807 Z-0.053 I0. J0.0193
Y-0.5192 Z-0.0633 I0. J-0.0193
Y-0.4807 Z-0.0736 I0. J0.0193
Y-0.5193 Z-0.0839 I0. J-0.0193
Y-0.4807 Z-0.0942 I0. J0.0193
Y-0.5193 Z-0.1045 I0. J-0.0193
Y-0.4807 Z-0.1148 I0. J0.0193
Y-0.5193 Z-0.1251 I0. J-0.0193
Y-0.4807 Z-0.1354 I0. J0.0193
X-0.1916 Y-0.5188 Z-0.145 I0. J-0.0193
X-0.1834 Y-0.4812 I0.0041 J0.0188
X-0.1916 Y-0.5188 I-0.0041 J-0.0188
X-0.1801 Y-0.5115 I0.0021 J0.0094
G1 X-0.1785 Y-0.5038
X-0.1778 Y-0.5008 Z-0.1447
X-0.1772 Y-0.4979 Z-0.1438
X-0.1766 Y-0.4952 Z-0.1423
X-0.1761 Y-0.4929 Z-0.1404
X-0.1757 Y-0.491 Z-0.138
X-0.1754 Y-0.4895 Z-0.1353
X-0.1752 Y-0.4887 Z-0.1323
X-0.1751 Y-0.4884 Z-0.1292
G0 Z0.4
X-0.6779 Y-0.514
Z0.13
G1 Z0.0658 F40.
G19 G3 Y-0.4983 Z0.05 J0.0158 K0.
G1 Y-0.4904
G17 G3 X-0.6875 Y-0.4808 I-0.0096 J0.
Y-0.5192 Z0.0397 I0. J-0.0192
Y-0.4807 Z0.0294 I0. J0.0192
Y-0.5192 Z0.0191 I0. J-0.0192
Y-0.4807 Z0.0088 I0. J0.0192
Y-0.5192 Z-0.0015 I0. J-0.0192
Y-0.4807 Z-0.0118 I0. J0.0192
Y-0.5192 Z-0.0221 I0. J-0.0193
Y-0.4807 Z-0.0324 I0. J0.0193
Y-0.5192 Z-0.0427 I0. J-0.0193
Y-0.4807 Z-0.053 I0. J0.0193
Y-0.5193 Z-0.0633 I0. J-0.0193
Y-0.4807 Z-0.0736 I0. J0.0193
Y-0.5193 Z-0.0839 I0. J-0.0193
Y-0.4807 Z-0.0942 I0. J0.0193
Y-0.5193 Z-0.1045 I0. J-0.0193
Y-0.4807 Z-0.1148 I0. J0.0193
Y-0.5193 Z-0.1251 I0. J-0.0193
Y-0.4807 Z-0.1354 I0. J0.0193
X-0.6916 Y-0.5188 Z-0.145 I0. J-0.0193
X-0.6834 Y-0.4812 I0.0041 J0.0188
X-0.6916 Y-0.5188 I-0.0041 J-0.0188
X-0.6801 Y-0.5115 I0.0021 J0.0094
G1 X-0.6785 Y-0.5038
X-0.6778 Y-0.5008 Z-0.1447
X-0.6772 Y-0.4979 Z-0.1438
X-0.6766 Y-0.4952 Z-0.1423
X-0.6761 Y-0.4929 Z-0.1404
X-0.6757 Y-0.491 Z-0.138
X-0.6754 Y-0.4895 Z-0.1353
X-0.6752 Y-0.4887 Z-0.1323
X-0.6751 Y-0.4884 Z-0.1292
G0 Z0.4
X-1.1779 Y-0.514
Z0.13
G1 Z0.0658 F40.
G19 G3 Y-0.4983 Z0.05 J0.0158 K0.
G1 Y-0.4904
G17 G3 X-1.1875 Y-0.4808 I-0.0096 J0.
Y-0.5192 Z0.0397 I0. J-0.0192
Y-0.4807 Z0.0294 I0. J0.0192
Y-0.5192 Z0.0191 I0. J-0.0192
Y-0.4807 Z0.0088 I0. J0.0192
Y-0.5192 Z-0.0015 I0. J-0.0192
Y-0.4807 Z-0.0118 I0. J0.0192
Y-0.5192 Z-0.0221 I0. J-0.0192
Y-0.4807 Z-0.0324 I0. J0.0192
Y-0.5192 Z-0.0427 I0. J-0.0192
Y-0.4807 Z-0.053 I0. J0.0192
Y-0.5192 Z-0.0633 I0. J-0.0192
Y-0.4807 Z-0.0736 I0. J0.0192
Y-0.5192 Z-0.0839 I0. J-0.0193
Y-0.4807 Z-0.0942 I0. J0.0193
Y-0.5192 Z-0.1045 I0. J-0.0193
Y-0.4807 Z-0.1148 I0. J0.0193
Y-0.5192 Z-0.1251 I0. J-0.0193
Y-0.4807 Z-0.1354 I0. J0.0193
X-1.1916 Y-0.5188 Z-0.145 I0. J-0.0193
X-1.1834 Y-0.4812 I0.0041 J0.0188
X-1.1916 Y-0.5188 I-0.0041 J-0.0188
X-1.1801 Y-0.5115 I0.0021 J0.0094
G1 X-1.1785 Y-0.5038
X-1.1778 Y-0.5008 Z-0.1447
X-1.1772 Y-0.4979 Z-0.1438
X-1.1766 Y-0.4952 Z-0.1423
X-1.1761 Y-0.4929 Z-0.1404
X-1.1757 Y-0.491 Z-0.138
X-1.1754 Y-0.4895 Z-0.1353
X-1.1752 Y-0.4887 Z-0.1323
X-1.1751 Y-0.4884 Z-0.1292
G0 Z0.4
X-1.6779 Y-0.514
Z0.13
G1 Z0.0658 F40.
G19 G3 Y-0.4983 Z0.05 J0.0158 K0.
G1 Y-0.4904
G17 G3 X-1.6875 Y-0.4808 I-0.0096 J0.
Y-0.5192 Z0.0397 I0. J-0.0192
Y-0.4807 Z0.0294 I0. J0.0192
Y-0.5192 Z0.0191 I0. J-0.0192
Y-0.4807 Z0.0088 I0. J0.0192
Y-0.5192 Z-0.0015 I0. J-0.0193
Y-0.4807 Z-0.0118 I0. J0.0193
Y-0.5193 Z-0.0221 I0. J-0.0193
Y-0.4807 Z-0.0324 I0. J0.0193
Y-0.5193 Z-0.0427 I0. J-0.0193
Y-0.4807 Z-0.053 I0. J0.0193
Y-0.5193 Z-0.0633 I0. J-0.0193
Y-0.4807 Z-0.0736 I0. J0.0193
Y-0.5193 Z-0.0839 I0. J-0.0193
Y-0.4807 Z-0.0942 I0. J0.0193
Y-0.5193 Z-0.1045 I0. J-0.0193
Y-0.4807 Z-0.1148 I0. J0.0193
Y-0.5193 Z-0.1251 I0. J-0.0193
Y-0.4807 Z-0.1354 I0. J0.0193
X-1.6916 Y-0.5188 Z-0.145 I0. J-0.0193
X-1.6834 Y-0.4812 I0.0041 J0.0188
X-1.6916 Y-0.5188 I-0.0041 J-0.0188
X-1.6801 Y-0.5115 I0.0021 J0.0094
G1 X-1.6785 Y-0.5038
X-1.6778 Y-0.5008 Z-0.1447
X-1.6772 Y-0.4979 Z-0.1438
X-1.6766 Y-0.4952 Z-0.1423
X-1.6761 Y-0.4929 Z-0.1404
X-1.6757 Y-0.491 Z-0.138
X-1.6754 Y-0.4895 Z-0.1353
X-1.6752 Y-0.4887 Z-0.1323
X-1.6751 Y-0.4884 Z-0.1292
G0 Z0.4
X-2.1779 Y-0.514
Z0.13
G1 Z0.0658 F40.
G19 G3 Y-0.4983 Z0.05 J0.0158 K0.
G1 Y-0.4904
G17 G3 X-2.1875 Y-0.4808 I-0.0096 J0.
Y-0.5192 Z0.0397 I0. J-0.0192
Y-0.4807 Z0.0294 I0. J0.0192
Y-0.5192 Z0.0191 I0. J-0.0192
Y-0.4807 Z0.0088 I0. J0.0192
Y-0.5192 Z-0.0015 I0. J-0.0192
Y-0.4807 Z-0.0118 I0. J0.0192
Y-0.5192 Z-0.0221 I0. J-0.0192
Y-0.4807 Z-0.0324 I0. J0.0192
Y-0.5192 Z-0.0427 I0. J-0.0192
Y-0.4807 Z-0.053 I0. J0.0192
Y-0.5192 Z-0.0633 I0. J-0.0192
Y-0.4807 Z-0.0736 I0. J0.0192
Y-0.5192 Z-0.0839 I0. J-0.0193
Y-0.4807 Z-0.0942 I0. J0.0193
Y-0.5192 Z-0.1045 I0. J-0.0193
Y-0.4807 Z-0.1148 I0. J0.0193
Y-0.5192 Z-0.1251 I0. J-0.0193
Y-0.4807 Z-0.1354 I0. J0.0193
X-2.1916 Y-0.5188 Z-0.145 I0. J-0.0193
X-2.1834 Y-0.4812 I0.0041 J0.0188
X-2.1916 Y-0.5188 I-0.0041 J-0.0188
X-2.1801 Y-0.5115 I0.0021 J0.0094
G1 X-2.1785 Y-0.5038
X-2.1778 Y-0.5008 Z-0.1447
X-2.1772 Y-0.4979 Z-0.1438
X-2.1766 Y-0.4952 Z-0.1423
X-2.1761 Y-0.4929 Z-0.1404
X-2.1757 Y-0.491 Z-0.138
X-2.1754 Y-0.4895 Z-0.1353
X-2.1752 Y-0.4887 Z-0.1323
X-2.1751 Y-0.4884 Z-0.1292
G0 Z0.4
X-2.6779 Y-0.514
Z0.13
G1 Z0.0658 F40.
G19 G3 Y-0.4983 Z0.05 J0.0158 K0.
G1 Y-0.4904
G17 G3 X-2.6875 Y-0.4808 I-0.0096 J0.
Y-0.5192 Z0.0397 I0. J-0.0192
Y-0.4807 Z0.0294 I0. J0.0192
Y-0.5192 Z0.0191 I0. J-0.0192
Y-0.4807 Z0.0088 I0. J0.0193
Y-0.5193 Z-0.0015 I0. J-0.0193
Y-0.4807 Z-0.0118 I0. J0.0193
Y-0.5193 Z-0.0221 I0. J-0.0193
Y-0.4807 Z-0.0324 I0. J0.0193
Y-0.5193 Z-0.0427 I0. J-0.0193
Y-0.4807 Z-0.053 I0. J0.0193
Y-0.5193 Z-0.0633 I0. J-0.0193
Y-0.4807 Z-0.0736 I0. J0.0193
Y-0.5193 Z-0.0839 I0. J-0.0193
Y-0.4807 Z-0.0942 I0. J0.0193
Y-0.5193 Z-0.1045 I0. J-0.0193
Y-0.4807 Z-0.1148 I0. J0.0193
Y-0.5193 Z-0.1251 I0. J-0.0193
Y-0.4807 Z-0.1354 I0. J0.0193
X-2.6916 Y-0.5188 Z-0.145 I0. J-0.0193
X-2.6834 Y-0.4812 I0.0041 J0.0188
X-2.6916 Y-0.5188 I-0.0041 J-0.0188
X-2.6801 Y-0.5115 I0.0021 J0.0094
G1 X-2.6785 Y-0.5038
X-2.6778 Y-0.5008 Z-0.1447
X-2.6772 Y-0.4979 Z-0.1438
X-2.6766 Y-0.4952 Z-0.1423
X-2.6761 Y-0.4929 Z-0.1404
X-2.6757 Y-0.491 Z-0.138
X-2.6754 Y-0.4895 Z-0.1353
X-2.6752 Y-0.4887 Z-0.1323
X-2.6751 Y-0.4884 Z-0.1292
G0 Z0.4
X-3.1779 Y-0.514
Z0.13
G1 Z0.0658 F40.
G19 G3 Y-0.4983 Z0.05 J0.0158 K0.
G1 Y-0.4904
G17 G3 X-3.1875 Y-0.4808 I-0.0096 J0.
Y-0.5192 Z0.0397 I0. J-0.0192
Y-0.4807 Z0.0294 I0. J0.0192
Y-0.5192 Z0.0191 I0. J-0.0192
Y-0.4807 Z0.0088 I0. J0.0192
Y-0.5192 Z-0.0015 I0. J-0.0192
Y-0.4807 Z-0.0118 I0. J0.0192
Y-0.5192 Z-0.0221 I0. J-0.0192
Y-0.4807 Z-0.0324 I0. J0.0192
Y-0.5192 Z-0.0427 I0. J-0.0192
Y-0.4807 Z-0.053 I0. J0.0192
Y-0.5192 Z-0.0633 I0. J-0.0192
Y-0.4807 Z-0.0736 I0. J0.0192
Y-0.5192 Z-0.0839 I0. J-0.0193
Y-0.4807 Z-0.0942 I0. J0.0193
Y-0.5192 Z-0.1045 I0. J-0.0193
Y-0.4807 Z-0.1148 I0. J0.0193
Y-0.5192 Z-0.1251 I0. J-0.0193
Y-0.4807 Z-0.1354 I0. J0.0193
X-3.1916 Y-0.5188 Z-0.145 I0. J-0.0193
X-3.1834 Y-0.4812 I0.0041 J0.0188
X-3.1916 Y-0.5188 I-0.0041 J-0.0188
X-3.1801 Y-0.5115 I0.0021 J0.0094
G1 X-3.1785 Y-0.5038
X-3.1778 Y-0.5008 Z-0.1447
X-3.1772 Y-0.4979 Z-0.1438
X-3.1766 Y-0.4952 Z-0.1423
X-3.1761 Y-0.4929 Z-0.1404
X-3.1757 Y-0.491 Z-0.138
X-3.1754 Y-0.4895 Z-0.1353
X-3.1752 Y-0.4887 Z-0.1323
X-3.1751 Y-0.4884 Z-0.1292
G0 Z0.4
X-3.6779 Y-0.514
Z0.13
G1 Z0.0658 F40.
G19 G3 Y-0.4983 Z0.05 J0.0158 K0.
G1 Y-0.4904
G17 G3 X-3.6875 Y-0.4808 I-0.0096 J0.
Y-0.5192 Z0.0397 I0. J-0.0192
Y-0.4807 Z0.0294 I0. J0.0192
Y-0.5192 Z0.0191 I0. J-0.0192
Y-0.4807 Z0.0088 I0. J0.0192
Y-0.5192 Z-0.0015 I0. J-0.0192
Y-0.4807 Z-0.0118 I0. J0.0192
Y-0.5192 Z-0.0221 I0. J-0.0192
Y-0.4807 Z-0.0324 I0. J0.0192
Y-0.5192 Z-0.0427 I0. J-0.0192
Y-0.4807 Z-0.053 I0. J0.0192
Y-0.5192 Z-0.0633 I0. J-0.0192
Y-0.4807 Z-0.0736 I0. J0.0192
Y-0.5192 Z-0.0839 I0. J-0.0193
Y-0.4807 Z-0.0942 I0. J0.0193
Y-0.5192 Z-0.1045 I0. J-0.0193
Y-0.4807 Z-0.1148 I0. J0.0193
Y-0.5192 Z-0.1251 I0. J-0.0193
Y-0.4807 Z-0.1354 I0. J0.0193
X-3.6916 Y-0.5188 Z-0.145 I0. J-0.0193
X-3.6834 Y-0.4812 I0.0041 J0.0188
X-3.6916 Y-0.5188 I-0.0041 J-0.0188
X-3.6801 Y-0.5115 I0.0021 J0.0094
G1 X-3.6785 Y-0.5038
X-3.6778 Y-0.5008 Z-0.1447
X-3.6772 Y-0.4979 Z-0.1438
X-3.6766 Y-0.4952 Z-0.1423
X-3.6761 Y-0.4929 Z-0.1404
X-3.6757 Y-0.491 Z-0.138
X-3.6754 Y-0.4895 Z-0.1353
X-3.6752 Y-0.4887 Z-0.1323
X-3.6751 Y-0.4884 Z-0.1292
G0 Z0.4
X-4.1779 Y-0.514
Z0.13
G1 Z0.0658 F40.
G19 G3 Y-0.4983 Z0.05 J0.0158 K0.
G1 Y-0.4904
G17 G3 X-4.1875 Y-0.4808 I-0.0096 J0.
Y-0.5192 Z0.0397 I0. J-0.0192
Y-0.4807 Z0.0294 I0. J0.0192
Y-0.5192 Z0.0191 I0. J-0.0192
Y-0.4807 Z0.0088 I0. J0.0192
Y-0.5192 Z-0.0015 I0. J-0.0192
Y-0.4807 Z-0.0118 I0. J0.0192
Y-0.5192 Z-0.0221 I0. J-0.0192
Y-0.4807 Z-0.0324 I0. J0.0192
Y-0.5192 Z-0.0427 I0. J-0.0192
Y-0.4807 Z-0.053 I0. J0.0192
Y-0.5192 Z-0.0633 I0. J-0.0192
Y-0.4807 Z-0.0736 I0. J0.0192
Y-0.5192 Z-0.0839 I0. J-0.0193
Y-0.4807 Z-0.0942 I0. J0.0193
Y-0.5192 Z-0.1045 I0. J-0.0193
Y-0.4807 Z-0.1148 I0. J0.0193
Y-0.5192 Z-0.1251 I0. J-0.0193
Y-0.4807 Z-0.1354 I0. J0.0193
X-4.1916 Y-0.5188 Z-0.145 I0. J-0.0193
X-4.1834 Y-0.4812 I0.0041 J0.0188
X-4.1916 Y-0.5188 I-0.0041 J-0.0188
X-4.1801 Y-0.5115 I0.0021 J0.0094
G1 X-4.1785 Y-0.5038
X-4.1778 Y-0.5008 Z-0.1447
X-4.1772 Y-0.4979 Z-0.1438
X-4.1766 Y-0.4952 Z-0.1423
X-4.1761 Y-0.4929 Z-0.1404
X-4.1757 Y-0.491 Z-0.138
X-4.1754 Y-0.4895 Z-0.1353
X-4.1752 Y-0.4887 Z-0.1323
X-4.1751 Y-0.4884 Z-0.1292
G0 Z0.4
X-4.6779 Y-0.514
Z0.13
G1 Z0.0658 F40.
G19 G3 Y-0.4983 Z0.05 J0.0158 K0.
G1 Y-0.4904
G17 G3 X-4.6875 Y-0.4808 I-0.0096 J0.
Y-0.5192 Z0.0397 I0. J-0.0192
Y-0.4807 Z0.0294 I0. J0.0192
Y-0.5192 Z0.0191 I0. J-0.0192
Y-0.4807 Z0.0088 I0. J0.0192
Y-0.5192 Z-0.0015 I0. J-0.0192
Y-0.4807 Z-0.0118 I0. J0.0192
Y-0.5192 Z-0.0221 I0. J-0.0192
Y-0.4807 Z-0.0324 I0. J0.0192
Y-0.5192 Z-0.0427 I0. J-0.0192
Y-0.4807 Z-0.053 I0. J0.0192
Y-0.5192 Z-0.0633 I0. J-0.0192
Y-0.4807 Z-0.0736 I0. J0.0192
Y-0.5192 Z-0.0839 I0. J-0.0193
Y-0.4807 Z-0.0942 I0. J0.0193
Y-0.5192 Z-0.1045 I0. J-0.0193
Y-0.4807 Z-0.1148 I0. J0.0193
Y-0.5192 Z-0.1251 I0. J-0.0193
Y-0.4807 Z-0.1354 I0. J0.0193
X-4.6916 Y-0.5188 Z-0.145 I0. J-0.0193
X-4.6834 Y-0.4812 I0.0041 J0.0188
X-4.6916 Y-0.5188 I-0.0041 J-0.0188
X-4.6801 Y-0.5115 I0.0021 J0.0094
G1 X-4.6785 Y-0.5038
X-4.6778 Y-0.5008 Z-0.1447
X-4.6772 Y-0.4979 Z-0.1438
X-4.6766 Y-0.4952 Z-0.1423
X-4.6761 Y-0.4929 Z-0.1404
X-4.6757 Y-0.491 Z-0.138
X-4.6754 Y-0.4895 Z-0.1353
X-4.6752 Y-0.4887 Z-0.1323
X-4.6751 Y-0.4884 Z-0.1292
G0 Z0.4
X-5.1779 Y-0.514
Z0.13
G1 Z0.0658 F40.
G19 G3 Y-0.4983 Z0.05 J0.0158 K0.
G1 Y-0.4904
G17 G3 X-5.1875 Y-0.4808 I-0.0096 J0.
Y-0.5192 Z0.0397 I0. J-0.0192
Y-0.4807 Z0.0294 I0. J0.0192
Y-0.5192 Z0.0191 I0. J-0.0192
Y-0.4807 Z0.0088 I0. J0.0193
Y-0.5193 Z-0.0015 I0. J-0.0193
Y-0.4807 Z-0.0118 I0. J0.0193
Y-0.5193 Z-0.0221 I0. J-0.0193
Y-0.4807 Z-0.0324 I0. J0.0193
Y-0.5193 Z-0.0427 I0. J-0.0193
Y-0.4807 Z-0.053 I0. J0.0193
Y-0.5193 Z-0.0633 I0. J-0.0193
Y-0.4807 Z-0.0736 I0. J0.0193
Y-0.5193 Z-0.0839 I0. J-0.0193
Y-0.4807 Z-0.0942 I0. J0.0193
Y-0.5193 Z-0.1045 I0. J-0.0193
Y-0.4807 Z-0.1148 I0. J0.0193
Y-0.5193 Z-0.1251 I0. J-0.0193
Y-0.4807 Z-0.1354 I0. J0.0193
X-5.1916 Y-0.5188 Z-0.145 I0. J-0.0193
X-5.1834 Y-0.4812 I0.0041 J0.0188
X-5.1916 Y-0.5188 I-0.0041 J-0.0188
X-5.1801 Y-0.5115 I0.0021 J0.0094
G1 X-5.1785 Y-0.5038
X-5.1778 Y-0.5008 Z-0.1447
X-5.1772 Y-0.4979 Z-0.1438
X-5.1766 Y-0.4952 Z-0.1423
X-5.1761 Y-0.4929 Z-0.1404
X-5.1757 Y-0.491 Z-0.138
X-5.1754 Y-0.4895 Z-0.1353
X-5.1752 Y-0.4887 Z-0.1323
X-5.1751 Y-0.4884 Z-0.1292
G0 Z0.4
X-5.6779 Y-0.514
Z0.13
G1 Z0.0658 F40.
G19 G3 Y-0.4983 Z0.05 J0.0158 K0.
G1 Y-0.4904
G17 G3 X-5.6875 Y-0.4808 I-0.0096 J0.
Y-0.5192 Z0.0397 I0. J-0.0192
Y-0.4807 Z0.0294 I0. J0.0192
Y-0.5192 Z0.0191 I0. J-0.0192
Y-0.4807 Z0.0088 I0. J0.0193
Y-0.5193 Z-0.0015 I0. J-0.0193
Y-0.4807 Z-0.0118 I0. J0.0193
Y-0.5193 Z-0.0221 I0. J-0.0193
Y-0.4807 Z-0.0324 I0. J0.0193
Y-0.5193 Z-0.0427 I0. J-0.0193
Y-0.4807 Z-0.053 I0. J0.0193
Y-0.5193 Z-0.0633 I0. J-0.0193
Y-0.4807 Z-0.0736 I0. J0.0193
Y-0.5193 Z-0.0839 I0. J-0.0193
Y-0.4807 Z-0.0942 I0. J0.0193
Y-0.5193 Z-0.1045 I0. J-0.0193
Y-0.4807 Z-0.1148 I0. J0.0193
Y-0.5193 Z-0.1251 I0. J-0.0193
Y-0.4807 Z-0.1354 I0. J0.0193
X-5.6916 Y-0.5188 Z-0.145 I0. J-0.0193
X-5.6834 Y-0.4812 I0.0041 J0.0188
X-5.6916 Y-0.5188 I-0.0041 J-0.0188
X-5.6801 Y-0.5115 I0.0021 J0.0094
G1 X-5.6785 Y-0.5038
X-5.6778 Y-0.5008 Z-0.1447
X-5.6772 Y-0.4979 Z-0.1438
X-5.6766 Y-0.4952 Z-0.1423
X-5.6761 Y-0.4929 Z-0.1404
X-5.6757 Y-0.491 Z-0.138
X-5.6754 Y-0.4895 Z-0.1353
X-5.6752 Y-0.4887 Z-0.1323
X-5.6751 Y-0.4884 Z-0.1292
G0 Z0.4
X-6.6779 Y-0.514
Z0.13
G1 Z0.0658 F40.
G19 G3 Y-0.4983 Z0.05 J0.0158 K0.
G1 Y-0.4904
G17 G3 X-6.6875 Y-0.4808 I-0.0096 J0.
Y-0.5192 Z0.0397 I0. J-0.0192
Y-0.4808 Z0.0294 I0. J0.0192
Y-0.5192 Z0.0191 I0. J-0.0192
Y-0.4808 Z0.0088 I0. J0.0192
Y-0.5192 Z-0.0015 I0. J-0.0192
Y-0.4808 Z-0.0118 I0. J0.0192
Y-0.5192 Z-0.0221 I0. J-0.0192
Y-0.4808 Z-0.0324 I0. J0.0192
Y-0.5192 Z-0.0427 I0. J-0.0192
Y-0.4808 Z-0.053 I0. J0.0192
Y-0.5192 Z-0.0633 I0. J-0.0192
Y-0.4808 Z-0.0736 I0. J0.0192
Y-0.5192 Z-0.0839 I0. J-0.0192
Y-0.4808 Z-0.0942 I0. J0.0192
Y-0.5192 Z-0.1045 I0. J-0.0192
Y-0.4808 Z-0.1148 I0. J0.0192
Y-0.5192 Z-0.1251 I0. J-0.0192
Y-0.4808 Z-0.1354 I0. J0.0192
X-6.6916 Y-0.5188 Z-0.145 I0. J-0.0192
X-6.6834 Y-0.4812 I0.0041 J0.0188
X-6.6916 Y-0.5188 I-0.0041 J-0.0188
X-6.6801 Y-0.5115 I0.0021 J0.0094
G1 X-6.6785 Y-0.5038
X-6.6778 Y-0.5008 Z-0.1447
X-6.6772 Y-0.4979 Z-0.1438
X-6.6766 Y-0.4952 Z-0.1423
X-6.6761 Y-0.4929 Z-0.1404
X-6.6757 Y-0.491 Z-0.138
X-6.6754 Y-0.4895 Z-0.1353
X-6.6752 Y-0.4887 Z-0.1323
X-6.6751 Y-0.4884 Z-0.1292
G0 Z0.4
X-7.1779 Y-0.514
Z0.13
G1 Z0.0658 F40.
G19 G3 Y-0.4983 Z0.05 J0.0158 K0.
G1 Y-0.4904
G17 G3 X-7.1875 Y-0.4808 I-0.0096 J0.
Y-0.5192 Z0.0397 I0. J-0.0192
Y-0.4807 Z0.0294 I0. J0.0192
Y-0.5192 Z0.0191 I0. J-0.0192
Y-0.4807 Z0.0088 I0. J0.0193
Y-0.5193 Z-0.0015 I0. J-0.0193
Y-0.4807 Z-0.0118 I0. J0.0193
Y-0.5193 Z-0.0221 I0. J-0.0193
Y-0.4807 Z-0.0324 I0. J0.0193
Y-0.5193 Z-0.0427 I0. J-0.0193
Y-0.4807 Z-0.053 I0. J0.0193
Y-0.5193 Z-0.0633 I0. J-0.0193
Y-0.4807 Z-0.0736 I0. J0.0193
Y-0.5193 Z-0.0839 I0. J-0.0193
Y-0.4807 Z-0.0942 I0. J0.0193
Y-0.5193 Z-0.1045 I0. J-0.0193
Y-0.4807 Z-0.1148 I0. J0.0193
Y-0.5193 Z-0.1251 I0. J-0.0193
Y-0.4807 Z-0.1354 I0. J0.0193
X-7.1916 Y-0.5188 Z-0.145 I0. J-0.0193
X-7.1834 Y-0.4812 I0.0041 J0.0188
X-7.1916 Y-0.5188 I-0.0041 J-0.0188
X-7.1801 Y-0.5115 I0.0021 J0.0094
G1 X-7.1785 Y-0.5038
X-7.1778 Y-0.5008 Z-0.1447
X-7.1772 Y-0.4979 Z-0.1438
X-7.1766 Y-0.4952 Z-0.1423
X-7.1761 Y-0.4929 Z-0.1404
X-7.1757 Y-0.491 Z-0.138
X-7.1754 Y-0.4895 Z-0.1353
X-7.1752 Y-0.4887 Z-0.1323
X-7.1751 Y-0.4884 Z-0.1292
G0 Z0.4
X-7.6779 Y-0.514
Z0.13
G1 Z0.0658 F40.
G19 G3 Y-0.4983 Z0.05 J0.0158 K0.
G1 Y-0.4904
G17 G3 X-7.6875 Y-0.4808 I-0.0096 J0.
Y-0.5192 Z0.0397 I0. J-0.0192
Y-0.4807 Z0.0294 I0. J0.0192
Y-0.5192 Z0.0191 I0. J-0.0192
Y-0.4807 Z0.0088 I0. J0.0193
Y-0.5193 Z-0.0015 I0. J-0.0193
Y-0.4807 Z-0.0118 I0. J0.0193
Y-0.5193 Z-0.0221 I0. J-0.0193
Y-0.4807 Z-0.0324 I0. J0.0193
Y-0.5193 Z-0.0427 I0. J-0.0193
Y-0.4807 Z-0.053 I0. J0.0193
Y-0.5193 Z-0.0633 I0. J-0.0193
Y-0.4807 Z-0.0736 I0. J0.0193
Y-0.5193 Z-0.0839 I0. J-0.0193
Y-0.4807 Z-0.0942 I0. J0.0193
Y-0.5193 Z-0.1045 I0. J-0.0193
Y-0.4807 Z-0.1148 I0. J0.0193
Y-0.5193 Z-0.1251 I0. J-0.0193
Y-0.4807 Z-0.1354 I0. J0.0193
X-7.6916 Y-0.5188 Z-0.145 I0. J-0.0193
X-7.6834 Y-0.4812 I0.0041 J0.0188
X-7.6916 Y-0.5188 I-0.0041 J-0.0188
X-7.6801 Y-0.5115 I0.0021 J0.0094
G1 X-7.6785 Y-0.5038
X-7.6778 Y-0.5008 Z-0.1447
X-7.6772 Y-0.4979 Z-0.1438
X-7.6766 Y-0.4952 Z-0.1423
X-7.6761 Y-0.4929 Z-0.1404
X-7.6757 Y-0.491 Z-0.138
X-7.6754 Y-0.4895 Z-0.1353
X-7.6752 Y-0.4887 Z-0.1323
X-7.6751 Y-0.4884 Z-0.1292
G0 Z0.4
X-8.1779 Y-0.514
Z0.13
G1 Z0.0658 F40.
G19 G3 Y-0.4983 Z0.05 J0.0158 K0.
G1 Y-0.4904
G17 G3 X-8.1875 Y-0.4808 I-0.0096 J0.
Y-0.5192 Z0.0397 I0. J-0.0192
Y-0.4807 Z0.0294 I0. J0.0192
Y-0.5192 Z0.0191 I0. J-0.0192
Y-0.4807 Z0.0088 I0. J0.0193
Y-0.5193 Z-0.0015 I0. J-0.0193
Y-0.4807 Z-0.0118 I0. J0.0193
Y-0.5193 Z-0.0221 I0. J-0.0193
Y-0.4807 Z-0.0324 I0. J0.0193
Y-0.5193 Z-0.0427 I0. J-0.0193
Y-0.4807 Z-0.053 I0. J0.0193
Y-0.5193 Z-0.0633 I0. J-0.0193
Y-0.4807 Z-0.0736 I0. J0.0193
Y-0.5193 Z-0.0839 I0. J-0.0193
Y-0.4807 Z-0.0942 I0. J0.0193
Y-0.5193 Z-0.1045 I0. J-0.0193
Y-0.4807 Z-0.1148 I0. J0.0193
Y-0.5193 Z-0.1251 I0. J-0.0193
Y-0.4807 Z-0.1354 I0. J0.0193
X-8.1916 Y-0.5188 Z-0.145 I0. J-0.0193
X-8.1834 Y-0.4812 I0.0041 J0.0188
X-8.1916 Y-0.5188 I-0.0041 J-0.0188
X-8.1801 Y-0.5115 I0.0021 J0.0094
G1 X-8.1785 Y-0.5038
X-8.1778 Y-0.5008 Z-0.1447
X-8.1772 Y-0.4979 Z-0.1438
X-8.1766 Y-0.4952 Z-0.1423
X-8.1761 Y-0.4929 Z-0.1404
X-8.1757 Y-0.491 Z-0.138
X-8.1754 Y-0.4895 Z-0.1353
X-8.1752 Y-0.4887 Z-0.1323
X-8.1751 Y-0.4884 Z-0.1292
G0 Z0.4
X-8.6779 Y-0.514
Z0.13
G1 Z0.0658 F40.
G19 G3 Y-0.4983 Z0.05 J0.0158 K0.
G1 Y-0.4904
G17 G3 X-8.6875 Y-0.4808 I-0.0096 J0.
Y-0.5192 Z0.0397 I0. J-0.0192
Y-0.4808 Z0.0294 I0. J0.0192
Y-0.5192 Z0.0191 I0. J-0.0192
Y-0.4808 Z0.0088 I0. J0.0192
Y-0.5192 Z-0.0015 I0. J-0.0192
Y-0.4808 Z-0.0118 I0. J0.0192
Y-0.5192 Z-0.0221 I0. J-0.0192
Y-0.4808 Z-0.0324 I0. J0.0192
Y-0.5192 Z-0.0427 I0. J-0.0192
Y-0.4808 Z-0.053 I0. J0.0192
Y-0.5192 Z-0.0633 I0. J-0.0192
Y-0.4808 Z-0.0736 I0. J0.0192
Y-0.5192 Z-0.0839 I0. J-0.0192
Y-0.4808 Z-0.0942 I0. J0.0192
Y-0.5192 Z-0.1045 I0. J-0.0192
Y-0.4808 Z-0.1148 I0. J0.0192
Y-0.5192 Z-0.1251 I0. J-0.0192
Y-0.4808 Z-0.1354 I0. J0.0192
X-8.6916 Y-0.5188 Z-0.145 I0. J-0.0192
X-8.6834 Y-0.4812 I0.0041 J0.0188
X-8.6916 Y-0.5188 I-0.0041 J-0.0188
X-8.6801 Y-0.5115 I0.0021 J0.0094
G1 X-8.6785 Y-0.5038
X-8.6778 Y-0.5008 Z-0.1447
X-8.6772 Y-0.4979 Z-0.1438
X-8.6766 Y-0.4952 Z-0.1423
X-8.6761 Y-0.4929 Z-0.1404
X-8.6757 Y-0.491 Z-0.138
X-8.6754 Y-0.4895 Z-0.1353
X-8.6752 Y-0.4887 Z-0.1323
X-8.6751 Y-0.4884 Z-0.1292
G0 Z0.4
X-9.1779 Y-0.514
Z0.13
G1 Z0.0658 F40.
G19 G3 Y-0.4983 Z0.05 J0.0158 K0.
G1 Y-0.4904
G17 G3 X-9.1875 Y-0.4808 I-0.0096 J0.
Y-0.5192 Z0.0397 I0. J-0.0192
Y-0.4808 Z0.0294 I0. J0.0192
Y-0.5192 Z0.0191 I0. J-0.0192
Y-0.4808 Z0.0088 I0. J0.0192
Y-0.5192 Z-0.0015 I0. J-0.0192
Y-0.4808 Z-0.0118 I0. J0.0192
Y-0.5192 Z-0.0221 I0. J-0.0192
Y-0.4808 Z-0.0324 I0. J0.0192
Y-0.5192 Z-0.0427 I0. J-0.0192
Y-0.4808 Z-0.053 I0. J0.0192
Y-0.5192 Z-0.0633 I0. J-0.0192
Y-0.4808 Z-0.0736 I0. J0.0192
Y-0.5192 Z-0.0839 I0. J-0.0192
Y-0.4808 Z-0.0942 I0. J0.0192
Y-0.5192 Z-0.1045 I0. J-0.0192
Y-0.4808 Z-0.1148 I0. J0.0192
Y-0.5192 Z-0.1251 I0. J-0.0192
Y-0.4808 Z-0.1354 I0. J0.0192
X-9.1916 Y-0.5188 Z-0.145 I0. J-0.0192
X-9.1834 Y-0.4812 I0.0041 J0.0188
X-9.1916 Y-0.5188 I-0.0041 J-0.0188
X-9.1801 Y-0.5115 I0.0021 J0.0094
G1 X-9.1785 Y-0.5038
X-9.1778 Y-0.5008 Z-0.1447
X-9.1772 Y-0.4979 Z-0.1438
X-9.1766 Y-0.4952 Z-0.1423
X-9.1761 Y-0.4929 Z-0.1404
X-9.1757 Y-0.491 Z-0.138
X-9.1754 Y-0.4895 Z-0.1353
X-9.1752 Y-0.4887 Z-0.1323
X-9.1751 Y-0.4884 Z-0.1292
G0 Z0.4
X-9.6779 Y-0.514
Z0.13
G1 Z0.0658 F40.
G19 G3 Y-0.4983 Z0.05 J0.0158 K0.
G1 Y-0.4904
G17 G3 X-9.6875 Y-0.4808 I-0.0096 J0.
Y-0.5192 Z0.0397 I0. J-0.0192
Y-0.4807 Z0.0294 I0. J0.0192
Y-0.5192 Z0.0191 I0. J-0.0192
Y-0.4807 Z0.0088 I0. J0.0193
Y-0.5193 Z-0.0015 I0. J-0.0193
Y-0.4807 Z-0.0118 I0. J0.0193
Y-0.5193 Z-0.0221 I0. J-0.0193
Y-0.4807 Z-0.0324 I0. J0.0193
Y-0.5193 Z-0.0427 I0. J-0.0193
Y-0.4807 Z-0.053 I0. J0.0193
Y-0.5193 Z-0.0633 I0. J-0.0193
Y-0.4807 Z-0.0736 I0. J0.0193
Y-0.5193 Z-0.0839 I0. J-0.0193
Y-0.4807 Z-0.0942 I0. J0.0193
Y-0.5193 Z-0.1045 I0. J-0.0193
Y-0.4807 Z-0.1148 I0. J0.0193
Y-0.5193 Z-0.1251 I0. J-0.0193
Y-0.4807 Z-0.1354 I0. J0.0193
X-9.6916 Y-0.5188 Z-0.145 I0. J-0.0193
X-9.6834 Y-0.4812 I0.0041 J0.0188
X-9.6916 Y-0.5188 I-0.0041 J-0.0188
X-9.6801 Y-0.5115 I0.0021 J0.0094
G1 X-9.6785 Y-0.5038
X-9.6778 Y-0.5008 Z-0.1447
X-9.6772 Y-0.4979 Z-0.1438
X-9.6766 Y-0.4952 Z-0.1423
X-9.6761 Y-0.4929 Z-0.1404
X-9.6757 Y-0.491 Z-0.138
X-9.6754 Y-0.4895 Z-0.1353
X-9.6752 Y-0.4887 Z-0.1323
X-9.6751 Y-0.4884 Z-0.1292
G0 Z0.4
X-10.1779 Y-0.514
Z0.13
G1 Z0.0658 F40.
G19 G3 Y-0.4983 Z0.05 J0.0158 K0.
G1 Y-0.4904
G17 G3 X-10.1875 Y-0.4808 I-0.0096 J0.
Y-0.5192 Z0.0397 I0. J-0.0192
Y-0.4808 Z0.0294 I0. J0.0192
Y-0.5192 Z0.0191 I0. J-0.0192
Y-0.4808 Z0.0088 I0. J0.0192
Y-0.5192 Z-0.0015 I0. J-0.0192
Y-0.4808 Z-0.0118 I0. J0.0192
Y-0.5192 Z-0.0221 I0. J-0.0192
Y-0.4808 Z-0.0324 I0. J0.0192
Y-0.5192 Z-0.0427 I0. J-0.0192
Y-0.4808 Z-0.053 I0. J0.0192
Y-0.5192 Z-0.0633 I0. J-0.0192
Y-0.4808 Z-0.0736 I0. J0.0192
Y-0.5192 Z-0.0839 I0. J-0.0192
Y-0.4808 Z-0.0942 I0. J0.0192
Y-0.5192 Z-0.1045 I0. J-0.0192
Y-0.4808 Z-0.1148 I0. J0.0192
Y-0.5192 Z-0.1251 I0. J-0.0192
Y-0.4808 Z-0.1354 I0. J0.0192
X-10.1916 Y-0.5188 Z-0.145 I0. J-0.0192
X-10.1834 Y-0.4812 I0.0041 J0.0188
X-10.1916 Y-0.5188 I-0.0041 J-0.0188
X-10.1801 Y-0.5115 I0.0021 J0.0094
G1 X-10.1785 Y-0.5038
X-10.1778 Y-0.5008 Z-0.1447
X-10.1772 Y-0.4979 Z-0.1438
X-10.1766 Y-0.4952 Z-0.1423
X-10.1761 Y-0.4929 Z-0.1404
X-10.1757 Y-0.491 Z-0.138
X-10.1754 Y-0.4895 Z-0.1353
X-10.1752 Y-0.4887 Z-0.1323
X-10.1751 Y-0.4884 Z-0.1292
G0 Z0.4
X-10.6779 Y-0.514
Z0.13
G1 Z0.0658 F40.
G19 G3 Y-0.4983 Z0.05 J0.0158 K0.
G1 Y-0.4904
G17 G3 X-10.6875 Y-0.4808 I-0.0096 J0.
Y-0.5192 Z0.0397 I0. J-0.0192
Y-0.4808 Z0.0294 I0. J0.0192
Y-0.5192 Z0.0191 I0. J-0.0192
Y-0.4808 Z0.0088 I0. J0.0192
Y-0.5192 Z-0.0015 I0. J-0.0192
Y-0.4808 Z-0.0118 I0. J0.0192
Y-0.5192 Z-0.0221 I0. J-0.0192
Y-0.4808 Z-0.0324 I0. J0.0192
Y-0.5192 Z-0.0427 I0. J-0.0192
Y-0.4808 Z-0.053 I0. J0.0192
Y-0.5192 Z-0.0633 I0. J-0.0192
Y-0.4808 Z-0.0736 I0. J0.0192
Y-0.5192 Z-0.0839 I0. J-0.0192
Y-0.4808 Z-0.0942 I0. J0.0192
Y-0.5192 Z-0.1045 I0. J-0.0192
Y-0.4808 Z-0.1148 I0. J0.0192
Y-0.5192 Z-0.1251 I0. J-0.0192
Y-0.4808 Z-0.1354 I0. J0.0192
X-10.6916 Y-0.5188 Z-0.145 I0. J-0.0192
X-10.6834 Y-0.4812 I0.0041 J0.0188
X-10.6916 Y-0.5188 I-0.0041 J-0.0188
X-10.6801 Y-0.5115 I0.0021 J0.0094
G1 X-10.6785 Y-0.5038
X-10.6778 Y-0.5008 Z-0.1447
X-10.6772 Y-0.4979 Z-0.1438
X-10.6766 Y-0.4952 Z-0.1423
X-10.6761 Y-0.4929 Z-0.1404
X-10.6757 Y-0.491 Z-0.138
X-10.6754 Y-0.4895 Z-0.1353
X-10.6752 Y-0.4887 Z-0.1323
X-10.6751 Y-0.4884 Z-0.1292
G0 Z0.4
X-11.1779 Y-0.514
Z0.13
G1 Z0.0658 F40.
G19 G3 Y-0.4983 Z0.05 J0.0158 K0.
G1 Y-0.4904
G17 G3 X-11.1875 Y-0.4808 I-0.0096 J0.
Y-0.5192 Z0.0397 I0. J-0.0192
Y-0.4808 Z0.0294 I0. J0.0192
Y-0.5192 Z0.0191 I0. J-0.0192
Y-0.4808 Z0.0088 I0. J0.0192
Y-0.5192 Z-0.0015 I0. J-0.0192
Y-0.4808 Z-0.0118 I0. J0.0192
Y-0.5192 Z-0.0221 I0. J-0.0192
Y-0.4808 Z-0.0324 I0. J0.0192
Y-0.5192 Z-0.0427 I0. J-0.0192
Y-0.4808 Z-0.053 I0. J0.0192
Y-0.5192 Z-0.0633 I0. J-0.0192
Y-0.4808 Z-0.0736 I0. J0.0192
Y-0.5192 Z-0.0839 I0. J-0.0192
Y-0.4808 Z-0.0942 I0. J0.0192
Y-0.5192 Z-0.1045 I0. J-0.0192
Y-0.4808 Z-0.1148 I0. J0.0192
Y-0.5192 Z-0.1251 I0. J-0.0192
Y-0.4808 Z-0.1354 I0. J0.0192
X-11.1916 Y-0.5188 Z-0.145 I0. J-0.0192
X-11.1834 Y-0.4812 I0.0041 J0.0188
X-11.1916 Y-0.5188 I-0.0041 J-0.0188
X-11.1801 Y-0.5115 I0.0021 J0.0094
G1 X-11.1785 Y-0.5038
X-11.1778 Y-0.5008 Z-0.1447
X-11.1772 Y-0.4979 Z-0.1438
X-11.1766 Y-0.4952 Z-0.1423
X-11.1761 Y-0.4929 Z-0.1404
X-11.1757 Y-0.491 Z-0.138
X-11.1754 Y-0.4895 Z-0.1353
X-11.1752 Y-0.4887 Z-0.1323
X-11.1751 Y-0.4884 Z-0.1292
G0 Z0.4
X-11.6779 Y-0.514
Z0.13
G1 Z0.0658 F40.
G19 G3 Y-0.4983 Z0.05 J0.0158 K0.
G1 Y-0.4904
G17 G3 X-11.6875 Y-0.4808 I-0.0096 J0.
Y-0.5192 Z0.0397 I0. J-0.0192
Y-0.4807 Z0.0294 I0. J0.0193
Y-0.5193 Z0.0191 I0. J-0.0193
Y-0.4807 Z0.0088 I0. J0.0193
Y-0.5193 Z-0.0015 I0. J-0.0193
Y-0.4807 Z-0.0118 I0. J0.0193
Y-0.5193 Z-0.0221 I0. J-0.0193
Y-0.4807 Z-0.0324 I0. J0.0193
Y-0.5193 Z-0.0427 I0. J-0.0193
Y-0.4807 Z-0.053 I0. J0.0193
Y-0.5193 Z-0.0633 I0. J-0.0193
Y-0.4807 Z-0.0736 I0. J0.0193
Y-0.5193 Z-0.0839 I0. J-0.0193
Y-0.4807 Z-0.0942 I0. J0.0193
Y-0.5193 Z-0.1045 I0. J-0.0193
Y-0.4807 Z-0.1148 I0. J0.0193
Y-0.5193 Z-0.1251 I0. J-0.0193
Y-0.4807 Z-0.1354 I0. J0.0193
X-11.6916 Y-0.5188 Z-0.145 I0. J-0.0193
X-11.6834 Y-0.4812 I0.0041 J0.0188
X-11.6916 Y-0.5188 I-0.0041 J-0.0188
X-11.6801 Y-0.5115 I0.0021 J0.0094
G1 X-11.6785 Y-0.5038
X-11.6778 Y-0.5008 Z-0.1447
X-11.6772 Y-0.4979 Z-0.1438
X-11.6766 Y-0.4952 Z-0.1423
X-11.6761 Y-0.4929 Z-0.1404
X-11.6757 Y-0.491 Z-0.138
X-11.6754 Y-0.4895 Z-0.1353
X-11.6752 Y-0.4887 Z-0.1323
X-11.6751 Y-0.4884 Z-0.1292
G0 Z0.4
X-12.1779 Y-0.514
Z0.13
G1 Z0.0658 F40.
G19 G3 Y-0.4983 Z0.05 J0.0158 K0.
G1 Y-0.4904
G17 G3 X-12.1875 Y-0.4808 I-0.0096 J0.
Y-0.5192 Z0.0397 I0. J-0.0192
Y-0.4808 Z0.0294 I0. J0.0192
Y-0.5192 Z0.0191 I0. J-0.0192
Y-0.4808 Z0.0088 I0. J0.0192
Y-0.5192 Z-0.0015 I0. J-0.0192
Y-0.4808 Z-0.0118 I0. J0.0192
Y-0.5192 Z-0.0221 I0. J-0.0192
Y-0.4808 Z-0.0324 I0. J0.0192
Y-0.5192 Z-0.0427 I0. J-0.0192
Y-0.4808 Z-0.053 I0. J0.0192
Y-0.5192 Z-0.0633 I0. J-0.0192
Y-0.4808 Z-0.0736 I0. J0.0192
Y-0.5192 Z-0.0839 I0. J-0.0192
Y-0.4808 Z-0.0942 I0. J0.0192
Y-0.5192 Z-0.1045 I0. J-0.0192
Y-0.4808 Z-0.1148 I0. J0.0192
Y-0.5192 Z-0.1251 I0. J-0.0192
Y-0.4808 Z-0.1354 I0. J0.0192
X-12.1916 Y-0.5188 Z-0.145 I0. J-0.0192
X-12.1834 Y-0.4812 I0.0041 J0.0188
X-12.1916 Y-0.5188 I-0.0041 J-0.0188
X-12.1801 Y-0.5115 I0.0021 J0.0094
G1 X-12.1785 Y-0.5038
X-12.1778 Y-0.5008 Z-0.1447
X-12.1772 Y-0.4979 Z-0.1438
X-12.1766 Y-0.4952 Z-0.1423
X-12.1761 Y-0.4929 Z-0.1404
X-12.1757 Y-0.491 Z-0.138
X-12.1754 Y-0.4895 Z-0.1353
X-12.1752 Y-0.4887 Z-0.1323
X-12.1751 Y-0.4884 Z-0.1292
G0 Z0.4
X-12.6779 Y-0.514
Z0.13
G1 Z0.0658 F40.
G19 G3 Y-0.4983 Z0.05 J0.0158 K0.
G1 Y-0.4904
G17 G3 X-12.6875 Y-0.4808 I-0.0096 J0.
Y-0.5192 Z0.0397 I0. J-0.0192
Y-0.4808 Z0.0294 I0. J0.0192
Y-0.5192 Z0.0191 I0. J-0.0192
Y-0.4808 Z0.0088 I0. J0.0192
Y-0.5192 Z-0.0015 I0. J-0.0192
Y-0.4808 Z-0.0118 I0. J0.0192
Y-0.5192 Z-0.0221 I0. J-0.0192
Y-0.4808 Z-0.0324 I0. J0.0192
Y-0.5192 Z-0.0427 I0. J-0.0192
Y-0.4808 Z-0.053 I0. J0.0192
Y-0.5192 Z-0.0633 I0. J-0.0192
Y-0.4808 Z-0.0736 I0. J0.0192
Y-0.5192 Z-0.0839 I0. J-0.0192
Y-0.4808 Z-0.0942 I0. J0.0192
Y-0.5192 Z-0.1045 I0. J-0.0192
Y-0.4808 Z-0.1148 I0. J0.0192
Y-0.5192 Z-0.1251 I0. J-0.0192
Y-0.4808 Z-0.1354 I0. J0.0192
X-12.6916 Y-0.5188 Z-0.145 I0. J-0.0192
X-12.6834 Y-0.4812 I0.0041 J0.0188
X-12.6916 Y-0.5188 I-0.0041 J-0.0188
X-12.6801 Y-0.5115 I0.0021 J0.0094
G1 X-12.6785 Y-0.5038
X-12.6778 Y-0.5008 Z-0.1447
X-12.6772 Y-0.4979 Z-0.1438
X-12.6766 Y-0.4952 Z-0.1423
X-12.6761 Y-0.4929 Z-0.1404
X-12.6757 Y-0.491 Z-0.138
X-12.6754 Y-0.4895 Z-0.1353
X-12.6752 Y-0.4887 Z-0.1323
X-12.6751 Y-0.4884 Z-0.1292
G0 Z0.4
X-13.1779 Y-0.514
Z0.13
G1 Z0.0658 F40.
G19 G3 Y-0.4983 Z0.05 J0.0158 K0.
G1 Y-0.4904
G17 G3 X-13.1875 Y-0.4808 I-0.0096 J0.
Y-0.5192 Z0.0397 I0. J-0.0192
Y-0.4808 Z0.0294 I0. J0.0192
Y-0.5192 Z0.0191 I0. J-0.0192
Y-0.4808 Z0.0088 I0. J0.0192
Y-0.5192 Z-0.0015 I0. J-0.0192
Y-0.4808 Z-0.0118 I0. J0.0192
Y-0.5192 Z-0.0221 I0. J-0.0192
Y-0.4808 Z-0.0324 I0. J0.0192
Y-0.5192 Z-0.0427 I0. J-0.0192
Y-0.4808 Z-0.053 I0. J0.0192
Y-0.5192 Z-0.0633 I0. J-0.0192
Y-0.4808 Z-0.0736 I0. J0.0192
Y-0.5192 Z-0.0839 I0. J-0.0192
Y-0.4808 Z-0.0942 I0. J0.0192
Y-0.5192 Z-0.1045 I0. J-0.0192
Y-0.4808 Z-0.1148 I0. J0.0192
Y-0.5192 Z-0.1251 I0. J-0.0192
Y-0.4808 Z-0.1354 I0. J0.0192
X-13.1916 Y-0.5188 Z-0.145 I0. J-0.0192
X-13.1834 Y-0.4812 I0.0041 J0.0188
X-13.1916 Y-0.5188 I-0.0041 J-0.0188
X-13.1801 Y-0.5115 I0.0021 J0.0094
G1 X-13.1785 Y-0.5038
X-13.1778 Y-0.5008 Z-0.1447
X-13.1772 Y-0.4979 Z-0.1438
X-13.1766 Y-0.4952 Z-0.1423
X-13.1761 Y-0.4929 Z-0.1404
X-13.1757 Y-0.491 Z-0.138
X-13.1754 Y-0.4895 Z-0.1353
X-13.1752 Y-0.4887 Z-0.1323
X-13.1751 Y-0.4884 Z-0.1292
G0 Z0.4
X-13.6779 Y-0.514
Z0.13
G1 Z0.0658 F40.
G19 G3 Y-0.4983 Z0.05 J0.0158 K0.
G1 Y-0.4904
G17 G3 X-13.6875 Y-0.4808 I-0.0096 J0.
Y-0.5192 Z0.0397 I0. J-0.0192
Y-0.4808 Z0.0294 I0. J0.0192
Y-0.5192 Z0.0191 I0. J-0.0192
Y-0.4808 Z0.0088 I0. J0.0192
Y-0.5192 Z-0.0015 I0. J-0.0192
Y-0.4808 Z-0.0118 I0. J0.0192
Y-0.5192 Z-0.0221 I0. J-0.0192
Y-0.4808 Z-0.0324 I0. J0.0192
Y-0.5192 Z-0.0427 I0. J-0.0192
Y-0.4808 Z-0.053 I0. J0.0192
Y-0.5192 Z-0.0633 I0. J-0.0192
Y-0.4808 Z-0.0736 I0. J0.0192
Y-0.5192 Z-0.0839 I0. J-0.0192
Y-0.4808 Z-0.0942 I0. J0.0192
Y-0.5192 Z-0.1045 I0. J-0.0192
Y-0.4808 Z-0.1148 I0. J0.0192
Y-0.5192 Z-0.1251 I0. J-0.0192
Y-0.4808 Z-0.1354 I0. J0.0192
X-13.6916 Y-0.5188 Z-0.145 I0. J-0.0192
X-13.6834 Y-0.4812 I0.0041 J0.0188
X-13.6916 Y-0.5188 I-0.0041 J-0.0188
X-13.6801 Y-0.5115 I0.0021 J0.0094
G1 X-13.6785 Y-0.5038
X-13.6778 Y-0.5008 Z-0.1447
X-13.6772 Y-0.4979 Z-0.1438
X-13.6766 Y-0.4952 Z-0.1423
X-13.6761 Y-0.4929 Z-0.1404
X-13.6757 Y-0.491 Z-0.138
X-13.6754 Y-0.4895 Z-0.1353
X-13.6752 Y-0.4887 Z-0.1323
X-13.6751 Y-0.4884 Z-0.1292
G0 Z0.4
X-14.1779 Y-0.514
Z0.13
G1 Z0.0658 F40.
G19 G3 Y-0.4983 Z0.05 J0.0158 K0.
G1 Y-0.4904
G17 G3 X-14.1875 Y-0.4808 I-0.0096 J0.
Y-0.5192 Z0.0397 I0. J-0.0192
Y-0.4807 Z0.0294 I0. J0.0193
Y-0.5193 Z0.0191 I0. J-0.0193
Y-0.4807 Z0.0088 I0. J0.0193
Y-0.5193 Z-0.0015 I0. J-0.0193
Y-0.4807 Z-0.0118 I0. J0.0193
Y-0.5193 Z-0.0221 I0. J-0.0193
Y-0.4807 Z-0.0324 I0. J0.0193
Y-0.5193 Z-0.0427 I0. J-0.0193
Y-0.4807 Z-0.053 I0. J0.0193
Y-0.5193 Z-0.0633 I0. J-0.0193
Y-0.4807 Z-0.0736 I0. J0.0193
Y-0.5193 Z-0.0839 I0. J-0.0193
Y-0.4807 Z-0.0942 I0. J0.0193
Y-0.5193 Z-0.1045 I0. J-0.0193
Y-0.4807 Z-0.1148 I0. J0.0193
Y-0.5193 Z-0.1251 I0. J-0.0193
Y-0.4807 Z-0.1354 I0. J0.0193
X-14.1916 Y-0.5188 Z-0.145 I0. J-0.0193
X-14.1834 Y-0.4812 I0.0041 J0.0188
X-14.1916 Y-0.5188 I-0.0041 J-0.0188
X-14.1801 Y-0.5115 I0.0021 J0.0094
G1 X-14.1785 Y-0.5038
X-14.1778 Y-0.5008 Z-0.1447
X-14.1772 Y-0.4979 Z-0.1438
X-14.1766 Y-0.4952 Z-0.1423
X-14.1761 Y-0.4929 Z-0.1404
X-14.1757 Y-0.491 Z-0.138
X-14.1754 Y-0.4895 Z-0.1353
X-14.1752 Y-0.4887 Z-0.1323
X-14.1751 Y-0.4884 Z-0.1292
G0 Z0.4
X-15.1779 Y-0.514
Z0.13
G1 Z0.0658 F40.
G19 G3 Y-0.4983 Z0.05 J0.0158 K0.
G1 Y-0.4904
G17 G3 X-15.1875 Y-0.4808 I-0.0096 J0.
Y-0.5192 Z0.0397 I0. J-0.0192
Y-0.4808 Z0.0294 I0. J0.0192
Y-0.5192 Z0.0191 I0. J-0.0192
Y-0.4808 Z0.0088 I0. J0.0192
Y-0.5192 Z-0.0015 I0. J-0.0192
Y-0.4808 Z-0.0118 I0. J0.0192
Y-0.5192 Z-0.0221 I0. J-0.0192
Y-0.4808 Z-0.0324 I0. J0.0192
Y-0.5192 Z-0.0427 I0. J-0.0192
Y-0.4808 Z-0.053 I0. J0.0192
Y-0.5192 Z-0.0633 I0. J-0.0192
Y-0.4808 Z-0.0736 I0. J0.0192
Y-0.5192 Z-0.0839 I0. J-0.0192
Y-0.4808 Z-0.0942 I0. J0.0192
Y-0.5192 Z-0.1045 I0. J-0.0192
Y-0.4808 Z-0.1148 I0. J0.0192
Y-0.5192 Z-0.1251 I0. J-0.0192
Y-0.4808 Z-0.1354 I0. J0.0192
X-15.1916 Y-0.5188 Z-0.145 I0. J-0.0192
X-15.1834 Y-0.4812 I0.0041 J0.0188
X-15.1916 Y-0.5188 I-0.0041 J-0.0188
X-15.1801 Y-0.5115 I0.0021 J0.0094
G1 X-15.1785 Y-0.5038
X-15.1778 Y-0.5008 Z-0.1447
X-15.1772 Y-0.4979 Z-0.1438
X-15.1766 Y-0.4952 Z-0.1423
X-15.1761 Y-0.4929 Z-0.1404
X-15.1757 Y-0.491 Z-0.138
X-15.1754 Y-0.4895 Z-0.1353
X-15.1752 Y-0.4887 Z-0.1323
X-15.1751 Y-0.4884 Z-0.1292
G0 Z0.4
X-15.6779 Y-0.514
Z0.13
G1 Z0.0658 F40.
G19 G3 Y-0.4983 Z0.05 J0.0158 K0.
G1 Y-0.4904
G17 G3 X-15.6875 Y-0.4808 I-0.0096 J0.
Y-0.5192 Z0.0397 I0. J-0.0192
Y-0.4808 Z0.0294 I0. J0.0192
Y-0.5192 Z0.0191 I0. J-0.0192
Y-0.4808 Z0.0088 I0. J0.0192
Y-0.5192 Z-0.0015 I0. J-0.0192
Y-0.4808 Z-0.0118 I0. J0.0192
Y-0.5192 Z-0.0221 I0. J-0.0192
Y-0.4808 Z-0.0324 I0. J0.0192
Y-0.5192 Z-0.0427 I0. J-0.0192
Y-0.4808 Z-0.053 I0. J0.0192
Y-0.5192 Z-0.0633 I0. J-0.0192
Y-0.4808 Z-0.0736 I0. J0.0192
Y-0.5192 Z-0.0839 I0. J-0.0192
Y-0.4808 Z-0.0942 I0. J0.0192
Y-0.5192 Z-0.1045 I0. J-0.0192
Y-0.4808 Z-0.1148 I0. J0.0192
Y-0.5192 Z-0.1251 I0. J-0.0192
Y-0.4808 Z-0.1354 I0. J0.0192
X-15.6916 Y-0.5188 Z-0.145 I0. J-0.0192
X-15.6834 Y-0.4812 I0.0041 J0.0188
X-15.6916 Y-0.5188 I-0.0041 J-0.0188
X-15.6801 Y-0.5115 I0.0021 J0.0094
G1 X-15.6785 Y-0.5038
X-15.6778 Y-0.5008 Z-0.1447
X-15.6772 Y-0.4979 Z-0.1438
X-15.6766 Y-0.4952 Z-0.1423
X-15.6761 Y-0.4929 Z-0.1404
X-15.6757 Y-0.491 Z-0.138
X-15.6754 Y-0.4895 Z-0.1353
X-15.6752 Y-0.4887 Z-0.1323
X-15.6751 Y-0.4884 Z-0.1292
G0 Z0.4
X-16.1779 Y-0.514
Z0.13
G1 Z0.0658 F40.
G19 G3 Y-0.4983 Z0.05 J0.0158 K0.
G1 Y-0.4904
G17 G3 X-16.1875 Y-0.4808 I-0.0096 J0.
Y-0.5192 Z0.0397 I0. J-0.0192
Y-0.4808 Z0.0294 I0. J0.0192
Y-0.5192 Z0.0191 I0. J-0.0192
Y-0.4808 Z0.0088 I0. J0.0192
Y-0.5192 Z-0.0015 I0. J-0.0192
Y-0.4808 Z-0.0118 I0. J0.0192
Y-0.5192 Z-0.0221 I0. J-0.0192
Y-0.4808 Z-0.0324 I0. J0.0192
Y-0.5192 Z-0.0427 I0. J-0.0192
Y-0.4808 Z-0.053 I0. J0.0192
Y-0.5192 Z-0.0633 I0. J-0.0192
Y-0.4808 Z-0.0736 I0. J0.0192
Y-0.5192 Z-0.0839 I0. J-0.0192
Y-0.4808 Z-0.0942 I0. J0.0192
Y-0.5192 Z-0.1045 I0. J-0.0192
Y-0.4808 Z-0.1148 I0. J0.0192
Y-0.5192 Z-0.1251 I0. J-0.0192
Y-0.4808 Z-0.1354 I0. J0.0192
X-16.1916 Y-0.5188 Z-0.145 I0. J-0.0192
X-16.1834 Y-0.4812 I0.0041 J0.0188
X-16.1916 Y-0.5188 I-0.0041 J-0.0188
X-16.1801 Y-0.5115 I0.0021 J0.0094
G1 X-16.1785 Y-0.5038
X-16.1778 Y-0.5008 Z-0.1447
X-16.1772 Y-0.4979 Z-0.1438
X-16.1766 Y-0.4952 Z-0.1423
X-16.1761 Y-0.4929 Z-0.1404
X-16.1757 Y-0.491 Z-0.138
X-16.1754 Y-0.4895 Z-0.1353
X-16.1752 Y-0.4887 Z-0.1323
X-16.1751 Y-0.4884 Z-0.1292
G0 Z0.4
X-16.6779 Y-0.514
Z0.13
G1 Z0.0658 F40.
G19 G3 Y-0.4983 Z0.05 J0.0158 K0.
G1 Y-0.4904
G17 G3 X-16.6875 Y-0.4808 I-0.0096 J0.
Y-0.5192 Z0.0397 I0. J-0.0192
Y-0.4807 Z0.0294 I0. J0.0193
Y-0.5193 Z0.0191 I0. J-0.0193
Y-0.4807 Z0.0088 I0. J0.0193
Y-0.5193 Z-0.0015 I0. J-0.0193
Y-0.4807 Z-0.0118 I0. J0.0193
Y-0.5193 Z-0.0221 I0. J-0.0193
Y-0.4807 Z-0.0324 I0. J0.0193
Y-0.5193 Z-0.0427 I0. J-0.0193
Y-0.4807 Z-0.053 I0. J0.0193
Y-0.5193 Z-0.0633 I0. J-0.0193
Y-0.4807 Z-0.0736 I0. J0.0193
Y-0.5193 Z-0.0839 I0. J-0.0193
Y-0.4807 Z-0.0942 I0. J0.0193
Y-0.5193 Z-0.1045 I0. J-0.0193
Y-0.4807 Z-0.1148 I0. J0.0193
Y-0.5193 Z-0.1251 I0. J-0.0193
Y-0.4807 Z-0.1354 I0. J0.0193
X-16.6916 Y-0.5188 Z-0.145 I0. J-0.0193
X-16.6834 Y-0.4812 I0.0041 J0.0188
X-16.6916 Y-0.5188 I-0.0041 J-0.0188
X-16.6801 Y-0.5115 I0.0021 J0.0094
G1 X-16.6785 Y-0.5038
X-16.6778 Y-0.5008 Z-0.1447
X-16.6772 Y-0.4979 Z-0.1438
X-16.6766 Y-0.4952 Z-0.1423
X-16.6761 Y-0.4929 Z-0.1404
X-16.6757 Y-0.491 Z-0.138
X-16.6754 Y-0.4895 Z-0.1353
X-16.6752 Y-0.4887 Z-0.1323
X-16.6751 Y-0.4884 Z-0.1292
G0 Z0.4
X-17.1779 Y-0.514
Z0.13
G1 Z0.0658 F40.
G19 G3 Y-0.4983 Z0.05 J0.0158 K0.
G1 Y-0.4904
G17 G3 X-17.1875 Y-0.4808 I-0.0096 J0.
Y-0.5192 Z0.0397 I0. J-0.0192
Y-0.4808 Z0.0294 I0. J0.0192
Y-0.5192 Z0.0191 I0. J-0.0192
Y-0.4808 Z0.0088 I0. J0.0192
Y-0.5192 Z-0.0015 I0. J-0.0192
Y-0.4808 Z-0.0118 I0. J0.0192
Y-0.5192 Z-0.0221 I0. J-0.0192
Y-0.4808 Z-0.0324 I0. J0.0192
Y-0.5192 Z-0.0427 I0. J-0.0192
Y-0.4808 Z-0.053 I0. J0.0192
Y-0.5192 Z-0.0633 I0. J-0.0192
Y-0.4808 Z-0.0736 I0. J0.0192
Y-0.5192 Z-0.0839 I0. J-0.0192
Y-0.4808 Z-0.0942 I0. J0.0192
Y-0.5192 Z-0.1045 I0. J-0.0192
Y-0.4808 Z-0.1148 I0. J0.0192
Y-0.5192 Z-0.1251 I0. J-0.0192
Y-0.4808 Z-0.1354 I0. J0.0192
X-17.1916 Y-0.5188 Z-0.145 I0. J-0.0192
X-17.1834 Y-0.4812 I0.0041 J0.0188
X-17.1916 Y-0.5188 I-0.0041 J-0.0188
X-17.1801 Y-0.5115 I0.0021 J0.0094
G1 X-17.1785 Y-0.5038
X-17.1778 Y-0.5008 Z-0.1447
X-17.1772 Y-0.4979 Z-0.1438
X-17.1766 Y-0.4952 Z-0.1423
X-17.1761 Y-0.4929 Z-0.1404
X-17.1757 Y-0.491 Z-0.138
X-17.1754 Y-0.4895 Z-0.1353
X-17.1752 Y-0.4887 Z-0.1323
X-17.1751 Y-0.4884 Z-0.1292
G0 Z0.4
X-17.6779 Y-0.514
Z0.13
G1 Z0.0658 F40.
G19 G3 Y-0.4983 Z0.05 J0.0158 K0.
G1 Y-0.4904
G17 G3 X-17.6875 Y-0.4808 I-0.0096 J0.
Y-0.5192 Z0.0397 I0. J-0.0192
Y-0.4808 Z0.0294 I0. J0.0192
Y-0.5192 Z0.0191 I0. J-0.0192
Y-0.4808 Z0.0088 I0. J0.0192
Y-0.5192 Z-0.0015 I0. J-0.0192
Y-0.4808 Z-0.0118 I0. J0.0192
Y-0.5192 Z-0.0221 I0. J-0.0192
Y-0.4808 Z-0.0324 I0. J0.0192
Y-0.5192 Z-0.0427 I0. J-0.0192
Y-0.4808 Z-0.053 I0. J0.0192
Y-0.5192 Z-0.0633 I0. J-0.0192
Y-0.4808 Z-0.0736 I0. J0.0192
Y-0.5192 Z-0.0839 I0. J-0.0192
Y-0.4808 Z-0.0942 I0. J0.0192
Y-0.5192 Z-0.1045 I0. J-0.0192
Y-0.4808 Z-0.1148 I0. J0.0192
Y-0.5192 Z-0.1251 I0. J-0.0192
Y-0.4808 Z-0.1354 I0. J0.0192
X-17.6916 Y-0.5188 Z-0.145 I0. J-0.0192
X-17.6834 Y-0.4812 I0.0041 J0.0188
X-17.6916 Y-0.5188 I-0.0041 J-0.0188
X-17.6801 Y-0.5115 I0.0021 J0.0094
G1 X-17.6785 Y-0.5038
X-17.6778 Y-0.5008 Z-0.1447
X-17.6772 Y-0.4979 Z-0.1438
X-17.6766 Y-0.4952 Z-0.1423
X-17.6761 Y-0.4929 Z-0.1404
X-17.6757 Y-0.491 Z-0.138
X-17.6754 Y-0.4895 Z-0.1353
X-17.6752 Y-0.4887 Z-0.1323
X-17.6751 Y-0.4884 Z-0.1292
G0 Z0.4
X-18.1779 Y-0.514
Z0.13
G1 Z0.0658 F40.
G19 G3 Y-0.4983 Z0.05 J0.0158 K0.
G1 Y-0.4904
G17 G3 X-18.1875 Y-0.4808 I-0.0096 J0.
Y-0.5192 Z0.0397 I0. J-0.0192
Y-0.4808 Z0.0294 I0. J0.0192
Y-0.5192 Z0.0191 I0. J-0.0192
Y-0.4808 Z0.0088 I0. J0.0192
Y-0.5192 Z-0.0015 I0. J-0.0192
Y-0.4808 Z-0.0118 I0. J0.0192
Y-0.5192 Z-0.0221 I0. J-0.0192
Y-0.4808 Z-0.0324 I0. J0.0192
Y-0.5192 Z-0.0427 I0. J-0.0192
Y-0.4808 Z-0.053 I0. J0.0192
Y-0.5192 Z-0.0633 I0. J-0.0192
Y-0.4808 Z-0.0736 I0. J0.0192
Y-0.5192 Z-0.0839 I0. J-0.0192
Y-0.4808 Z-0.0942 I0. J0.0192
Y-0.5192 Z-0.1045 I0. J-0.0192
Y-0.4808 Z-0.1148 I0. J0.0192
Y-0.5192 Z-0.1251 I0. J-0.0192
Y-0.4808 Z-0.1354 I0. J0.0192
X-18.1916 Y-0.5188 Z-0.145 I0. J-0.0192
X-18.1834 Y-0.4812 I0.0041 J0.0188
X-18.1916 Y-0.5188 I-0.0041 J-0.0188
X-18.1801 Y-0.5115 I0.0021 J0.0094
G1 X-18.1785 Y-0.5038
X-18.1778 Y-0.5008 Z-0.1447
X-18.1772 Y-0.4979 Z-0.1438
X-18.1766 Y-0.4952 Z-0.1423
X-18.1761 Y-0.4929 Z-0.1404
X-18.1757 Y-0.491 Z-0.138
X-18.1754 Y-0.4895 Z-0.1353
X-18.1752 Y-0.4887 Z-0.1323
X-18.1751 Y-0.4884 Z-0.1292
G0 Z0.4
X-18.6779 Y-0.514
Z0.13
G1 Z0.0658 F40.
G19 G3 Y-0.4983 Z0.05 J0.0158 K0.
G1 Y-0.4904
G17 G3 X-18.6875 Y-0.4808 I-0.0096 J0.
Y-0.5192 Z0.0397 I0. J-0.0192
Y-0.4808 Z0.0294 I0. J0.0192
Y-0.5192 Z0.0191 I0. J-0.0192
Y-0.4808 Z0.0088 I0. J0.0192
Y-0.5192 Z-0.0015 I0. J-0.0192
Y-0.4808 Z-0.0118 I0. J0.0192
Y-0.5192 Z-0.0221 I0. J-0.0192
Y-0.4808 Z-0.0324 I0. J0.0192
Y-0.5192 Z-0.0427 I0. J-0.0192
Y-0.4808 Z-0.053 I0. J0.0192
Y-0.5192 Z-0.0633 I0. J-0.0192
Y-0.4808 Z-0.0736 I0. J0.0192
Y-0.5192 Z-0.0839 I0. J-0.0192
Y-0.4808 Z-0.0942 I0. J0.0192
Y-0.5192 Z-0.1045 I0. J-0.0192
Y-0.4808 Z-0.1148 I0. J0.0192
Y-0.5192 Z-0.1251 I0. J-0.0192
Y-0.4808 Z-0.1354 I0. J0.0192
X-18.6916 Y-0.5188 Z-0.145 I0. J-0.0192
X-18.6834 Y-0.4812 I0.0041 J0.0188
X-18.6916 Y-0.5188 I-0.0041 J-0.0188
X-18.6801 Y-0.5115 I0.0021 J0.0094
G1 X-18.6785 Y-0.5038
X-18.6778 Y-0.5008 Z-0.1447
X-18.6772 Y-0.4979 Z-0.1438
X-18.6766 Y-0.4952 Z-0.1423
X-18.6761 Y-0.4929 Z-0.1404
X-18.6757 Y-0.491 Z-0.138
X-18.6754 Y-0.4895 Z-0.1353
X-18.6752 Y-0.4887 Z-0.1323
X-18.6751 Y-0.4884 Z-0.1292
G0 Z0.4
X-19.1779 Y-0.514
Z0.13
G1 Z0.0658 F40.
G19 G3 Y-0.4983 Z0.05 J0.0158 K0.
G1 Y-0.4904
G17 G3 X-19.1875 Y-0.4808 I-0.0096 J0.
Y-0.5192 Z0.0397 I0. J-0.0192
Y-0.4807 Z0.0294 I0. J0.0193
Y-0.5193 Z0.0191 I0. J-0.0193
Y-0.4807 Z0.0088 I0. J0.0193
Y-0.5193 Z-0.0015 I0. J-0.0193
Y-0.4807 Z-0.0118 I0. J0.0193
Y-0.5193 Z-0.0221 I0. J-0.0193
Y-0.4807 Z-0.0324 I0. J0.0193
Y-0.5193 Z-0.0427 I0. J-0.0193
Y-0.4807 Z-0.053 I0. J0.0193
Y-0.5193 Z-0.0633 I0. J-0.0193
Y-0.4807 Z-0.0736 I0. J0.0193
Y-0.5193 Z-0.0839 I0. J-0.0193
Y-0.4807 Z-0.0942 I0. J0.0193
Y-0.5193 Z-0.1045 I0. J-0.0193
Y-0.4807 Z-0.1148 I0. J0.0193
Y-0.5193 Z-0.1251 I0. J-0.0193
Y-0.4807 Z-0.1354 I0. J0.0193
X-19.1916 Y-0.5188 Z-0.145 I0. J-0.0193
X-19.1834 Y-0.4812 I0.0041 J0.0188
X-19.1916 Y-0.5188 I-0.0041 J-0.0188
X-19.1801 Y-0.5115 I0.0021 J0.0094
G1 X-19.1785 Y-0.5038
X-19.1778 Y-0.5008 Z-0.1447
X-19.1772 Y-0.4979 Z-0.1438
X-19.1766 Y-0.4952 Z-0.1423
X-19.1761 Y-0.4929 Z-0.1404
X-19.1757 Y-0.491 Z-0.138
X-19.1754 Y-0.4895 Z-0.1353
X-19.1752 Y-0.4887 Z-0.1323
X-19.1751 Y-0.4884 Z-0.1292
G0 Z0.4
X-19.6779 Y-0.514
Z0.13
G1 Z0.0658 F40.
G19 G3 Y-0.4983 Z0.05 J0.0158 K0.
G1 Y-0.4904
G17 G3 X-19.6875 Y-0.4808 I-0.0096 J0.
Y-0.5192 Z0.0397 I0. J-0.0192
Y-0.4808 Z0.0294 I0. J0.0192
Y-0.5192 Z0.0191 I0. J-0.0192
Y-0.4808 Z0.0088 I0. J0.0192
Y-0.5192 Z-0.0015 I0. J-0.0192
Y-0.4808 Z-0.0118 I0. J0.0192
Y-0.5192 Z-0.0221 I0. J-0.0192
Y-0.4808 Z-0.0324 I0. J0.0192
Y-0.5192 Z-0.0427 I0. J-0.0192
Y-0.4808 Z-0.053 I0. J0.0192
Y-0.5192 Z-0.0633 I0. J-0.0192
Y-0.4808 Z-0.0736 I0. J0.0192
Y-0.5192 Z-0.0839 I0. J-0.0192
Y-0.4808 Z-0.0942 I0. J0.0192
Y-0.5192 Z-0.1045 I0. J-0.0192
Y-0.4808 Z-0.1148 I0. J0.0192
Y-0.5192 Z-0.1251 I0. J-0.0192
Y-0.4808 Z-0.1354 I0. J0.0192
X-19.6916 Y-0.5188 Z-0.145 I0. J-0.0192
X-19.6834 Y-0.4812 I0.0041 J0.0188
X-19.6916 Y-0.5188 I-0.0041 J-0.0188
X-19.6801 Y-0.5115 I0.0021 J0.0094
G1 X-19.6785 Y-0.5038
X-19.6778 Y-0.5008 Z-0.1447
X-19.6772 Y-0.4979 Z-0.1438
X-19.6766 Y-0.4952 Z-0.1423
X-19.6761 Y-0.4929 Z-0.1404
X-19.6757 Y-0.491 Z-0.138
X-19.6754 Y-0.4895 Z-0.1353
X-19.6752 Y-0.4887 Z-0.1323
X-19.6751 Y-0.4884 Z-0.1292
G0 Z0.4
X-20.1779 Y-0.514
Z0.13
G1 Z0.0658 F40.
G19 G3 Y-0.4983 Z0.05 J0.0158 K0.
G1 Y-0.4904
G17 G3 X-20.1875 Y-0.4808 I-0.0096 J0.
Y-0.5192 Z0.0397 I0. J-0.0192
Y-0.4808 Z0.0294 I0. J0.0192
Y-0.5192 Z0.0191 I0. J-0.0192
Y-0.4808 Z0.0088 I0. J0.0192
Y-0.5192 Z-0.0015 I0. J-0.0192
Y-0.4808 Z-0.0118 I0. J0.0192
Y-0.5192 Z-0.0221 I0. J-0.0192
Y-0.4808 Z-0.0324 I0. J0.0192
Y-0.5192 Z-0.0427 I0. J-0.0192
Y-0.4808 Z-0.053 I0. J0.0192
Y-0.5192 Z-0.0633 I0. J-0.0192
Y-0.4808 Z-0.0736 I0. J0.0192
Y-0.5192 Z-0.0839 I0. J-0.0192
Y-0.4808 Z-0.0942 I0. J0.0192
Y-0.5192 Z-0.1045 I0. J-0.0192
Y-0.4808 Z-0.1148 I0. J0.0192
Y-0.5192 Z-0.1251 I0. J-0.0192
Y-0.4808 Z-0.1354 I0. J0.0192
X-20.1916 Y-0.5188 Z-0.145 I0. J-0.0192
X-20.1834 Y-0.4812 I0.0041 J0.0188
X-20.1916 Y-0.5188 I-0.0041 J-0.0188
X-20.1801 Y-0.5115 I0.0021 J0.0094
G1 X-20.1785 Y-0.5038
X-20.1778 Y-0.5008 Z-0.1447
X-20.1772 Y-0.4979 Z-0.1438
X-20.1766 Y-0.4952 Z-0.1423
X-20.1761 Y-0.4929 Z-0.1404
X-20.1757 Y-0.491 Z-0.138
X-20.1754 Y-0.4895 Z-0.1353
X-20.1752 Y-0.4887 Z-0.1323
X-20.1751 Y-0.4884 Z-0.1292
G0 Z0.4
X-20.6779 Y-0.514
Z0.13
G1 Z0.0658 F40.
G19 G3 Y-0.4983 Z0.05 J0.0158 K0.
G1 Y-0.4904
G17 G3 X-20.6875 Y-0.4808 I-0.0096 J0.
Y-0.5193 Z0.0397 I0. J-0.0192
Y-0.4807 Z0.0294 I0. J0.0193
Y-0.5193 Z0.0191 I0. J-0.0193
Y-0.4807 Z0.0088 I0. J0.0193
Y-0.5193 Z-0.0015 I0. J-0.0193
X-20.6774 Y-0.4836 Z-0.01 I0. J0.0193
X-20.6976 Y-0.5164 Z-0.0203 I-0.0101 J-0.0164
X-20.6774 Y-0.4836 Z-0.0306 I0.0101 J0.0164
X-20.6976 Y-0.5164 Z-0.0409 I-0.0101 J-0.0164
X-20.6774 Y-0.4836 Z-0.0512 I0.0101 J0.0164
X-20.6976 Y-0.5164 Z-0.0615 I-0.0101 J-0.0164
X-20.6774 Y-0.4836 Z-0.0718 I0.0101 J0.0164
X-20.6976 Y-0.5164 Z-0.0821 I-0.0101 J-0.0164
X-20.6812 Y-0.5182 Z-0.085 I0.0101 J0.0164
X-20.6938 Y-0.4818 Z-0.0953 I-0.0063 J0.0182
X-20.6812 Y-0.5182 Z-0.1056 I0.0063 J-0.0182
X-20.6938 Y-0.4818 Z-0.1159 I-0.0063 J0.0182
X-20.6812 Y-0.5182 Z-0.1262 I0.0063 J-0.0182
X-20.6938 Y-0.4818 Z-0.1365 I-0.0063 J0.0182
X-20.6916 Y-0.5188 Z-0.145 I0.0063 J-0.0182
X-20.6834 Y-0.4812 I0.0041 J0.0188
X-20.6916 Y-0.5188 I-0.0041 J-0.0188
X-20.6801 Y-0.5115 I0.0021 J0.0094
G1 X-20.6785 Y-0.5038
X-20.6778 Y-0.5008 Z-0.1447
X-20.6772 Y-0.4979 Z-0.1438
X-20.6766 Y-0.4952 Z-0.1423
X-20.6761 Y-0.4929 Z-0.1404
X-20.6757 Y-0.491 Z-0.138
X-20.6754 Y-0.4895 Z-0.1353
X-20.6752 Y-0.4887 Z-0.1323
X-20.6751 Y-0.4884 Z-0.1292
G0 Z0.4
X-21.2485 Y-0.4904
Z0.13
G1 Z0.0658 F40.
G18 G3 X-21.2642 Z0.05 I-0.0157 K0.
G1 X-21.2721
G17 G3 X-21.2818 Y-0.5 I0. J-0.0096
X-21.2433 Z0.0397 I0.0193 J0.
X-21.2818 Z0.0294 I-0.0193 J0.
X-21.2433 Z0.0191 I0.0193 J0.
X-21.2818 Z0.0088 I-0.0193 J0.
X-21.2433 Z-0.0015 I0.0193 J0.
X-21.2818 Z-0.0118 I-0.0193 J0.
X-21.2433 Z-0.0221 I0.0193 J0.
X-21.2818 Z-0.0324 I-0.0193 J0.
X-21.2433 Z-0.0427 I0.0193 J0.
X-21.2818 Z-0.053 I-0.0193 J0.
X-21.2433 Z-0.0633 I0.0193 J0.
X-21.2818 Z-0.0736 I-0.0193 J0.
X-21.2433 Z-0.0839 I0.0193 J0.
X-21.2818 Z-0.0942 I-0.0193 J0.
X-21.2433 Z-0.1045 I0.0193 J0.
X-21.2818 Z-0.1148 I-0.0193 J0.
X-21.2433 Z-0.1251 I0.0193 J0.
X-21.2818 Z-0.1354 I-0.0193 J0.
X-21.2437 Y-0.5041 Z-0.145 I0.0193 J0.
X-21.2813 Y-0.4959 I-0.0188 J0.0041
X-21.2437 Y-0.5041 I0.0188 J-0.0041
X-21.251 Y-0.4926 I-0.0094 J0.0021
G1 X-21.2587 Y-0.491
X-21.2617 Y-0.4903 Z-0.1447
X-21.2646 Y-0.4897 Z-0.1438
X-21.2673 Y-0.4891 Z-0.1423
X-21.2696 Y-0.4886 Z-0.1404
X-21.2715 Y-0.4882 Z-0.138
X-21.273 Y-0.4879 Z-0.1353
X-21.2738 Y-0.4877 Z-0.1323
X-21.2741 Y-0.4876 Z-0.1292
G0 Z0.4
X-21.7485 Y-0.4904
Z0.13
G1 Z0.0658 F40.
G18 G3 X-21.7643 Z0.05 I-0.0157 K0.
G1 X-21.7721
G17 G3 X-21.7818 Y-0.5 I0. J-0.0096
X-21.7433 Z0.0397 I0.0193 J0.
X-21.7818 Z0.0294 I-0.0193 J0.
X-21.7433 Z0.0191 I0.0193 J0.
X-21.7818 Z0.0088 I-0.0193 J0.
X-21.7433 Z-0.0015 I0.0193 J0.
X-21.7818 Z-0.0118 I-0.0193 J0.
X-21.7433 Z-0.0221 I0.0193 J0.
X-21.7818 Z-0.0324 I-0.0193 J0.
X-21.7433 Z-0.0427 I0.0193 J0.
X-21.7818 Z-0.053 I-0.0193 J0.
X-21.7433 Z-0.0633 I0.0193 J0.
X-21.7818 Z-0.0736 I-0.0193 J0.
X-21.7433 Z-0.0839 I0.0193 J0.
X-21.7818 Z-0.0942 I-0.0193 J0.
X-21.7433 Z-0.1045 I0.0193 J0.
X-21.7818 Z-0.1148 I-0.0193 J0.
X-21.7433 Z-0.1251 I0.0193 J0.
X-21.7818 Z-0.1354 I-0.0193 J0.
X-21.7437 Y-0.5041 Z-0.145 I0.0193 J0.
X-21.7813 Y-0.4959 I-0.0188 J0.0041
X-21.7437 Y-0.5041 I0.0188 J-0.0041
X-21.751 Y-0.4926 I-0.0094 J0.0021
G1 X-21.7587 Y-0.491
X-21.7617 Y-0.4903 Z-0.1447
X-21.7646 Y-0.4897 Z-0.1438
X-21.7673 Y-0.4891 Z-0.1423
X-21.7696 Y-0.4886 Z-0.1404
X-21.7715 Y-0.4882 Z-0.138
X-21.773 Y-0.4879 Z-0.1353
X-21.7738 Y-0.4877 Z-0.1323
X-21.7741 Y-0.4876 Z-0.1292
G0 Z0.4
X-22.2485 Y-0.4904
Z0.13
G1 Z0.0658 F40.
G18 G3 X-22.2643 Z0.05 I-0.0158 K0.
G1 X-22.2721
G17 G3 X-22.2817 Y-0.5 I0. J-0.0096
X-22.2433 Z0.0397 I0.0192 J0.
X-22.2817 Z0.0294 I-0.0192 J0.
X-22.2433 Z0.0191 I0.0192 J0.
X-22.2818 Z0.0088 I-0.0192 J0.
X-22.2433 Z-0.0015 I0.0192 J0.
X-22.2818 Z-0.0118 I-0.0193 J0.
X-22.2433 Z-0.0221 I0.0193 J0.
X-22.2503 Y-0.4851 Z-0.025 I-0.0193 J0.
X-22.2747 Y-0.5149 Z-0.0353 I-0.0122 J-0.0149
X-22.2494 Y-0.5141 Z-0.04 I0.0122 J0.0149
X-22.2756 Y-0.4859 Z-0.0503 I-0.0131 J0.0141
X-22.2494 Y-0.5141 Z-0.0606 I0.0131 J-0.0141
X-22.2756 Y-0.4859 Z-0.0709 I-0.0131 J0.0141
X-22.2494 Y-0.5141 Z-0.0812 I0.0131 J-0.0141
X-22.2443 Y-0.4937 Z-0.085 I-0.0131 J0.0141
X-22.2807 Y-0.5063 Z-0.0953 I-0.0182 J-0.0063
X-22.2587 Y-0.5189 Z-0.1 I0.0182 J0.0063
X-22.2663 Y-0.4811 Z-0.1103 I-0.0038 J0.0189
X-22.2587 Y-0.5189 Z-0.1206 I0.0038 J-0.0189
X-22.261 Y-0.4808 Z-0.13 I-0.0038 J0.0189
X-22.264 Y-0.5192 Z-0.1403 I-0.0015 J-0.0192
X-22.2437 Y-0.5041 Z-0.145 I0.0015 J0.0192
X-22.2813 Y-0.4959 I-0.0188 J0.0041
X-22.2437 Y-0.5041 I0.0188 J-0.0041
X-22.251 Y-0.4926 I-0.0094 J0.0021
G1 X-22.2587 Y-0.491
X-22.2617 Y-0.4903 Z-0.1447
X-22.2646 Y-0.4897 Z-0.1438
X-22.2673 Y-0.4891 Z-0.1423
X-22.2696 Y-0.4886 Z-0.1404
X-22.2715 Y-0.4882 Z-0.138
X-22.273 Y-0.4879 Z-0.1353
X-22.2738 Y-0.4877 Z-0.1323
X-22.2741 Y-0.4876 Z-0.1292
G0 Z0.4
X-22.7485 Y-0.4904
Z0.13
G1 Z0.0658 F40.
G18 G3 X-22.7643 Z0.05 I-0.0158 K0.
G1 X-22.7721
G17 G3 X-22.7817 Y-0.5 I0. J-0.0096
X-22.7432 Z0.0397 I0.0193 J0.
X-22.7817 Z0.0294 I-0.0193 J0.
X-22.7432 Z0.0191 I0.0193 J0.
X-22.7817 Z0.0088 I-0.0193 J0.
X-22.7432 Z-0.0015 I0.0193 J0.
X-22.7817 Z-0.0118 I-0.0193 J0.
X-22.7432 Z-0.0221 I0.0193 J0.
X-22.7817 Z-0.0324 I-0.0193 J0.
X-22.7432 Z-0.0427 I0.0193 J0.
X-22.7817 Z-0.053 I-0.0193 J0.
X-22.7432 Z-0.0633 I0.0193 J0.
X-22.7817 Z-0.0736 I-0.0193 J0.
X-22.7432 Z-0.0839 I0.0193 J0.
X-22.7817 Z-0.0942 I-0.0193 J0.
X-22.7432 Z-0.1045 I0.0193 J0.
X-22.7817 Z-0.1148 I-0.0193 J0.
X-22.7432 Z-0.1251 I0.0193 J0.
X-22.7817 Z-0.1354 I-0.0193 J0.
X-22.7437 Y-0.5041 Z-0.145 I0.0193 J0.
X-22.7813 Y-0.4959 I-0.0188 J0.0041
X-22.7437 Y-0.5041 I0.0188 J-0.0041
X-22.751 Y-0.4926 I-0.0094 J0.0021
G1 X-22.7587 Y-0.491
X-22.7617 Y-0.4903 Z-0.1447
X-22.7646 Y-0.4897 Z-0.1438
X-22.7673 Y-0.4891 Z-0.1423
X-22.7696 Y-0.4886 Z-0.1404
X-22.7715 Y-0.4882 Z-0.138
X-22.773 Y-0.4879 Z-0.1353
X-22.7738 Y-0.4877 Z-0.1323
X-22.7741 Y-0.4876 Z-0.1292
G0 Z0.4
X-23.2485 Y-0.4904
Z0.13
G1 Z0.0658 F40.
G18 G3 X-23.2642 Z0.05 I-0.0157 K0.
G1 X-23.2721
G17 G3 X-23.2817 Y-0.5 I0. J-0.0096
X-23.2432 Z0.0397 I0.0193 J0.
X-23.2817 Z0.0294 I-0.0193 J0.
X-23.2432 Z0.0191 I0.0193 J0.
X-23.2817 Z0.0088 I-0.0193 J0.
X-23.2432 Z-0.0015 I0.0193 J0.
X-23.2817 Z-0.0118 I-0.0193 J0.
X-23.2432 Z-0.0221 I0.0193 J0.
X-23.2817 Z-0.0324 I-0.0193 J0.
X-23.2432 Z-0.0427 I0.0193 J0.
X-23.2817 Z-0.053 I-0.0193 J0.
X-23.2432 Z-0.0633 I0.0193 J0.
X-23.2817 Z-0.0736 I-0.0193 J0.
X-23.2432 Z-0.0839 I0.0193 J0.
X-23.2817 Z-0.0942 I-0.0193 J0.
X-23.2432 Z-0.1045 I0.0193 J0.
X-23.2817 Z-0.1148 I-0.0193 J0.
X-23.2432 Z-0.1251 I0.0193 J0.
X-23.2817 Z-0.1354 I-0.0193 J0.
X-23.2437 Y-0.5041 Z-0.145 I0.0193 J0.
X-23.2813 Y-0.4959 I-0.0188 J0.0041
X-23.2437 Y-0.5041 I0.0188 J-0.0041
X-23.251 Y-0.4926 I-0.0094 J0.0021
G1 X-23.2587 Y-0.491
X-23.2617 Y-0.4903 Z-0.1447
X-23.2646 Y-0.4897 Z-0.1438
X-23.2673 Y-0.4891 Z-0.1423
X-23.2696 Y-0.4886 Z-0.1404
X-23.2715 Y-0.4882 Z-0.138
X-23.273 Y-0.4879 Z-0.1353
X-23.2738 Y-0.4877 Z-0.1323
X-23.2741 Y-0.4876 Z-0.1292
G0 Z0.4
X-23.7485 Y-0.4904
Z0.13
G1 Z0.0658 F40.
G18 G3 X-23.7642 Z0.05 I-0.0157 K0.
G1 X-23.7721
G17 G3 X-23.7818 Y-0.5 I0. J-0.0096
X-23.7433 Z0.0397 I0.0193 J0.
X-23.7818 Z0.0294 I-0.0193 J0.
X-23.7433 Z0.0191 I0.0193 J0.
X-23.7818 Z0.0088 I-0.0193 J0.
X-23.7433 Z-0.0015 I0.0193 J0.
X-23.7818 Z-0.0118 I-0.0193 J0.
X-23.7433 Z-0.0221 I0.0193 J0.
X-23.7818 Z-0.0324 I-0.0193 J0.
X-23.7433 Z-0.0427 I0.0193 J0.
X-23.7818 Z-0.053 I-0.0193 J0.
X-23.7433 Z-0.0633 I0.0193 J0.
X-23.7818 Z-0.0736 I-0.0193 J0.
X-23.7433 Z-0.0839 I0.0193 J0.
X-23.7818 Z-0.0942 I-0.0193 J0.
X-23.7433 Z-0.1045 I0.0193 J0.
X-23.7818 Z-0.1148 I-0.0193 J0.
X-23.7433 Z-0.1251 I0.0193 J0.
X-23.7818 Z-0.1354 I-0.0193 J0.
X-23.7437 Y-0.5041 Z-0.145 I0.0193 J0.
X-23.7813 Y-0.4959 I-0.0188 J0.0041
X-23.7437 Y-0.5041 I0.0188 J-0.0041
X-23.751 Y-0.4926 I-0.0094 J0.0021
G1 X-23.7587 Y-0.491
X-23.7617 Y-0.4903 Z-0.1447
X-23.7646 Y-0.4897 Z-0.1438
X-23.7673 Y-0.4891 Z-0.1423
X-23.7696 Y-0.4886 Z-0.1404
X-23.7715 Y-0.4882 Z-0.138
X-23.773 Y-0.4879 Z-0.1353
X-23.7738 Y-0.4877 Z-0.1323
X-23.7741 Y-0.4876 Z-0.1292
G0 Z0.4
X-24.2485 Y-0.4904
Z0.13
G1 Z0.0658 F40.
G18 G3 X-24.2643 Z0.05 I-0.0157 K0.
G1 X-24.2721
G17 G3 X-24.2818 Y-0.5 I0. J-0.0096
X-24.2433 Z0.0397 I0.0193 J0.
X-24.2818 Z0.0294 I-0.0193 J0.
X-24.2433 Z0.0191 I0.0193 J0.
X-24.2818 Z0.0088 I-0.0193 J0.
X-24.2433 Z-0.0015 I0.0193 J0.
X-24.2818 Z-0.0118 I-0.0193 J0.
X-24.2433 Z-0.0221 I0.0193 J0.
X-24.2818 Z-0.0324 I-0.0193 J0.
X-24.2433 Z-0.0427 I0.0193 J0.
X-24.2818 Z-0.053 I-0.0193 J0.
X-24.2433 Z-0.0633 I0.0193 J0.
X-24.2818 Z-0.0736 I-0.0193 J0.
X-24.2433 Z-0.0839 I0.0193 J0.
X-24.2818 Z-0.0942 I-0.0193 J0.
X-24.2433 Z-0.1045 I0.0193 J0.
X-24.2818 Z-0.1148 I-0.0193 J0.
X-24.2433 Z-0.1251 I0.0193 J0.
X-24.2818 Z-0.1354 I-0.0193 J0.
X-24.2437 Y-0.5041 Z-0.145 I0.0193 J0.
X-24.2813 Y-0.4959 I-0.0188 J0.0041
X-24.2437 Y-0.5041 I0.0188 J-0.0041
X-24.251 Y-0.4926 I-0.0094 J0.0021
G1 X-24.2587 Y-0.491
X-24.2617 Y-0.4903 Z-0.1447
X-24.2646 Y-0.4897 Z-0.1438
X-24.2673 Y-0.4891 Z-0.1423
X-24.2696 Y-0.4886 Z-0.1404
X-24.2715 Y-0.4882 Z-0.138
X-24.273 Y-0.4879 Z-0.1353
X-24.2738 Y-0.4877 Z-0.1323
X-24.2741 Y-0.4876 Z-0.1292
G0 Z0.4
X-24.7485 Y-0.4904
Z0.13
G1 Z0.0658 F40.
G18 G3 X-24.7643 Z0.05 I-0.0158 K0.
G1 X-24.7721
G17 G3 X-24.7817 Y-0.5 I0. J-0.0096
X-24.7433 Z0.0397 I0.0192 J0.
X-24.7817 Z0.0294 I-0.0192 J0.
X-24.7433 Z0.0191 I0.0192 J0.
X-24.7818 Z0.0088 I-0.0192 J0.
X-24.7433 Z-0.0015 I0.0192 J0.
X-24.7818 Z-0.0118 I-0.0193 J0.
X-24.7433 Z-0.0221 I0.0193 J0.
X-24.7503 Y-0.4851 Z-0.025 I-0.0193 J0.
X-24.7747 Y-0.5149 Z-0.0353 I-0.0122 J-0.0149
X-24.7494 Y-0.5141 Z-0.04 I0.0122 J0.0149
X-24.7756 Y-0.4859 Z-0.0503 I-0.0131 J0.0141
X-24.7494 Y-0.5141 Z-0.0606 I0.0131 J-0.0141
X-24.7756 Y-0.4859 Z-0.0709 I-0.0131 J0.0141
X-24.7494 Y-0.5141 Z-0.0812 I0.0131 J-0.0141
X-24.7443 Y-0.4937 Z-0.085 I-0.0131 J0.0141
X-24.7807 Y-0.5063 Z-0.0953 I-0.0182 J-0.0063
X-24.7587 Y-0.5189 Z-0.1 I0.0182 J0.0063
X-24.7663 Y-0.4811 Z-0.1103 I-0.0038 J0.0189
X-24.7587 Y-0.5189 Z-0.1206 I0.0038 J-0.0189
X-24.761 Y-0.4808 Z-0.13 I-0.0038 J0.0189
X-24.764 Y-0.5192 Z-0.1403 I-0.0015 J-0.0192
X-24.7437 Y-0.5041 Z-0.145 I0.0015 J0.0192
X-24.7813 Y-0.4959 I-0.0188 J0.0041
X-24.7437 Y-0.5041 I0.0188 J-0.0041
X-24.751 Y-0.4926 I-0.0094 J0.0021
G1 X-24.7587 Y-0.491
X-24.7617 Y-0.4903 Z-0.1447
X-24.7646 Y-0.4897 Z-0.1438
X-24.7673 Y-0.4891 Z-0.1423
X-24.7696 Y-0.4886 Z-0.1404
X-24.7715 Y-0.4882 Z-0.138
X-24.773 Y-0.4879 Z-0.1353
X-24.7738 Y-0.4877 Z-0.1323
X-24.7741 Y-0.4876 Z-0.1292
G0 Z0.4
X-25.2485 Y-0.4904
Z0.13
G1 Z0.0658 F40.
G18 G3 X-25.2643 Z0.05 I-0.0158 K0.
G1 X-25.2721
G17 G3 X-25.2817 Y-0.5 I0. J-0.0096
X-25.2432 Z0.0397 I0.0193 J0.
X-25.2817 Z0.0294 I-0.0193 J0.
X-25.2432 Z0.0191 I0.0193 J0.
X-25.2817 Z0.0088 I-0.0193 J0.
X-25.2432 Z-0.0015 I0.0193 J0.
X-25.2817 Z-0.0118 I-0.0193 J0.
X-25.2432 Z-0.0221 I0.0193 J0.
X-25.2817 Z-0.0324 I-0.0193 J0.
X-25.2432 Z-0.0427 I0.0193 J0.
X-25.2817 Z-0.053 I-0.0193 J0.
X-25.2432 Z-0.0633 I0.0193 J0.
X-25.2817 Z-0.0736 I-0.0193 J0.
X-25.2432 Z-0.0839 I0.0193 J0.
X-25.2817 Z-0.0942 I-0.0193 J0.
X-25.2432 Z-0.1045 I0.0193 J0.
X-25.2817 Z-0.1148 I-0.0193 J0.
X-25.2432 Z-0.1251 I0.0193 J0.
X-25.2817 Z-0.1354 I-0.0193 J0.
X-25.2437 Y-0.5041 Z-0.145 I0.0193 J0.
X-25.2813 Y-0.4959 I-0.0188 J0.0041
X-25.2437 Y-0.5041 I0.0188 J-0.0041
X-25.251 Y-0.4926 I-0.0094 J0.0021
G1 X-25.2587 Y-0.491
X-25.2617 Y-0.4903 Z-0.1447
X-25.2646 Y-0.4897 Z-0.1438
X-25.2673 Y-0.4891 Z-0.1423
X-25.2696 Y-0.4886 Z-0.1404
X-25.2715 Y-0.4882 Z-0.138
X-25.273 Y-0.4879 Z-0.1353
X-25.2738 Y-0.4877 Z-0.1323
X-25.2741 Y-0.4876 Z-0.1292
G0 Z0.4
X-25.7485 Y-0.4904
Z0.13
G1 Z0.0658 F40.
G18 G3 X-25.7642 Z0.05 I-0.0157 K0.
G1 X-25.7721
G17 G3 X-25.7817 Y-0.5 I0. J-0.0096
X-25.7432 Z0.0397 I0.0193 J0.
X-25.7817 Z0.0294 I-0.0193 J0.
X-25.7432 Z0.0191 I0.0193 J0.
X-25.7817 Z0.0088 I-0.0193 J0.
X-25.7432 Z-0.0015 I0.0193 J0.
X-25.7817 Z-0.0118 I-0.0193 J0.
X-25.7432 Z-0.0221 I0.0193 J0.
X-25.7817 Z-0.0324 I-0.0193 J0.
X-25.7432 Z-0.0427 I0.0193 J0.
X-25.7817 Z-0.053 I-0.0193 J0.
X-25.7432 Z-0.0633 I0.0193 J0.
X-25.7817 Z-0.0736 I-0.0193 J0.
X-25.7432 Z-0.0839 I0.0193 J0.
X-25.7817 Z-0.0942 I-0.0193 J0.
X-25.7432 Z-0.1045 I0.0193 J0.
X-25.7817 Z-0.1148 I-0.0193 J0.
X-25.7432 Z-0.1251 I0.0193 J0.
X-25.7817 Z-0.1354 I-0.0193 J0.
X-25.7437 Y-0.5041 Z-0.145 I0.0193 J0.
X-25.7813 Y-0.4959 I-0.0188 J0.0041
X-25.7437 Y-0.5041 I0.0188 J-0.0041
X-25.751 Y-0.4926 I-0.0094 J0.0021
G1 X-25.7587 Y-0.491
X-25.7617 Y-0.4903 Z-0.1447
X-25.7646 Y-0.4897 Z-0.1438
X-25.7673 Y-0.4891 Z-0.1423
X-25.7696 Y-0.4886 Z-0.1404
X-25.7715 Y-0.4882 Z-0.138
X-25.773 Y-0.4879 Z-0.1353
X-25.7738 Y-0.4877 Z-0.1323
X-25.7741 Y-0.4876 Z-0.1292
G0 Z0.4
X-26.2485 Y-0.4904
Z0.13
G1 Z0.0658 F40.
G18 G3 X-26.2642 Z0.05 I-0.0157 K0.
G1 X-26.2721
G17 G3 X-26.2818 Y-0.5 I0. J-0.0096
X-26.2433 Z0.0397 I0.0193 J0.
X-26.2818 Z0.0294 I-0.0193 J0.
X-26.2433 Z0.0191 I0.0193 J0.
X-26.2818 Z0.0088 I-0.0193 J0.
X-26.2433 Z-0.0015 I0.0193 J0.
X-26.2818 Z-0.0118 I-0.0193 J0.
X-26.2433 Z-0.0221 I0.0193 J0.
X-26.2818 Z-0.0324 I-0.0193 J0.
X-26.2433 Z-0.0427 I0.0193 J0.
X-26.2818 Z-0.053 I-0.0193 J0.
X-26.2433 Z-0.0633 I0.0193 J0.
X-26.2818 Z-0.0736 I-0.0193 J0.
X-26.2433 Z-0.0839 I0.0193 J0.
X-26.2818 Z-0.0942 I-0.0193 J0.
X-26.2433 Z-0.1045 I0.0193 J0.
X-26.2818 Z-0.1148 I-0.0193 J0.
X-26.2433 Z-0.1251 I0.0193 J0.
X-26.2818 Z-0.1354 I-0.0193 J0.
X-26.2437 Y-0.5041 Z-0.145 I0.0193 J0.
X-26.2813 Y-0.4959 I-0.0188 J0.0041
X-26.2437 Y-0.5041 I0.0188 J-0.0041
X-26.251 Y-0.4926 I-0.0094 J0.0021
G1 X-26.2587 Y-0.491
X-26.2617 Y-0.4903 Z-0.1447
X-26.2646 Y-0.4897 Z-0.1438
X-26.2673 Y-0.4891 Z-0.1423
X-26.2696 Y-0.4886 Z-0.1404
X-26.2715 Y-0.4882 Z-0.138
X-26.273 Y-0.4879 Z-0.1353
X-26.2738 Y-0.4877 Z-0.1323
X-26.2741 Y-0.4876 Z-0.1292
G0 Z0.4
X-26.7485 Y-0.4904
Z0.13
G1 Z0.0658 F40.
G18 G3 X-26.7643 Z0.05 I-0.0157 K0.
G1 X-26.7721
G17 G3 X-26.7818 Y-0.5 I0. J-0.0096
X-26.7433 Z0.0397 I0.0193 J0.
X-26.7818 Z0.0294 I-0.0193 J0.
X-26.7433 Z0.0191 I0.0193 J0.
X-26.7818 Z0.0088 I-0.0193 J0.
X-26.7433 Z-0.0015 I0.0193 J0.
X-26.7818 Z-0.0118 I-0.0193 J0.
X-26.7433 Z-0.0221 I0.0193 J0.
X-26.7818 Z-0.0324 I-0.0193 J0.
X-26.7433 Z-0.0427 I0.0193 J0.
X-26.7818 Z-0.053 I-0.0193 J0.
X-26.7433 Z-0.0633 I0.0193 J0.
X-26.7818 Z-0.0736 I-0.0193 J0.
X-26.7433 Z-0.0839 I0.0193 J0.
X-26.7818 Z-0.0942 I-0.0193 J0.
X-26.7433 Z-0.1045 I0.0193 J0.
X-26.7818 Z-0.1148 I-0.0193 J0.
X-26.7433 Z-0.1251 I0.0193 J0.
X-26.7818 Z-0.1354 I-0.0193 J0.
X-26.7437 Y-0.5041 Z-0.145 I0.0193 J0.
X-26.7813 Y-0.4959 I-0.0188 J0.0041
X-26.7437 Y-0.5041 I0.0188 J-0.0041
X-26.751 Y-0.4926 I-0.0094 J0.0021
G1 X-26.7587 Y-0.491
X-26.7617 Y-0.4903 Z-0.1447
X-26.7646 Y-0.4897 Z-0.1438
X-26.7673 Y-0.4891 Z-0.1423
X-26.7696 Y-0.4886 Z-0.1404
X-26.7715 Y-0.4882 Z-0.138
X-26.773 Y-0.4879 Z-0.1353
X-26.7738 Y-0.4877 Z-0.1323
X-26.7741 Y-0.4876 Z-0.1292
G0 Z0.4
X-27.2485 Y-0.4904
Z0.13
G1 Z0.0658 F40.
G18 G3 X-27.2643 Z0.05 I-0.0158 K0.
G1 X-27.2721
G17 G3 X-27.2817 Y-0.5 I0. J-0.0096
X-27.2433 Z0.0397 I0.0192 J0.
X-27.2817 Z0.0294 I-0.0192 J0.
X-27.2433 Z0.0191 I0.0192 J0.
X-27.2818 Z0.0088 I-0.0192 J0.
X-27.2433 Z-0.0015 I0.0192 J0.
X-27.2818 Z-0.0118 I-0.0193 J0.
X-27.2433 Z-0.0221 I0.0193 J0.
X-27.2503 Y-0.4851 Z-0.025 I-0.0193 J0.
X-27.2747 Y-0.5149 Z-0.0353 I-0.0122 J-0.0149
X-27.2494 Y-0.5141 Z-0.04 I0.0122 J0.0149
X-27.2756 Y-0.4859 Z-0.0503 I-0.0131 J0.0141
X-27.2494 Y-0.5141 Z-0.0606 I0.0131 J-0.0141
X-27.2756 Y-0.4859 Z-0.0709 I-0.0131 J0.0141
X-27.2494 Y-0.5141 Z-0.0812 I0.0131 J-0.0141
X-27.2443 Y-0.4937 Z-0.085 I-0.0131 J0.0141
X-27.2807 Y-0.5063 Z-0.0953 I-0.0182 J-0.0063
X-27.2587 Y-0.5189 Z-0.1 I0.0182 J0.0063
X-27.2663 Y-0.4811 Z-0.1103 I-0.0038 J0.0189
X-27.2587 Y-0.5189 Z-0.1206 I0.0038 J-0.0189
X-27.261 Y-0.4808 Z-0.13 I-0.0038 J0.0189
X-27.264 Y-0.5192 Z-0.1403 I-0.0015 J-0.0192
X-27.2437 Y-0.5041 Z-0.145 I0.0015 J0.0192
X-27.2813 Y-0.4959 I-0.0188 J0.0041
X-27.2437 Y-0.5041 I0.0188 J-0.0041
X-27.251 Y-0.4926 I-0.0094 J0.0021
G1 X-27.2587 Y-0.491
X-27.2617 Y-0.4903 Z-0.1447
X-27.2646 Y-0.4897 Z-0.1438
X-27.2673 Y-0.4891 Z-0.1423
X-27.2696 Y-0.4886 Z-0.1404
X-27.2715 Y-0.4882 Z-0.138
X-27.273 Y-0.4879 Z-0.1353
X-27.2738 Y-0.4877 Z-0.1323
X-27.2741 Y-0.4876 Z-0.1292
G0 Z0.4
X-27.9032 Y-0.4414
Z0.13
G1 Z0.0658 F40.
G18 G2 X-27.8874 Z0.05 I0.0157 K0.
G1 X-27.8796
G17 G3 X-27.8638 Y-0.4256 I0. J0.0158
X-28.0813 Z0.0303 I-0.1088 J0.
X-27.8638 Z0.0106 I0.1088 J0.
X-28.0813 Z-0.0091 I-0.1088 J0.
X-27.8638 Z-0.0288 I0.1088 J0.
X-28.0813 Z-0.0485 I-0.1088 J0.
X-27.8638 Z-0.0682 I0.1088 J0.
X-28.0813 Z-0.0879 I-0.1088 J0.
X-27.8638 Z-0.1077 I0.1088 J0.
X-28.0813 Z-0.1274 I-0.1088 J0.
X-27.8697 Y-0.4609 Z-0.145 I0.1088 J0.
X-28.0754 Y-0.3904 I-0.1029 J0.0352
X-27.8697 Y-0.4609 I0.1029 J-0.0352
X-27.8795 Y-0.4409 I-0.0149 J0.0051
G1 X-27.8869 Y-0.4383
X-27.8898 Y-0.4373 Z-0.1447
X-27.8926 Y-0.4364 Z-0.1438
X-27.8952 Y-0.4355 Z-0.1423
X-27.8975 Y-0.4347 Z-0.1404
X-27.8993 Y-0.4341 Z-0.138
X-27.9007 Y-0.4336 Z-0.1353
X-27.9015 Y-0.4333 Z-0.1323
X-27.9018 Y-0.4332 Z-0.1292
G0 Z0.6
(2D SLOT CUT)
M7
G0 X-14.5569 Y-1.6108
Z0.6
Z0.2
G1 Z0.1 F13.333
G3 X-14.5162 Y-1.5 Z0.0788 I-0.1306 J0.1108 F40.
G1 Y-0.5 Z-0.0976
G3 X-14.6875 Y-0.3288 Z-0.145 I-0.1713 J0.
X-14.8588 Y-0.5 I0. J-0.1713 F55.
G1 Y-1.5
G3 X-14.5162 I0.1713 J0.
G1 Y-0.5
G3 X-14.8588 I-0.1713 J0.
G1 Y-1.5
G3 X-14.5162 I0.1713 J0.
G1 Y-0.5
G3 X-14.6875 Y-0.3288 I-0.1713 J0.
G0 Z0.4
X-6.3588 Y-0.6486
Z0.2
G1 Z0.1 F13.333
Y-1.5 Z-0.0501 F40.
G3 X-6.0162 Z-0.145 I0.1713 J0.
G1 Y-0.5 F55.
G3 X-6.3588 I-0.1713 J0.
G1 Y-1.5
G3 X-6.0162 I0.1713 J0.
G1 Y-0.5
G3 X-6.3588 I-0.1713 J0.
G1 Y-1.5
G3 X-6.0162 I0.1713 J0.
G0 Z0.4
X-43.2068 Y-1.6108
Z0.2
G1 Z0.1 F13.333
G3 X-43.1662 Y-1.5 Z0.0788 I-0.1306 J0.1108 F40.
G1 Y-0.5 Z-0.0976
G3 X-43.3374 Y-0.3288 Z-0.145 I-0.1712 J0.
X-43.5087 Y-0.5 I0. J-0.1712 F55.
G1 Y-1.5
G3 X-43.1662 I0.1712 J0.
G1 Y-0.5
G3 X-43.5087 I-0.1712 J0.
G1 Y-1.5
G3 X-43.1662 I0.1712 J0.
G1 Y-0.5
G3 X-43.3374 Y-0.3288 I-0.1712 J0.
G0 Z0.4
X-51.7068 Y-1.6108
Z0.2
G1 Z0.1 F13.333
G3 X-51.6661 Y-1.5 Z0.0788 I-0.1306 J0.1108 F40.
G1 Y-0.5 Z-0.0976
G3 X-51.8374 Y-0.3288 Z-0.145 I-0.1713 J0.
X-52.0087 Y-0.5 I0. J-0.1712 F55.
G1 Y-1.5
G3 X-51.6661 I0.1712 J0.
G1 Y-0.5
G3 X-51.8374 Y-0.3287 I-0.1713 J0.
X-52.0087 Y-0.5 I0. J-0.1713
G1 Y-1.5
G3 X-51.6661 I0.1712 J0.
G1 Y-0.5
G3 X-51.8374 Y-0.3288 I-0.1713 J0.
G0 Z0.6
(TUBE CUTOFF 2)
M7
G0 X-37.0712 Y-1.5495
Z0.6
Z0.2
G1 Z0.1 F13.333
Y-0.16 Z-0.145 F40.
Y-1.84 F55.
G0 Z0.4
Y-0.4505
Z0.2
G1 Z0.1 F13.333
Y-1.84 Z-0.145 F40.
Y-0.16 F55.
G0 Z0.4
X-37.0288 Y-1.5495
Z0.2
G1 Z0.1 F13.333
Y-0.16 Z-0.145 F40.
Y-1.84 F55.
G0 Z0.4
Y-0.4505
Z0.2
G1 Z0.1 F13.333
Y-1.84 Z-0.145 F40.
Y-0.16 F55.
G0 Z0.4
X-20.9962 Y-1.5495
Z0.2
G1 Z0.1 F13.333
Y-0.16 Z-0.145 F40.
Y-1.84 F55.
G0 Z0.4
Y-0.4505
Z0.2
G1 Z0.1 F13.333
Y-1.84 Z-0.145 F40.
Y-0.16 F55.
G0 Z0.4
X-20.9537 Y-1.5495
Z0.2
G1 Z0.1 F13.333
Y-0.16 Z-0.145 F40.
Y-1.84 F55.
G0 Z0.4
Y-0.4505
Z0.2
G1 Z0.1 F13.333
Y-1.84 Z-0.145 F40.
Y-0.16 F55.
G0 Z0.4
X-58.1036 Y-1.5495
Z0.2
G1 Z0.1 F13.333
Y-0.16 Z-0.145 F40.
Y-1.84 F55.
G0 Z0.4
Y-0.4505
Z0.2
G1 Z0.1 F13.333
Y-1.84 Z-0.145 F40.
Y-0.16 F55.
G0 Z0.6
M9
G53 Z0.
M30
%
