%
(SIDETUBES_12)
(T1  D=0.1575 CR=0. - ZMIN=-0.145 - FLAT END MILL)
G90 G94 G17 G91.1
G64 P0.001 Q0.001
G20
G53 G0 Z0.
(.3 CIRCLUAR THROUGH HOLE)
M9
T1 M6
S22000 M3
G4 P10.
G55
M7
G0 X-27.9853 Y-1.5852
G43 Z0.6 H1
G0 Z0.13
G1 Z0.0658 F40.
G18 G2 X-27.9696 Z0.05 I0.0158 K0.
G1 X-27.9617
G17 G3 X-27.9508 Y-1.5744 I0. J0.0109
X-27.9943 Z0.0394 I-0.0218 J0.
X-27.9508 Z0.0289 I0.0218 J0.
X-27.9943 Z0.0183 I-0.0218 J0.
X-27.9508 Z0.0077 I0.0218 J0.
X-27.9943 Z-0.0028 I-0.0218 J0.
X-27.9508 Z-0.0134 I0.0218 J0.
X-27.9943 Z-0.0239 I-0.0218 J0.
X-27.9508 Z-0.0345 I0.0218 J0.
X-27.9943 Z-0.0451 I-0.0218 J0.
X-27.9508 Z-0.0556 I0.0218 J0.
X-27.9943 Z-0.0662 I-0.0218 J0.
X-27.9508 Z-0.0768 I0.0218 J0.
X-27.9943 Z-0.0873 I-0.0218 J0.
X-27.9508 Z-0.0979 I0.0218 J0.
X-27.9943 Z-0.1084 I-0.0218 J0.
X-27.9508 Z-0.119 I0.0218 J0.
X-27.9943 Z-0.1296 I-0.0218 J0.
X-27.9508 Z-0.1401 I0.0218 J0.
X-27.9699 Y-1.5528 Z-0.145 I-0.0218 J0.
X-27.9752 Y-1.5959 I-0.0027 J-0.0216
X-27.9699 Y-1.5528 I0.0027 J0.0216
X-27.982 Y-1.5622 I-0.0013 J-0.0108
G1 X-27.983 Y-1.57
X-27.9834 Y-1.5731 Z-0.1447
X-27.9837 Y-1.576 Z-0.1438
X-27.9841 Y-1.5787 Z-0.1423
X-27.9844 Y-1.5811 Z-0.1404
X-27.9846 Y-1.583 Z-0.138
X-27.9848 Y-1.5845 Z-0.1353
X-27.9849 Y-1.5854 Z-0.1323
Y-1.5857 Z-0.1292
G0 Z0.4
X-27.2765 Y-1.5096
Z0.13
G1 Z0.0658 F40.
G18 G2 X-27.2607 Z0.05 I0.0158 K0.
G1 X-27.2529
G17 G3 X-27.2433 Y-1.5 I0. J0.0096
X-27.2818 Z0.0397 I-0.0193 J0.
X-27.2651 Y-1.5191 Z0.035 I0.0192 J0.
X-27.2599 Y-1.4809 Z0.0247 I0.0026 J0.0191
X-27.2651 Y-1.5191 Z0.0144 I-0.0026 J-0.0191
X-27.2548 Y-1.4824 Z0.005 I0.0026 J0.0191
X-27.2702 Y-1.5176 Z-0.0053 I-0.0077 J-0.0176
X-27.2461 Y-1.5101 Z-0.01 I0.0077 J0.0176
X-27.2789 Y-1.4899 Z-0.0203 I-0.0164 J0.0101
X-27.2461 Y-1.5101 Z-0.0306 I0.0164 J-0.0101
X-27.2789 Y-1.4899 Z-0.0409 I-0.0164 J0.0101
X-27.2461 Y-1.5101 Z-0.0512 I0.0164 J-0.0101
X-27.2467 Y-1.489 Z-0.055 I-0.0164 J0.0101
X-27.2783 Y-1.511 Z-0.0653 I-0.0158 J-0.011
X-27.2537 Y-1.5171 Z-0.07 I0.0158 J0.011
X-27.2713 Y-1.4829 Z-0.0803 I-0.0088 J0.0171
X-27.2537 Y-1.5171 Z-0.0906 I0.0088 J-0.0171
X-27.2713 Y-1.4829 Z-0.1009 I-0.0088 J0.0171
X-27.2537 Y-1.5171 Z-0.1112 I0.0088 J-0.0171
X-27.2713 Y-1.4829 Z-0.1215 I-0.0088 J0.0171
X-27.2537 Y-1.5171 Z-0.1318 I0.0088 J-0.0171
X-27.2713 Y-1.4829 Z-0.1421 I-0.0088 J0.0171
X-27.2813 Y-1.4959 Z-0.145 I0.0088 J-0.0171
X-27.2437 Y-1.5041 I0.0188 J-0.0041
X-27.2813 Y-1.4959 I-0.0188 J0.0041
X-27.274 Y-1.5074 I0.0094 J-0.0021
G1 X-27.2663 Y-1.509
X-27.2633 Y-1.5097 Z-0.1447
X-27.2604 Y-1.5103 Z-0.1438
X-27.2577 Y-1.5109 Z-0.1423
X-27.2554 Y-1.5114 Z-0.1404
X-27.2535 Y-1.5118 Z-0.138
X-27.252 Y-1.5121 Z-0.1353
X-27.2512 Y-1.5123 Z-0.1323
X-27.2509 Y-1.5124 Z-0.1292
G0 Z0.4
X-26.7765 Y-1.5096
Z0.13
G1 Z0.0658 F40.
G18 G2 X-26.7607 Z0.05 I0.0158 K0.
G1 X-26.7529
G17 G3 X-26.7433 Y-1.5 I0. J0.0096
X-26.7818 Z0.0397 I-0.0193 J0.
X-26.7433 Z0.0294 I0.0193 J0.
X-26.7818 Z0.0191 I-0.0193 J0.
X-26.7433 Z0.0088 I0.0193 J0.
X-26.7818 Z-0.0015 I-0.0193 J0.
X-26.7433 Z-0.0118 I0.0193 J0.
X-26.7818 Z-0.0221 I-0.0193 J0.
X-26.7433 Z-0.0324 I0.0193 J0.
X-26.7818 Z-0.0427 I-0.0193 J0.
X-26.7433 Z-0.053 I0.0193 J0.
X-26.7818 Z-0.0633 I-0.0193 J0.
X-26.7433 Z-0.0736 I0.0193 J0.
X-26.7818 Z-0.0839 I-0.0193 J0.
X-26.7433 Z-0.0942 I0.0193 J0.
X-26.7818 Z-0.1045 I-0.0193 J0.
X-26.7433 Z-0.1148 I0.0193 J0.
X-26.7818 Z-0.1251 I-0.0193 J0.
X-26.7433 Z-0.1354 I0.0193 J0.
X-26.7813 Y-1.4959 Z-0.145 I-0.0193 J0.
X-26.7437 Y-1.5041 I0.0188 J-0.0041
X-26.7813 Y-1.4959 I-0.0188 J0.0041
X-26.774 Y-1.5074 I0.0094 J-0.0021
G1 X-26.7663 Y-1.509
X-26.7633 Y-1.5097 Z-0.1447
X-26.7604 Y-1.5103 Z-0.1438
X-26.7577 Y-1.5109 Z-0.1423
X-26.7554 Y-1.5114 Z-0.1404
X-26.7535 Y-1.5118 Z-0.138
X-26.752 Y-1.5121 Z-0.1353
X-26.7512 Y-1.5123 Z-0.1323
X-26.7509 Y-1.5124 Z-0.1292
G0 Z0.4
X-26.2765 Y-1.5096
Z0.13
G1 Z0.0658 F40.
G18 G2 X-26.2608 Z0.05 I0.0157 K0.
G1 X-26.2529
G17 G3 X-26.2433 Y-1.5 I0. J0.0096
X-26.2818 Z0.0397 I-0.0193 J0.
X-26.2433 Z0.0294 I0.0193 J0.
X-26.2818 Z0.0191 I-0.0193 J0.
X-26.2433 Z0.0088 I0.0193 J0.
X-26.2818 Z-0.0015 I-0.0193 J0.
X-26.2433 Z-0.0118 I0.0193 J0.
X-26.2818 Z-0.0221 I-0.0193 J0.
X-26.2433 Z-0.0324 I0.0193 J0.
X-26.2818 Z-0.0427 I-0.0193 J0.
X-26.2433 Z-0.053 I0.0193 J0.
X-26.2818 Z-0.0633 I-0.0193 J0.
X-26.2433 Z-0.0736 I0.0193 J0.
X-26.2818 Z-0.0839 I-0.0193 J0.
X-26.2433 Z-0.0942 I0.0193 J0.
X-26.2818 Z-0.1045 I-0.0193 J0.
X-26.2433 Z-0.1148 I0.0193 J0.
X-26.2818 Z-0.1251 I-0.0193 J0.
X-26.2433 Z-0.1354 I0.0193 J0.
X-26.2813 Y-1.4959 Z-0.145 I-0.0193 J0.
X-26.2437 Y-1.5041 I0.0188 J-0.0041
X-26.2813 Y-1.4959 I-0.0188 J0.0041
X-26.274 Y-1.5074 I0.0094 J-0.0021
G1 X-26.2663 Y-1.509
X-26.2633 Y-1.5097 Z-0.1447
X-26.2604 Y-1.5103 Z-0.1438
X-26.2577 Y-1.5109 Z-0.1423
X-26.2554 Y-1.5114 Z-0.1404
X-26.2535 Y-1.5118 Z-0.138
X-26.252 Y-1.5121 Z-0.1353
X-26.2512 Y-1.5123 Z-0.1323
X-26.2509 Y-1.5124 Z-0.1292
G0 Z0.4
X-25.7765 Y-1.5096
Z0.13
G1 Z0.0658 F40.
G18 G2 X-25.7608 Z0.05 I0.0157 K0.
G1 X-25.7529
G17 G3 X-25.7432 Y-1.5 I0. J0.0096
X-25.7817 Z0.0397 I-0.0193 J0.
X-25.7432 Z0.0294 I0.0193 J0.
X-25.7817 Z0.0191 I-0.0193 J0.
X-25.7432 Z0.0088 I0.0193 J0.
X-25.7817 Z-0.0015 I-0.0193 J0.
X-25.7432 Z-0.0118 I0.0193 J0.
X-25.7817 Z-0.0221 I-0.0193 J0.
X-25.7432 Z-0.0324 I0.0193 J0.
X-25.7817 Z-0.0427 I-0.0193 J0.
X-25.7432 Z-0.053 I0.0193 J0.
X-25.7817 Z-0.0633 I-0.0193 J0.
X-25.7432 Z-0.0736 I0.0193 J0.
X-25.7817 Z-0.0839 I-0.0193 J0.
X-25.7432 Z-0.0942 I0.0193 J0.
X-25.7817 Z-0.1045 I-0.0193 J0.
X-25.7432 Z-0.1148 I0.0193 J0.
X-25.7817 Z-0.1251 I-0.0193 J0.
X-25.7432 Z-0.1354 I0.0193 J0.
X-25.7813 Y-1.4959 Z-0.145 I-0.0193 J0.
X-25.7437 Y-1.5041 I0.0188 J-0.0041
X-25.7813 Y-1.4959 I-0.0188 J0.0041
X-25.774 Y-1.5074 I0.0094 J-0.0021
G1 X-25.7663 Y-1.509
X-25.7633 Y-1.5097 Z-0.1447
X-25.7604 Y-1.5103 Z-0.1438
X-25.7577 Y-1.5109 Z-0.1423
X-25.7554 Y-1.5114 Z-0.1404
X-25.7535 Y-1.5118 Z-0.138
X-25.752 Y-1.5121 Z-0.1353
X-25.7512 Y-1.5123 Z-0.1323
X-25.7509 Y-1.5124 Z-0.1292
G0 Z0.4
X-25.2765 Y-1.5096
Z0.13
G1 Z0.0658 F40.
G18 G2 X-25.2607 Z0.05 I0.0157 K0.
G1 X-25.2529
G17 G3 X-25.2432 Y-1.5 I0. J0.0096
X-25.2817 Z0.0397 I-0.0193 J0.
X-25.2432 Z0.0294 I0.0193 J0.
X-25.2817 Z0.0191 I-0.0193 J0.
X-25.2432 Z0.0088 I0.0193 J0.
X-25.2817 Z-0.0015 I-0.0193 J0.
X-25.2432 Z-0.0118 I0.0193 J0.
X-25.2817 Z-0.0221 I-0.0193 J0.
X-25.2432 Z-0.0324 I0.0193 J0.
X-25.2817 Z-0.0427 I-0.0193 J0.
X-25.2432 Z-0.053 I0.0193 J0.
X-25.2817 Z-0.0633 I-0.0193 J0.
X-25.2432 Z-0.0736 I0.0193 J0.
X-25.2817 Z-0.0839 I-0.0193 J0.
X-25.2432 Z-0.0942 I0.0193 J0.
X-25.2817 Z-0.1045 I-0.0193 J0.
X-25.2432 Z-0.1148 I0.0193 J0.
X-25.2817 Z-0.1251 I-0.0193 J0.
X-25.2432 Z-0.1354 I0.0193 J0.
X-25.2813 Y-1.4959 Z-0.145 I-0.0193 J0.
X-25.2437 Y-1.5041 I0.0188 J-0.0041
X-25.2813 Y-1.4959 I-0.0188 J0.0041
X-25.274 Y-1.5074 I0.0094 J-0.0021
G1 X-25.2663 Y-1.509
X-25.2633 Y-1.5097 Z-0.1447
X-25.2604 Y-1.5103 Z-0.1438
X-25.2577 Y-1.5109 Z-0.1423
X-25.2554 Y-1.5114 Z-0.1404
X-25.2535 Y-1.5118 Z-0.138
X-25.252 Y-1.5121 Z-0.1353
X-25.2512 Y-1.5123 Z-0.1323
X-25.2509 Y-1.5124 Z-0.1292
G0 Z0.4
X-24.7765 Y-1.5096
Z0.13
G1 Z0.0658 F40.
G18 G2 X-24.7607 Z0.05 I0.0158 K0.
G1 X-24.7529
G17 G3 X-24.7433 Y-1.5 I0. J0.0096
X-24.7818 Z0.0397 I-0.0193 J0.
X-24.7651 Y-1.5191 Z0.035 I0.0192 J0.
X-24.7599 Y-1.4809 Z0.0247 I0.0026 J0.0191
X-24.7651 Y-1.5191 Z0.0144 I-0.0026 J-0.0191
X-24.7548 Y-1.4824 Z0.005 I0.0026 J0.0191
X-24.7702 Y-1.5176 Z-0.0053 I-0.0077 J-0.0176
X-24.7461 Y-1.5101 Z-0.01 I0.0077 J0.0176
X-24.7789 Y-1.4899 Z-0.0203 I-0.0164 J0.0101
X-24.7461 Y-1.5101 Z-0.0306 I0.0164 J-0.0101
X-24.7789 Y-1.4899 Z-0.0409 I-0.0164 J0.0101
X-24.7461 Y-1.5101 Z-0.0512 I0.0164 J-0.0101
X-24.7467 Y-1.489 Z-0.055 I-0.0164 J0.0101
X-24.7783 Y-1.511 Z-0.0653 I-0.0158 J-0.011
X-24.7537 Y-1.5171 Z-0.07 I0.0158 J0.011
X-24.7713 Y-1.4829 Z-0.0803 I-0.0088 J0.0171
X-24.7537 Y-1.5171 Z-0.0906 I0.0088 J-0.0171
X-24.7713 Y-1.4829 Z-0.1009 I-0.0088 J0.0171
X-24.7537 Y-1.5171 Z-0.1112 I0.0088 J-0.0171
X-24.7713 Y-1.4829 Z-0.1215 I-0.0088 J0.0171
X-24.7537 Y-1.5171 Z-0.1318 I0.0088 J-0.0171
X-24.7713 Y-1.4829 Z-0.1421 I-0.0088 J0.0171
X-24.7813 Y-1.4959 Z-0.145 I0.0088 J-0.0171
X-24.7437 Y-1.5041 I0.0188 J-0.0041
X-24.7813 Y-1.4959 I-0.0188 J0.0041
X-24.774 Y-1.5074 I0.0094 J-0.0021
G1 X-24.7663 Y-1.509
X-24.7633 Y-1.5097 Z-0.1447
X-24.7604 Y-1.5103 Z-0.1438
X-24.7577 Y-1.5109 Z-0.1423
X-24.7554 Y-1.5114 Z-0.1404
X-24.7535 Y-1.5118 Z-0.138
X-24.752 Y-1.5121 Z-0.1353
X-24.7512 Y-1.5123 Z-0.1323
X-24.7509 Y-1.5124 Z-0.1292
G0 Z0.4
X-24.2765 Y-1.5096
Z0.13
G1 Z0.0658 F40.
G18 G2 X-24.2607 Z0.05 I0.0158 K0.
G1 X-24.2529
G17 G3 X-24.2433 Y-1.5 I0. J0.0096
X-24.2818 Z0.0397 I-0.0193 J0.
X-24.2433 Z0.0294 I0.0193 J0.
X-24.2818 Z0.0191 I-0.0193 J0.
X-24.2433 Z0.0088 I0.0193 J0.
X-24.2818 Z-0.0015 I-0.0193 J0.
X-24.2433 Z-0.0118 I0.0193 J0.
X-24.2818 Z-0.0221 I-0.0193 J0.
X-24.2433 Z-0.0324 I0.0193 J0.
X-24.2818 Z-0.0427 I-0.0193 J0.
X-24.2433 Z-0.053 I0.0193 J0.
X-24.2818 Z-0.0633 I-0.0193 J0.
X-24.2433 Z-0.0736 I0.0193 J0.
X-24.2818 Z-0.0839 I-0.0193 J0.
X-24.2433 Z-0.0942 I0.0193 J0.
X-24.2818 Z-0.1045 I-0.0193 J0.
X-24.2433 Z-0.1148 I0.0193 J0.
X-24.2818 Z-0.1251 I-0.0193 J0.
X-24.2433 Z-0.1354 I0.0193 J0.
X-24.2813 Y-1.4959 Z-0.145 I-0.0193 J0.
X-24.2437 Y-1.5041 I0.0188 J-0.0041
X-24.2813 Y-1.4959 I-0.0188 J0.0041
X-24.274 Y-1.5074 I0.0094 J-0.0021
G1 X-24.2663 Y-1.509
X-24.2633 Y-1.5097 Z-0.1447
X-24.2604 Y-1.5103 Z-0.1438
X-24.2577 Y-1.5109 Z-0.1423
X-24.2554 Y-1.5114 Z-0.1404
X-24.2535 Y-1.5118 Z-0.138
X-24.252 Y-1.5121 Z-0.1353
X-24.2512 Y-1.5123 Z-0.1323
X-24.2509 Y-1.5124 Z-0.1292
G0 Z0.4
X-23.7765 Y-1.5096
Z0.13
G1 Z0.0658 F40.
G18 G2 X-23.7608 Z0.05 I0.0157 K0.
G1 X-23.7529
G17 G3 X-23.7433 Y-1.5 I0. J0.0096
X-23.7818 Z0.0397 I-0.0193 J0.
X-23.7433 Z0.0294 I0.0193 J0.
X-23.7818 Z0.0191 I-0.0193 J0.
X-23.7433 Z0.0088 I0.0193 J0.
X-23.7818 Z-0.0015 I-0.0193 J0.
X-23.7433 Z-0.0118 I0.0193 J0.
X-23.7818 Z-0.0221 I-0.0193 J0.
X-23.7433 Z-0.0324 I0.0193 J0.
X-23.7818 Z-0.0427 I-0.0193 J0.
X-23.7433 Z-0.053 I0.0193 J0.
X-23.7818 Z-0.0633 I-0.0193 J0.
X-23.7433 Z-0.0736 I0.0193 J0.
X-23.7818 Z-0.0839 I-0.0193 J0.
X-23.7433 Z-0.0942 I0.0193 J0.
X-23.7818 Z-0.1045 I-0.0193 J0.
X-23.7433 Z-0.1148 I0.0193 J0.
X-23.7818 Z-0.1251 I-0.0193 J0.
X-23.7433 Z-0.1354 I0.0193 J0.
X-23.7813 Y-1.4959 Z-0.145 I-0.0193 J0.
X-23.7437 Y-1.5041 I0.0188 J-0.0041
X-23.7813 Y-1.4959 I-0.0188 J0.0041
X-23.774 Y-1.5074 I0.0094 J-0.0021
G1 X-23.7663 Y-1.509
X-23.7633 Y-1.5097 Z-0.1447
X-23.7604 Y-1.5103 Z-0.1438
X-23.7577 Y-1.5109 Z-0.1423
X-23.7554 Y-1.5114 Z-0.1404
X-23.7535 Y-1.5118 Z-0.138
X-23.752 Y-1.5121 Z-0.1353
X-23.7512 Y-1.5123 Z-0.1323
X-23.7509 Y-1.5124 Z-0.1292
G0 Z0.4
X-23.2765 Y-1.5096
Z0.13
G1 Z0.0658 F40.
G18 G2 X-23.2608 Z0.05 I0.0157 K0.
G1 X-23.2529
G17 G3 X-23.2432 Y-1.5 I0. J0.0096
X-23.2817 Z0.0397 I-0.0193 J0.
X-23.2432 Z0.0294 I0.0193 J0.
X-23.2817 Z0.0191 I-0.0193 J0.
X-23.2432 Z0.0088 I0.0193 J0.
X-23.2817 Z-0.0015 I-0.0193 J0.
X-23.2432 Z-0.0118 I0.0193 J0.
X-23.2817 Z-0.0221 I-0.0193 J0.
X-23.2432 Z-0.0324 I0.0193 J0.
X-23.2817 Z-0.0427 I-0.0193 J0.
X-23.2432 Z-0.053 I0.0193 J0.
X-23.2817 Z-0.0633 I-0.0193 J0.
X-23.2432 Z-0.0736 I0.0193 J0.
X-23.2817 Z-0.0839 I-0.0193 J0.
X-23.2432 Z-0.0942 I0.0193 J0.
X-23.2817 Z-0.1045 I-0.0193 J0.
X-23.2432 Z-0.1148 I0.0193 J0.
X-23.2817 Z-0.1251 I-0.0193 J0.
X-23.2432 Z-0.1354 I0.0193 J0.
X-23.2813 Y-1.4959 Z-0.145 I-0.0193 J0.
X-23.2437 Y-1.5041 I0.0188 J-0.0041
X-23.2813 Y-1.4959 I-0.0188 J0.0041
X-23.274 Y-1.5074 I0.0094 J-0.0021
G1 X-23.2663 Y-1.509
X-23.2633 Y-1.5097 Z-0.1447
X-23.2604 Y-1.5103 Z-0.1438
X-23.2577 Y-1.5109 Z-0.1423
X-23.2554 Y-1.5114 Z-0.1404
X-23.2535 Y-1.5118 Z-0.138
X-23.252 Y-1.5121 Z-0.1353
X-23.2512 Y-1.5123 Z-0.1323
X-23.2509 Y-1.5124 Z-0.1292
G0 Z0.4
X-22.7765 Y-1.5096
Z0.13
G1 Z0.0658 F40.
G18 G2 X-22.7607 Z0.05 I0.0157 K0.
G1 X-22.7529
G17 G3 X-22.7432 Y-1.5 I0. J0.0096
X-22.7817 Z0.0397 I-0.0193 J0.
X-22.7432 Z0.0294 I0.0193 J0.
X-22.7817 Z0.0191 I-0.0193 J0.
X-22.7432 Z0.0088 I0.0193 J0.
X-22.7817 Z-0.0015 I-0.0193 J0.
X-22.7432 Z-0.0118 I0.0193 J0.
X-22.7817 Z-0.0221 I-0.0193 J0.
X-22.7432 Z-0.0324 I0.0193 J0.
X-22.7817 Z-0.0427 I-0.0193 J0.
X-22.7432 Z-0.053 I0.0193 J0.
X-22.7817 Z-0.0633 I-0.0193 J0.
X-22.7432 Z-0.0736 I0.0193 J0.
X-22.7817 Z-0.0839 I-0.0193 J0.
X-22.7432 Z-0.0942 I0.0193 J0.
X-22.7817 Z-0.1045 I-0.0193 J0.
X-22.7432 Z-0.1148 I0.0193 J0.
X-22.7817 Z-0.1251 I-0.0193 J0.
X-22.7432 Z-0.1354 I0.0193 J0.
X-22.7813 Y-1.4959 Z-0.145 I-0.0193 J0.
X-22.7437 Y-1.5041 I0.0188 J-0.0041
X-22.7813 Y-1.4959 I-0.0188 J0.0041
X-22.774 Y-1.5074 I0.0094 J-0.0021
G1 X-22.7663 Y-1.509
X-22.7633 Y-1.5097 Z-0.1447
X-22.7604 Y-1.5103 Z-0.1438
X-22.7577 Y-1.5109 Z-0.1423
X-22.7554 Y-1.5114 Z-0.1404
X-22.7535 Y-1.5118 Z-0.138
X-22.752 Y-1.5121 Z-0.1353
X-22.7512 Y-1.5123 Z-0.1323
X-22.7509 Y-1.5124 Z-0.1292
G0 Z0.4
X-22.2765 Y-1.5096
Z0.13
G1 Z0.0658 F40.
G18 G2 X-22.2607 Z0.05 I0.0158 K0.
G1 X-22.2529
G17 G3 X-22.2433 Y-1.5 I0. J0.0096
X-22.2818 Z0.0397 I-0.0193 J0.
X-22.2651 Y-1.5191 Z0.035 I0.0192 J0.
X-22.2599 Y-1.4809 Z0.0247 I0.0026 J0.0191
X-22.2651 Y-1.5191 Z0.0144 I-0.0026 J-0.0191
X-22.2548 Y-1.4824 Z0.005 I0.0026 J0.0191
X-22.2702 Y-1.5176 Z-0.0053 I-0.0077 J-0.0176
X-22.2461 Y-1.5101 Z-0.01 I0.0077 J0.0176
X-22.2789 Y-1.4899 Z-0.0203 I-0.0164 J0.0101
X-22.2461 Y-1.5101 Z-0.0306 I0.0164 J-0.0101
X-22.2789 Y-1.4899 Z-0.0409 I-0.0164 J0.0101
X-22.2461 Y-1.5101 Z-0.0512 I0.0164 J-0.0101
X-22.2467 Y-1.489 Z-0.055 I-0.0164 J0.0101
X-22.2783 Y-1.511 Z-0.0653 I-0.0158 J-0.011
X-22.2537 Y-1.5171 Z-0.07 I0.0158 J0.011
X-22.2713 Y-1.4829 Z-0.0803 I-0.0088 J0.0171
X-22.2537 Y-1.5171 Z-0.0906 I0.0088 J-0.0171
X-22.2713 Y-1.4829 Z-0.1009 I-0.0088 J0.0171
X-22.2537 Y-1.5171 Z-0.1112 I0.0088 J-0.0171
X-22.2713 Y-1.4829 Z-0.1215 I-0.0088 J0.0171
X-22.2537 Y-1.5171 Z-0.1318 I0.0088 J-0.0171
X-22.2713 Y-1.4829 Z-0.1421 I-0.0088 J0.0171
X-22.2813 Y-1.4959 Z-0.145 I0.0088 J-0.0171
X-22.2437 Y-1.5041 I0.0188 J-0.0041
X-22.2813 Y-1.4959 I-0.0188 J0.0041
X-22.274 Y-1.5074 I0.0094 J-0.0021
G1 X-22.2663 Y-1.509
X-22.2633 Y-1.5097 Z-0.1447
X-22.2604 Y-1.5103 Z-0.1438
X-22.2577 Y-1.5109 Z-0.1423
X-22.2554 Y-1.5114 Z-0.1404
X-22.2535 Y-1.5118 Z-0.138
X-22.252 Y-1.5121 Z-0.1353
X-22.2512 Y-1.5123 Z-0.1323
X-22.2509 Y-1.5124 Z-0.1292
G0 Z0.4
X-21.7765 Y-1.5096
Z0.13
G1 Z0.0658 F40.
G18 G2 X-21.7607 Z0.05 I0.0158 K0.
G1 X-21.7529
G17 G3 X-21.7433 Y-1.5 I0. J0.0096
X-21.7818 Z0.0397 I-0.0193 J0.
X-21.7433 Z0.0294 I0.0193 J0.
X-21.7818 Z0.0191 I-0.0193 J0.
X-21.7433 Z0.0088 I0.0193 J0.
X-21.7818 Z-0.0015 I-0.0193 J0.
X-21.7433 Z-0.0118 I0.0193 J0.
X-21.7818 Z-0.0221 I-0.0193 J0.
X-21.7433 Z-0.0324 I0.0193 J0.
X-21.7818 Z-0.0427 I-0.0193 J0.
X-21.7433 Z-0.053 I0.0193 J0.
X-21.7818 Z-0.0633 I-0.0193 J0.
X-21.7433 Z-0.0736 I0.0193 J0.
X-21.7818 Z-0.0839 I-0.0193 J0.
X-21.7433 Z-0.0942 I0.0193 J0.
X-21.7818 Z-0.1045 I-0.0193 J0.
X-21.7433 Z-0.1148 I0.0193 J0.
X-21.7818 Z-0.1251 I-0.0193 J0.
X-21.7433 Z-0.1354 I0.0193 J0.
X-21.7813 Y-1.4959 Z-0.145 I-0.0193 J0.
X-21.7437 Y-1.5041 I0.0188 J-0.0041
X-21.7813 Y-1.4959 I-0.0188 J0.0041
X-21.774 Y-1.5074 I0.0094 J-0.0021
G1 X-21.7663 Y-1.509
X-21.7633 Y-1.5097 Z-0.1447
X-21.7604 Y-1.5103 Z-0.1438
X-21.7577 Y-1.5109 Z-0.1423
X-21.7554 Y-1.5114 Z-0.1404
X-21.7535 Y-1.5118 Z-0.138
X-21.752 Y-1.5121 Z-0.1353
X-21.7512 Y-1.5123 Z-0.1323
X-21.7509 Y-1.5124 Z-0.1292
G0 Z0.4
X-21.2765 Y-1.5096
Z0.13
G1 Z0.0658 F40.
G18 G2 X-21.2608 Z0.05 I0.0157 K0.
G1 X-21.2529
G17 G3 X-21.2433 Y-1.5 I0. J0.0096
X-21.2818 Z0.0397 I-0.0193 J0.
X-21.2433 Z0.0294 I0.0193 J0.
X-21.2818 Z0.0191 I-0.0193 J0.
X-21.2433 Z0.0088 I0.0193 J0.
X-21.2818 Z-0.0015 I-0.0193 J0.
X-21.2433 Z-0.0118 I0.0193 J0.
X-21.2818 Z-0.0221 I-0.0193 J0.
X-21.2433 Z-0.0324 I0.0193 J0.
X-21.2818 Z-0.0427 I-0.0193 J0.
X-21.2433 Z-0.053 I0.0193 J0.
X-21.2818 Z-0.0633 I-0.0193 J0.
X-21.2433 Z-0.0736 I0.0193 J0.
X-21.2818 Z-0.0839 I-0.0193 J0.
X-21.2433 Z-0.0942 I0.0193 J0.
X-21.2818 Z-0.1045 I-0.0193 J0.
X-21.2433 Z-0.1148 I0.0193 J0.
X-21.2818 Z-0.1251 I-0.0193 J0.
X-21.2433 Z-0.1354 I0.0193 J0.
X-21.2813 Y-1.4959 Z-0.145 I-0.0193 J0.
X-21.2437 Y-1.5041 I0.0188 J-0.0041
X-21.2813 Y-1.4959 I-0.0188 J0.0041
X-21.274 Y-1.5074 I0.0094 J-0.0021
G1 X-21.2663 Y-1.509
X-21.2633 Y-1.5097 Z-0.1447
X-21.2604 Y-1.5103 Z-0.1438
X-21.2577 Y-1.5109 Z-0.1423
X-21.2554 Y-1.5114 Z-0.1404
X-21.2535 Y-1.5118 Z-0.138
X-21.252 Y-1.5121 Z-0.1353
X-21.2512 Y-1.5123 Z-0.1323
X-21.2509 Y-1.5124 Z-0.1292
G0 Z0.4
X-20.7015 Y-1.5096
Z0.13
G1 Z0.0658 F40.
G18 G2 X-20.6857 Z0.05 I0.0158 K0.
G1 X-20.6779
G17 G3 X-20.6683 Y-1.5 I0. J0.0096
X-20.7068 Z0.0397 I-0.0193 J0.
X-20.6901 Y-1.5191 Z0.035 I0.0192 J0.
X-20.6849 Y-1.4809 Z0.0247 I0.0026 J0.0191
X-20.6901 Y-1.5191 Z0.0144 I-0.0026 J-0.0191
X-20.6798 Y-1.4824 Z0.005 I0.0026 J0.0191
X-20.6952 Y-1.5176 Z-0.0053 I-0.0077 J-0.0176
X-20.6798 Y-1.4824 Z-0.0156 I0.0077 J0.0176
X-20.6952 Y-1.5176 Z-0.0259 I-0.0077 J-0.0176
X-20.6798 Y-1.4824 Z-0.0362 I0.0077 J0.0176
X-20.6952 Y-1.5176 Z-0.0465 I-0.0077 J-0.0176
X-20.6717 Y-1.489 Z-0.055 I0.0077 J0.0176
X-20.7033 Y-1.511 Z-0.0653 I-0.0158 J-0.011
X-20.6787 Y-1.5171 Z-0.07 I0.0158 J0.011
X-20.6963 Y-1.4829 Z-0.0803 I-0.0088 J0.0171
X-20.6787 Y-1.5171 Z-0.0906 I0.0088 J-0.0171
X-20.6963 Y-1.4829 Z-0.1009 I-0.0088 J0.0171
X-20.6787 Y-1.5171 Z-0.1112 I0.0088 J-0.0171
X-20.6963 Y-1.4829 Z-0.1215 I-0.0088 J0.0171
X-20.6787 Y-1.5171 Z-0.1318 I0.0088 J-0.0171
X-20.6963 Y-1.4829 Z-0.1421 I-0.0088 J0.0171
X-20.7063 Y-1.4959 Z-0.145 I0.0088 J-0.0171
X-20.6687 Y-1.5041 I0.0188 J-0.0041
X-20.7063 Y-1.4959 I-0.0188 J0.0041
X-20.699 Y-1.5074 I0.0094 J-0.0021
G1 X-20.6913 Y-1.509
X-20.6883 Y-1.5097 Z-0.1447
X-20.6854 Y-1.5103 Z-0.1438
X-20.6827 Y-1.5109 Z-0.1423
X-20.6804 Y-1.5114 Z-0.1404
X-20.6785 Y-1.5118 Z-0.138
X-20.677 Y-1.5121 Z-0.1353
X-20.6762 Y-1.5123 Z-0.1323
X-20.6759 Y-1.5124 Z-0.1292
G0 Z0.4
X-20.2015 Y-1.5096
Z0.13
G1 Z0.0658 F40.
G18 G2 X-20.1858 Z0.05 I0.0157 K0.
G1 X-20.1779
G17 G3 X-20.1683 Y-1.5 I0. J0.0096
X-20.2068 Z0.0397 I-0.0193 J0.
X-20.1683 Z0.0294 I0.0193 J0.
X-20.2068 Z0.0191 I-0.0193 J0.
X-20.1683 Z0.0088 I0.0193 J0.
X-20.2068 Z-0.0015 I-0.0193 J0.
X-20.1683 Z-0.0118 I0.0193 J0.
X-20.2068 Z-0.0221 I-0.0193 J0.
X-20.1683 Z-0.0324 I0.0193 J0.
X-20.2068 Z-0.0427 I-0.0193 J0.
X-20.1683 Z-0.053 I0.0193 J0.
X-20.2068 Z-0.0633 I-0.0193 J0.
X-20.1683 Z-0.0736 I0.0193 J0.
X-20.2068 Z-0.0839 I-0.0193 J0.
X-20.1683 Z-0.0942 I0.0193 J0.
X-20.2068 Z-0.1045 I-0.0193 J0.
X-20.1683 Z-0.1148 I0.0193 J0.
X-20.2068 Z-0.1251 I-0.0193 J0.
X-20.1683 Z-0.1354 I0.0193 J0.
X-20.2063 Y-1.4959 Z-0.145 I-0.0193 J0.
X-20.1687 Y-1.5041 I0.0188 J-0.0041
X-20.2063 Y-1.4959 I-0.0188 J0.0041
X-20.199 Y-1.5074 I0.0094 J-0.0021
G1 X-20.1913 Y-1.509
X-20.1883 Y-1.5097 Z-0.1447
X-20.1854 Y-1.5103 Z-0.1438
X-20.1827 Y-1.5109 Z-0.1423
X-20.1804 Y-1.5114 Z-0.1404
X-20.1785 Y-1.5118 Z-0.138
X-20.177 Y-1.5121 Z-0.1353
X-20.1762 Y-1.5123 Z-0.1323
X-20.1759 Y-1.5124 Z-0.1292
G0 Z0.4
X-19.7015 Y-1.5096
Z0.13
G1 Z0.0658 F40.
G18 G2 X-19.6857 Z0.05 I0.0158 K0.
G1 X-19.6779
G17 G3 X-19.6682 Y-1.5 I0. J0.0096
X-19.7068 Z0.0397 I-0.0193 J0.
X-19.6682 Z0.0294 I0.0193 J0.
X-19.7068 Z0.0191 I-0.0193 J0.
X-19.6682 Z0.0088 I0.0193 J0.
X-19.7068 Z-0.0015 I-0.0193 J0.
X-19.6682 Z-0.0118 I0.0193 J0.
X-19.7068 Z-0.0221 I-0.0193 J0.
X-19.6682 Z-0.0324 I0.0193 J0.
X-19.7068 Z-0.0427 I-0.0193 J0.
X-19.6682 Z-0.053 I0.0193 J0.
X-19.7068 Z-0.0633 I-0.0193 J0.
X-19.6682 Z-0.0736 I0.0193 J0.
X-19.7068 Z-0.0839 I-0.0193 J0.
X-19.6682 Z-0.0942 I0.0193 J0.
X-19.7068 Z-0.1045 I-0.0193 J0.
X-19.6682 Z-0.1148 I0.0193 J0.
X-19.7068 Z-0.1251 I-0.0193 J0.
X-19.6682 Z-0.1354 I0.0193 J0.
X-19.7063 Y-1.4959 Z-0.145 I-0.0193 J0.
X-19.6687 Y-1.5041 I0.0188 J-0.0041
X-19.7063 Y-1.4959 I-0.0188 J0.0041
X-19.699 Y-1.5074 I0.0094 J-0.0021
G1 X-19.6913 Y-1.509
X-19.6883 Y-1.5097 Z-0.1447
X-19.6854 Y-1.5103 Z-0.1438
X-19.6827 Y-1.5109 Z-0.1423
X-19.6804 Y-1.5114 Z-0.1404
X-19.6785 Y-1.5118 Z-0.138
X-19.677 Y-1.5121 Z-0.1353
X-19.6762 Y-1.5123 Z-0.1323
X-19.6759 Y-1.5124 Z-0.1292
G0 Z0.4
X-19.2015 Y-1.5096
Z0.13
G1 Z0.0658 F40.
G18 G2 X-19.1858 Z0.05 I0.0158 K0.
G1 X-19.1779
G17 G3 X-19.1682 Y-1.5 I0. J0.0096
X-19.2067 Z0.0397 I-0.0193 J0.
X-19.1682 Z0.0294 I0.0193 J0.
X-19.2067 Z0.0191 I-0.0193 J0.
X-19.1682 Z0.0088 I0.0193 J0.
X-19.2067 Z-0.0015 I-0.0193 J0.
X-19.1682 Z-0.0118 I0.0193 J0.
X-19.2067 Z-0.0221 I-0.0193 J0.
X-19.1682 Z-0.0324 I0.0193 J0.
X-19.2067 Z-0.0427 I-0.0193 J0.
X-19.1682 Z-0.053 I0.0193 J0.
X-19.2067 Z-0.0633 I-0.0193 J0.
X-19.1682 Z-0.0736 I0.0193 J0.
X-19.2067 Z-0.0839 I-0.0193 J0.
X-19.1682 Z-0.0942 I0.0193 J0.
X-19.2067 Z-0.1045 I-0.0193 J0.
X-19.1682 Z-0.1148 I0.0193 J0.
X-19.2067 Z-0.1251 I-0.0193 J0.
X-19.1682 Z-0.1354 I0.0193 J0.
X-19.2063 Y-1.4959 Z-0.145 I-0.0193 J0.
X-19.1687 Y-1.5041 I0.0188 J-0.0041
X-19.2063 Y-1.4959 I-0.0188 J0.0041
X-19.199 Y-1.5074 I0.0094 J-0.0021
G1 X-19.1913 Y-1.509
X-19.1883 Y-1.5097 Z-0.1447
X-19.1854 Y-1.5103 Z-0.1438
X-19.1827 Y-1.5109 Z-0.1423
X-19.1804 Y-1.5114 Z-0.1404
X-19.1785 Y-1.5118 Z-0.138
X-19.177 Y-1.5121 Z-0.1353
X-19.1762 Y-1.5123 Z-0.1323
X-19.1759 Y-1.5124 Z-0.1292
G0 Z0.4
X-18.7015 Y-1.5096
Z0.13
G1 Z0.0658 F40.
G18 G2 X-18.6857 Z0.05 I0.0158 K0.
G1 X-18.6779
G17 G3 X-18.6683 Y-1.5 I0. J0.0096
X-18.7068 Z0.0397 I-0.0193 J0.
X-18.6683 Z0.0294 I0.0193 J0.
X-18.7068 Z0.0191 I-0.0193 J0.
X-18.6683 Z0.0088 I0.0193 J0.
X-18.7068 Z-0.0015 I-0.0193 J0.
X-18.6683 Z-0.0118 I0.0193 J0.
X-18.7068 Z-0.0221 I-0.0193 J0.
X-18.6683 Z-0.0324 I0.0193 J0.
X-18.7068 Z-0.0427 I-0.0193 J0.
X-18.6683 Z-0.053 I0.0193 J0.
X-18.7068 Z-0.0633 I-0.0193 J0.
X-18.6683 Z-0.0736 I0.0193 J0.
X-18.7068 Z-0.0839 I-0.0193 J0.
X-18.6683 Z-0.0942 I0.0193 J0.
X-18.7068 Z-0.1045 I-0.0193 J0.
X-18.6683 Z-0.1148 I0.0193 J0.
X-18.7068 Z-0.1251 I-0.0193 J0.
X-18.6683 Z-0.1354 I0.0193 J0.
X-18.7063 Y-1.4959 Z-0.145 I-0.0193 J0.
X-18.6687 Y-1.5041 I0.0188 J-0.0041
X-18.7063 Y-1.4959 I-0.0188 J0.0041
X-18.699 Y-1.5074 I0.0094 J-0.0021
G1 X-18.6913 Y-1.509
X-18.6883 Y-1.5097 Z-0.1447
X-18.6854 Y-1.5103 Z-0.1438
X-18.6827 Y-1.5109 Z-0.1423
X-18.6804 Y-1.5114 Z-0.1404
X-18.6785 Y-1.5118 Z-0.138
X-18.677 Y-1.5121 Z-0.1353
X-18.6762 Y-1.5123 Z-0.1323
X-18.6759 Y-1.5124 Z-0.1292
G0 Z0.4
X-18.2015 Y-1.5096
Z0.13
G1 Z0.0658 F40.
G18 G2 X-18.1858 Z0.05 I0.0158 K0.
G1 X-18.1779
G17 G3 X-18.1682 Y-1.5 I0. J0.0096
X-18.2067 Z0.0397 I-0.0193 J0.
X-18.1682 Z0.0294 I0.0193 J0.
X-18.2067 Z0.0191 I-0.0193 J0.
X-18.1682 Z0.0088 I0.0193 J0.
X-18.2067 Z-0.0015 I-0.0193 J0.
X-18.1682 Z-0.0118 I0.0193 J0.
X-18.2067 Z-0.0221 I-0.0193 J0.
X-18.1682 Z-0.0324 I0.0193 J0.
X-18.2067 Z-0.0427 I-0.0193 J0.
X-18.1682 Z-0.053 I0.0193 J0.
X-18.2067 Z-0.0633 I-0.0193 J0.
X-18.1682 Z-0.0736 I0.0193 J0.
X-18.2067 Z-0.0839 I-0.0193 J0.
X-18.1682 Z-0.0942 I0.0193 J0.
X-18.2067 Z-0.1045 I-0.0193 J0.
X-18.1682 Z-0.1148 I0.0193 J0.
X-18.2067 Z-0.1251 I-0.0193 J0.
X-18.1682 Z-0.1354 I0.0193 J0.
X-18.2063 Y-1.4959 Z-0.145 I-0.0193 J0.
X-18.1687 Y-1.5041 I0.0188 J-0.0041
X-18.2063 Y-1.4959 I-0.0188 J0.0041
X-18.199 Y-1.5074 I0.0094 J-0.0021
G1 X-18.1913 Y-1.509
X-18.1883 Y-1.5097 Z-0.1447
X-18.1854 Y-1.5103 Z-0.1438
X-18.1827 Y-1.5109 Z-0.1423
X-18.1804 Y-1.5114 Z-0.1404
X-18.1785 Y-1.5118 Z-0.138
X-18.177 Y-1.5121 Z-0.1353
X-18.1762 Y-1.5123 Z-0.1323
X-18.1759 Y-1.5124 Z-0.1292
G0 Z0.4
X-17.7015 Y-1.5096
Z0.13
G1 Z0.0658 F40.
G18 G2 X-17.6857 Z0.05 I0.0158 K0.
G1 X-17.6779
G17 G3 X-17.6683 Y-1.5 I0. J0.0096
X-17.7068 Z0.0397 I-0.0193 J0.
X-17.6683 Z0.0294 I0.0193 J0.
X-17.7068 Z0.0191 I-0.0192 J0.
X-17.6683 Z0.0088 I0.0192 J0.
X-17.7068 Z-0.0015 I-0.0192 J0.
X-17.6683 Z-0.0118 I0.0192 J0.
X-17.7068 Z-0.0221 I-0.0192 J0.
X-17.6683 Z-0.0324 I0.0192 J0.
X-17.7068 Z-0.0427 I-0.0192 J0.
X-17.6683 Z-0.053 I0.0192 J0.
X-17.7067 Z-0.0633 I-0.0192 J0.
X-17.6683 Z-0.0736 I0.0192 J0.
X-17.7067 Z-0.0839 I-0.0192 J0.
X-17.6683 Z-0.0942 I0.0192 J0.
X-17.7067 Z-0.1045 I-0.0192 J0.
X-17.6683 Z-0.1148 I0.0192 J0.
X-17.7067 Z-0.1251 I-0.0192 J0.
X-17.6683 Z-0.1354 I0.0192 J0.
X-17.7063 Y-1.4959 Z-0.145 I-0.0192 J0.
X-17.6687 Y-1.5041 I0.0188 J-0.0041
X-17.7063 Y-1.4959 I-0.0188 J0.0041
X-17.699 Y-1.5074 I0.0094 J-0.0021
G1 X-17.6913 Y-1.509
X-17.6883 Y-1.5097 Z-0.1447
X-17.6854 Y-1.5103 Z-0.1438
X-17.6827 Y-1.5109 Z-0.1423
X-17.6804 Y-1.5114 Z-0.1404
X-17.6785 Y-1.5118 Z-0.138
X-17.677 Y-1.5121 Z-0.1353
X-17.6762 Y-1.5123 Z-0.1323
X-17.6759 Y-1.5124 Z-0.1292
G0 Z0.4
X-17.2015 Y-1.5096
Z0.13
G1 Z0.0658 F40.
G18 G2 X-17.1857 Z0.05 I0.0158 K0.
G1 X-17.1779
G17 G3 X-17.1682 Y-1.5 I0. J0.0096
X-17.2068 Z0.0397 I-0.0193 J0.
X-17.1682 Z0.0294 I0.0193 J0.
X-17.2068 Z0.0191 I-0.0193 J0.
X-17.1682 Z0.0088 I0.0193 J0.
X-17.2068 Z-0.0015 I-0.0193 J0.
X-17.1682 Z-0.0118 I0.0193 J0.
X-17.2068 Z-0.0221 I-0.0193 J0.
X-17.1682 Z-0.0324 I0.0193 J0.
X-17.2068 Z-0.0427 I-0.0193 J0.
X-17.1682 Z-0.053 I0.0193 J0.
X-17.2068 Z-0.0633 I-0.0193 J0.
X-17.1682 Z-0.0736 I0.0193 J0.
X-17.2068 Z-0.0839 I-0.0193 J0.
X-17.1682 Z-0.0942 I0.0193 J0.
X-17.2068 Z-0.1045 I-0.0193 J0.
X-17.1682 Z-0.1148 I0.0193 J0.
X-17.2068 Z-0.1251 I-0.0193 J0.
X-17.1682 Z-0.1354 I0.0193 J0.
X-17.2063 Y-1.4959 Z-0.145 I-0.0193 J0.
X-17.1687 Y-1.5041 I0.0188 J-0.0041
X-17.2063 Y-1.4959 I-0.0188 J0.0041
X-17.199 Y-1.5074 I0.0094 J-0.0021
G1 X-17.1913 Y-1.509
X-17.1883 Y-1.5097 Z-0.1447
X-17.1854 Y-1.5103 Z-0.1438
X-17.1827 Y-1.5109 Z-0.1423
X-17.1804 Y-1.5114 Z-0.1404
X-17.1785 Y-1.5118 Z-0.138
X-17.177 Y-1.5121 Z-0.1353
X-17.1762 Y-1.5123 Z-0.1323
X-17.1759 Y-1.5124 Z-0.1292
G0 Z0.4
X-16.7015 Y-1.5096
Z0.13
G1 Z0.0658 F40.
G18 G2 X-16.6858 Z0.05 I0.0158 K0.
G1 X-16.6779
G17 G3 X-16.6682 Y-1.5 I0. J0.0096
X-16.7067 Z0.0397 I-0.0193 J0.
X-16.6682 Z0.0294 I0.0193 J0.
X-16.7067 Z0.0191 I-0.0193 J0.
X-16.6682 Z0.0088 I0.0193 J0.
X-16.7067 Z-0.0015 I-0.0193 J0.
X-16.6682 Z-0.0118 I0.0193 J0.
X-16.7067 Z-0.0221 I-0.0193 J0.
X-16.6682 Z-0.0324 I0.0193 J0.
X-16.7067 Z-0.0427 I-0.0193 J0.
X-16.6682 Z-0.053 I0.0193 J0.
X-16.7067 Z-0.0633 I-0.0193 J0.
X-16.6682 Z-0.0736 I0.0193 J0.
X-16.7067 Z-0.0839 I-0.0193 J0.
X-16.6682 Z-0.0942 I0.0193 J0.
X-16.7067 Z-0.1045 I-0.0193 J0.
X-16.6682 Z-0.1148 I0.0193 J0.
X-16.7067 Z-0.1251 I-0.0193 J0.
X-16.6682 Z-0.1354 I0.0193 J0.
X-16.7063 Y-1.4959 Z-0.145 I-0.0193 J0.
X-16.6687 Y-1.5041 I0.0188 J-0.0041
X-16.7063 Y-1.4959 I-0.0188 J0.0041
X-16.699 Y-1.5074 I0.0094 J-0.0021
G1 X-16.6913 Y-1.509
X-16.6883 Y-1.5097 Z-0.1447
X-16.6854 Y-1.5103 Z-0.1438
X-16.6827 Y-1.5109 Z-0.1423
X-16.6804 Y-1.5114 Z-0.1404
X-16.6785 Y-1.5118 Z-0.138
X-16.677 Y-1.5121 Z-0.1353
X-16.6762 Y-1.5123 Z-0.1323
X-16.6759 Y-1.5124 Z-0.1292
G0 Z0.4
X-16.2015 Y-1.5096
Z0.13
G1 Z0.0658 F40.
G18 G2 X-16.1857 Z0.05 I0.0158 K0.
G1 X-16.1779
G17 G3 X-16.1683 Y-1.5 I0. J0.0096
X-16.2068 Z0.0397 I-0.0193 J0.
X-16.1683 Z0.0294 I0.0193 J0.
X-16.2068 Z0.0191 I-0.0193 J0.
X-16.1683 Z0.0088 I0.0193 J0.
X-16.2068 Z-0.0015 I-0.0193 J0.
X-16.1683 Z-0.0118 I0.0193 J0.
X-16.2068 Z-0.0221 I-0.0193 J0.
X-16.1683 Z-0.0324 I0.0193 J0.
X-16.2068 Z-0.0427 I-0.0193 J0.
X-16.1683 Z-0.053 I0.0193 J0.
X-16.2068 Z-0.0633 I-0.0193 J0.
X-16.1683 Z-0.0736 I0.0193 J0.
X-16.2068 Z-0.0839 I-0.0193 J0.
X-16.1683 Z-0.0942 I0.0193 J0.
X-16.2068 Z-0.1045 I-0.0193 J0.
X-16.1683 Z-0.1148 I0.0193 J0.
X-16.2068 Z-0.1251 I-0.0193 J0.
X-16.1683 Z-0.1354 I0.0193 J0.
X-16.2063 Y-1.4959 Z-0.145 I-0.0193 J0.
X-16.1687 Y-1.5041 I0.0188 J-0.0041
X-16.2063 Y-1.4959 I-0.0188 J0.0041
X-16.199 Y-1.5074 I0.0094 J-0.0021
G1 X-16.1913 Y-1.509
X-16.1883 Y-1.5097 Z-0.1447
X-16.1854 Y-1.5103 Z-0.1438
X-16.1827 Y-1.5109 Z-0.1423
X-16.1804 Y-1.5114 Z-0.1404
X-16.1785 Y-1.5118 Z-0.138
X-16.177 Y-1.5121 Z-0.1353
X-16.1762 Y-1.5123 Z-0.1323
X-16.1759 Y-1.5124 Z-0.1292
G0 Z0.4
X-15.7015 Y-1.5096
Z0.13
G1 Z0.0658 F40.
G18 G2 X-15.6858 Z0.05 I0.0158 K0.
G1 X-15.6779
G17 G3 X-15.6682 Y-1.5 I0. J0.0096
X-15.7067 Z0.0397 I-0.0193 J0.
X-15.6682 Z0.0294 I0.0193 J0.
X-15.7067 Z0.0191 I-0.0193 J0.
X-15.6682 Z0.0088 I0.0193 J0.
X-15.7067 Z-0.0015 I-0.0193 J0.
X-15.6682 Z-0.0118 I0.0193 J0.
X-15.7067 Z-0.0221 I-0.0193 J0.
X-15.6682 Z-0.0324 I0.0193 J0.
X-15.7067 Z-0.0427 I-0.0193 J0.
X-15.6682 Z-0.053 I0.0193 J0.
X-15.7067 Z-0.0633 I-0.0193 J0.
X-15.6682 Z-0.0736 I0.0193 J0.
X-15.7067 Z-0.0839 I-0.0193 J0.
X-15.6682 Z-0.0942 I0.0193 J0.
X-15.7067 Z-0.1045 I-0.0193 J0.
X-15.6682 Z-0.1148 I0.0193 J0.
X-15.7067 Z-0.1251 I-0.0193 J0.
X-15.6682 Z-0.1354 I0.0193 J0.
X-15.7063 Y-1.4959 Z-0.145 I-0.0193 J0.
X-15.6687 Y-1.5041 I0.0188 J-0.0041
X-15.7063 Y-1.4959 I-0.0188 J0.0041
X-15.699 Y-1.5074 I0.0094 J-0.0021
G1 X-15.6913 Y-1.509
X-15.6883 Y-1.5097 Z-0.1447
X-15.6854 Y-1.5103 Z-0.1438
X-15.6827 Y-1.5109 Z-0.1423
X-15.6804 Y-1.5114 Z-0.1404
X-15.6785 Y-1.5118 Z-0.138
X-15.677 Y-1.5121 Z-0.1353
X-15.6762 Y-1.5123 Z-0.1323
X-15.6759 Y-1.5124 Z-0.1292
G0 Z0.4
X-15.2015 Y-1.5096
Z0.13
G1 Z0.0658 F40.
G18 G2 X-15.1857 Z0.05 I0.0158 K0.
G1 X-15.1779
G17 G3 X-15.1683 Y-1.5 I0. J0.0096
X-15.2068 Z0.0397 I-0.0193 J0.
X-15.1683 Z0.0294 I0.0193 J0.
X-15.2068 Z0.0191 I-0.0192 J0.
X-15.1683 Z0.0088 I0.0192 J0.
X-15.2068 Z-0.0015 I-0.0192 J0.
X-15.1683 Z-0.0118 I0.0192 J0.
X-15.2068 Z-0.0221 I-0.0192 J0.
X-15.1683 Z-0.0324 I0.0192 J0.
X-15.2068 Z-0.0427 I-0.0192 J0.
X-15.1683 Z-0.053 I0.0192 J0.
X-15.2067 Z-0.0633 I-0.0192 J0.
X-15.1683 Z-0.0736 I0.0192 J0.
X-15.2067 Z-0.0839 I-0.0192 J0.
X-15.1683 Z-0.0942 I0.0192 J0.
X-15.2067 Z-0.1045 I-0.0192 J0.
X-15.1683 Z-0.1148 I0.0192 J0.
X-15.2067 Z-0.1251 I-0.0192 J0.
X-15.1683 Z-0.1354 I0.0192 J0.
X-15.2063 Y-1.4959 Z-0.145 I-0.0192 J0.
X-15.1687 Y-1.5041 I0.0188 J-0.0041
X-15.2063 Y-1.4959 I-0.0188 J0.0041
X-15.199 Y-1.5074 I0.0094 J-0.0021
G1 X-15.1913 Y-1.509
X-15.1883 Y-1.5097 Z-0.1447
X-15.1854 Y-1.5103 Z-0.1438
X-15.1827 Y-1.5109 Z-0.1423
X-15.1804 Y-1.5114 Z-0.1404
X-15.1785 Y-1.5118 Z-0.138
X-15.177 Y-1.5121 Z-0.1353
X-15.1762 Y-1.5123 Z-0.1323
X-15.1759 Y-1.5124 Z-0.1292
G0 Z0.4
X-14.7015 Y-1.5096
Z0.13
G1 Z0.0658 F40.
G18 G2 X-14.6857 Z0.05 I0.0158 K0.
G1 X-14.6779
G17 G3 X-14.6682 Y-1.5 I0. J0.0096
X-14.7068 Z0.0397 I-0.0193 J0.
X-14.6682 Z0.0294 I0.0193 J0.
X-14.7068 Z0.0191 I-0.0193 J0.
X-14.6682 Z0.0088 I0.0193 J0.
X-14.7068 Z-0.0015 I-0.0193 J0.
X-14.6682 Z-0.0118 I0.0193 J0.
X-14.7068 Z-0.0221 I-0.0193 J0.
X-14.6682 Z-0.0324 I0.0193 J0.
X-14.7068 Z-0.0427 I-0.0193 J0.
X-14.6682 Z-0.053 I0.0193 J0.
X-14.7068 Z-0.0633 I-0.0193 J0.
X-14.6682 Z-0.0736 I0.0193 J0.
X-14.7068 Z-0.0839 I-0.0193 J0.
X-14.6682 Z-0.0942 I0.0193 J0.
X-14.7068 Z-0.1045 I-0.0193 J0.
X-14.6682 Z-0.1148 I0.0193 J0.
X-14.7068 Z-0.1251 I-0.0193 J0.
X-14.6682 Z-0.1354 I0.0193 J0.
X-14.7063 Y-1.4959 Z-0.145 I-0.0193 J0.
X-14.6687 Y-1.5041 I0.0188 J-0.0041
X-14.7063 Y-1.4959 I-0.0188 J0.0041
X-14.699 Y-1.5074 I0.0094 J-0.0021
G1 X-14.6913 Y-1.509
X-14.6883 Y-1.5097 Z-0.1447
X-14.6854 Y-1.5103 Z-0.1438
X-14.6827 Y-1.5109 Z-0.1423
X-14.6804 Y-1.5114 Z-0.1404
X-14.6785 Y-1.5118 Z-0.138
X-14.677 Y-1.5121 Z-0.1353
X-14.6762 Y-1.5123 Z-0.1323
X-14.6759 Y-1.5124 Z-0.1292
G0 Z0.4
X-14.2015 Y-1.5096
Z0.13
G1 Z0.0658 F40.
G18 G2 X-14.1858 Z0.05 I0.0158 K0.
G1 X-14.1779
G17 G3 X-14.1682 Y-1.5 I0. J0.0096
X-14.2067 Z0.0397 I-0.0193 J0.
X-14.1682 Z0.0294 I0.0193 J0.
X-14.2067 Z0.0191 I-0.0193 J0.
X-14.1682 Z0.0088 I0.0193 J0.
X-14.2067 Z-0.0015 I-0.0193 J0.
X-14.1682 Z-0.0118 I0.0193 J0.
X-14.2067 Z-0.0221 I-0.0193 J0.
X-14.1682 Z-0.0324 I0.0193 J0.
X-14.2067 Z-0.0427 I-0.0193 J0.
X-14.1682 Z-0.053 I0.0193 J0.
X-14.2067 Z-0.0633 I-0.0193 J0.
X-14.1682 Z-0.0736 I0.0193 J0.
X-14.2067 Z-0.0839 I-0.0193 J0.
X-14.1682 Z-0.0942 I0.0193 J0.
X-14.2067 Z-0.1045 I-0.0193 J0.
X-14.1682 Z-0.1148 I0.0193 J0.
X-14.2067 Z-0.1251 I-0.0193 J0.
X-14.1682 Z-0.1354 I0.0193 J0.
X-14.2063 Y-1.4959 Z-0.145 I-0.0193 J0.
X-14.1687 Y-1.5041 I0.0188 J-0.0041
X-14.2063 Y-1.4959 I-0.0188 J0.0041
X-14.199 Y-1.5074 I0.0094 J-0.0021
G1 X-14.1913 Y-1.509
X-14.1883 Y-1.5097 Z-0.1447
X-14.1854 Y-1.5103 Z-0.1438
X-14.1827 Y-1.5109 Z-0.1423
X-14.1804 Y-1.5114 Z-0.1404
X-14.1785 Y-1.5118 Z-0.138
X-14.177 Y-1.5121 Z-0.1353
X-14.1762 Y-1.5123 Z-0.1323
X-14.1759 Y-1.5124 Z-0.1292
G0 Z0.4
X-13.7015 Y-1.5096
Z0.13
G1 Z0.0658 F40.
G18 G2 X-13.6857 Z0.05 I0.0158 K0.
G1 X-13.6779
G17 G3 X-13.6683 Y-1.5 I0. J0.0096
X-13.7068 Z0.0397 I-0.0193 J0.
X-13.6683 Z0.0294 I0.0193 J0.
X-13.7068 Z0.0191 I-0.0193 J0.
X-13.6683 Z0.0088 I0.0193 J0.
X-13.7068 Z-0.0015 I-0.0193 J0.
X-13.6683 Z-0.0118 I0.0193 J0.
X-13.7068 Z-0.0221 I-0.0193 J0.
X-13.6683 Z-0.0324 I0.0193 J0.
X-13.7068 Z-0.0427 I-0.0193 J0.
X-13.6683 Z-0.053 I0.0193 J0.
X-13.7068 Z-0.0633 I-0.0193 J0.
X-13.6683 Z-0.0736 I0.0193 J0.
X-13.7068 Z-0.0839 I-0.0193 J0.
X-13.6683 Z-0.0942 I0.0193 J0.
X-13.7068 Z-0.1045 I-0.0193 J0.
X-13.6683 Z-0.1148 I0.0193 J0.
X-13.7068 Z-0.1251 I-0.0193 J0.
X-13.6683 Z-0.1354 I0.0193 J0.
X-13.7063 Y-1.4959 Z-0.145 I-0.0193 J0.
X-13.6687 Y-1.5041 I0.0188 J-0.0041
X-13.7063 Y-1.4959 I-0.0188 J0.0041
X-13.699 Y-1.5074 I0.0094 J-0.0021
G1 X-13.6913 Y-1.509
X-13.6883 Y-1.5097 Z-0.1447
X-13.6854 Y-1.5103 Z-0.1438
X-13.6827 Y-1.5109 Z-0.1423
X-13.6804 Y-1.5114 Z-0.1404
X-13.6785 Y-1.5118 Z-0.138
X-13.677 Y-1.5121 Z-0.1353
X-13.6762 Y-1.5123 Z-0.1323
X-13.6759 Y-1.5124 Z-0.1292
G0 Z0.4
X-13.2015 Y-1.5096
Z0.13
G1 Z0.0658 F40.
G18 G2 X-13.1858 Z0.05 I0.0158 K0.
G1 X-13.1779
G17 G3 X-13.1682 Y-1.5 I0. J0.0096
X-13.2067 Z0.0397 I-0.0193 J0.
X-13.1682 Z0.0294 I0.0193 J0.
X-13.2067 Z0.0191 I-0.0193 J0.
X-13.1682 Z0.0088 I0.0193 J0.
X-13.2067 Z-0.0015 I-0.0193 J0.
X-13.1682 Z-0.0118 I0.0193 J0.
X-13.2067 Z-0.0221 I-0.0193 J0.
X-13.1682 Z-0.0324 I0.0193 J0.
X-13.2067 Z-0.0427 I-0.0193 J0.
X-13.1682 Z-0.053 I0.0193 J0.
X-13.2067 Z-0.0633 I-0.0193 J0.
X-13.1682 Z-0.0736 I0.0193 J0.
X-13.2067 Z-0.0839 I-0.0193 J0.
X-13.1682 Z-0.0942 I0.0193 J0.
X-13.2067 Z-0.1045 I-0.0193 J0.
X-13.1682 Z-0.1148 I0.0193 J0.
X-13.2067 Z-0.1251 I-0.0193 J0.
X-13.1682 Z-0.1354 I0.0193 J0.
X-13.2063 Y-1.4959 Z-0.145 I-0.0193 J0.
X-13.1687 Y-1.5041 I0.0188 J-0.0041
X-13.2063 Y-1.4959 I-0.0188 J0.0041
X-13.199 Y-1.5074 I0.0094 J-0.0021
G1 X-13.1913 Y-1.509
X-13.1883 Y-1.5097 Z-0.1447
X-13.1854 Y-1.5103 Z-0.1438
X-13.1827 Y-1.5109 Z-0.1423
X-13.1804 Y-1.5114 Z-0.1404
X-13.1785 Y-1.5118 Z-0.138
X-13.177 Y-1.5121 Z-0.1353
X-13.1762 Y-1.5123 Z-0.1323
X-13.1759 Y-1.5124 Z-0.1292
G0 Z0.4
X-12.7015 Y-1.5096
Z0.13
G1 Z0.0658 F40.
G18 G2 X-12.6857 Z0.05 I0.0158 K0.
G1 X-12.6779
G17 G3 X-12.6683 Y-1.5 I0. J0.0096
X-12.7068 Z0.0397 I-0.0193 J0.
X-12.6683 Z0.0294 I0.0193 J0.
X-12.7068 Z0.0191 I-0.0192 J0.
X-12.6683 Z0.0088 I0.0192 J0.
X-12.7068 Z-0.0015 I-0.0192 J0.
X-12.6683 Z-0.0118 I0.0192 J0.
X-12.7068 Z-0.0221 I-0.0192 J0.
X-12.6683 Z-0.0324 I0.0192 J0.
X-12.7068 Z-0.0427 I-0.0192 J0.
X-12.6683 Z-0.053 I0.0192 J0.
X-12.7067 Z-0.0633 I-0.0192 J0.
X-12.6683 Z-0.0736 I0.0192 J0.
X-12.7067 Z-0.0839 I-0.0192 J0.
X-12.6683 Z-0.0942 I0.0192 J0.
X-12.7067 Z-0.1045 I-0.0192 J0.
X-12.6683 Z-0.1148 I0.0192 J0.
X-12.7067 Z-0.1251 I-0.0192 J0.
X-12.6683 Z-0.1354 I0.0192 J0.
X-12.7063 Y-1.4959 Z-0.145 I-0.0192 J0.
X-12.6687 Y-1.5041 I0.0188 J-0.0041
X-12.7063 Y-1.4959 I-0.0188 J0.0041
X-12.699 Y-1.5074 I0.0094 J-0.0021
G1 X-12.6913 Y-1.509
X-12.6883 Y-1.5097 Z-0.1447
X-12.6854 Y-1.5103 Z-0.1438
X-12.6827 Y-1.5109 Z-0.1423
X-12.6804 Y-1.5114 Z-0.1404
X-12.6785 Y-1.5118 Z-0.138
X-12.677 Y-1.5121 Z-0.1353
X-12.6762 Y-1.5123 Z-0.1323
X-12.6759 Y-1.5124 Z-0.1292
G0 Z0.4
X-12.2015 Y-1.5096
Z0.13
G1 Z0.0658 F40.
G18 G2 X-12.1857 Z0.05 I0.0158 K0.
G1 X-12.1779
G17 G3 X-12.1682 Y-1.5 I0. J0.0096
X-12.2068 Z0.0397 I-0.0193 J0.
X-12.1682 Z0.0294 I0.0193 J0.
X-12.2068 Z0.0191 I-0.0193 J0.
X-12.1682 Z0.0088 I0.0193 J0.
X-12.2068 Z-0.0015 I-0.0193 J0.
X-12.1682 Z-0.0118 I0.0193 J0.
X-12.2068 Z-0.0221 I-0.0193 J0.
X-12.1682 Z-0.0324 I0.0193 J0.
X-12.2068 Z-0.0427 I-0.0193 J0.
X-12.1682 Z-0.053 I0.0193 J0.
X-12.2068 Z-0.0633 I-0.0193 J0.
X-12.1682 Z-0.0736 I0.0193 J0.
X-12.2068 Z-0.0839 I-0.0193 J0.
X-12.1682 Z-0.0942 I0.0193 J0.
X-12.2068 Z-0.1045 I-0.0193 J0.
X-12.1682 Z-0.1148 I0.0193 J0.
X-12.2068 Z-0.1251 I-0.0193 J0.
X-12.1682 Z-0.1354 I0.0193 J0.
X-12.2063 Y-1.4959 Z-0.145 I-0.0193 J0.
X-12.1687 Y-1.5041 I0.0188 J-0.0041
X-12.2063 Y-1.4959 I-0.0188 J0.0041
X-12.199 Y-1.5074 I0.0094 J-0.0021
G1 X-12.1913 Y-1.509
X-12.1883 Y-1.5097 Z-0.1447
X-12.1854 Y-1.5103 Z-0.1438
X-12.1827 Y-1.5109 Z-0.1423
X-12.1804 Y-1.5114 Z-0.1404
X-12.1785 Y-1.5118 Z-0.138
X-12.177 Y-1.5121 Z-0.1353
X-12.1762 Y-1.5123 Z-0.1323
X-12.1759 Y-1.5124 Z-0.1292
G0 Z0.4
X-11.7015 Y-1.5096
Z0.13
G1 Z0.0658 F40.
G18 G2 X-11.6858 Z0.05 I0.0158 K0.
G1 X-11.6779
G17 G3 X-11.6682 Y-1.5 I0. J0.0096
X-11.7067 Z0.0397 I-0.0193 J0.
X-11.6682 Z0.0294 I0.0193 J0.
X-11.7067 Z0.0191 I-0.0193 J0.
X-11.6682 Z0.0088 I0.0193 J0.
X-11.7067 Z-0.0015 I-0.0193 J0.
X-11.6682 Z-0.0118 I0.0193 J0.
X-11.7067 Z-0.0221 I-0.0193 J0.
X-11.6682 Z-0.0324 I0.0193 J0.
X-11.7067 Z-0.0427 I-0.0193 J0.
X-11.6682 Z-0.053 I0.0193 J0.
X-11.7067 Z-0.0633 I-0.0193 J0.
X-11.6682 Z-0.0736 I0.0193 J0.
X-11.7067 Z-0.0839 I-0.0193 J0.
X-11.6682 Z-0.0942 I0.0193 J0.
X-11.7067 Z-0.1045 I-0.0193 J0.
X-11.6682 Z-0.1148 I0.0193 J0.
X-11.7067 Z-0.1251 I-0.0193 J0.
X-11.6682 Z-0.1354 I0.0193 J0.
X-11.7063 Y-1.4959 Z-0.145 I-0.0193 J0.
X-11.6687 Y-1.5041 I0.0188 J-0.0041
X-11.7063 Y-1.4959 I-0.0188 J0.0041
X-11.699 Y-1.5074 I0.0094 J-0.0021
G1 X-11.6913 Y-1.509
X-11.6883 Y-1.5097 Z-0.1447
X-11.6854 Y-1.5103 Z-0.1438
X-11.6827 Y-1.5109 Z-0.1423
X-11.6804 Y-1.5114 Z-0.1404
X-11.6785 Y-1.5118 Z-0.138
X-11.677 Y-1.5121 Z-0.1353
X-11.6762 Y-1.5123 Z-0.1323
X-11.6759 Y-1.5124 Z-0.1292
G0 Z0.4
X-11.2015 Y-1.5096
Z0.13
G1 Z0.0658 F40.
G18 G2 X-11.1857 Z0.05 I0.0158 K0.
G1 X-11.1779
G17 G3 X-11.1683 Y-1.5 I0. J0.0096
X-11.2068 Z0.0397 I-0.0193 J0.
X-11.1683 Z0.0294 I0.0193 J0.
X-11.2068 Z0.0191 I-0.0193 J0.
X-11.1683 Z0.0088 I0.0193 J0.
X-11.2068 Z-0.0015 I-0.0193 J0.
X-11.1683 Z-0.0118 I0.0193 J0.
X-11.2068 Z-0.0221 I-0.0193 J0.
X-11.1683 Z-0.0324 I0.0193 J0.
X-11.2068 Z-0.0427 I-0.0193 J0.
X-11.1683 Z-0.053 I0.0193 J0.
X-11.2068 Z-0.0633 I-0.0193 J0.
X-11.1683 Z-0.0736 I0.0193 J0.
X-11.2068 Z-0.0839 I-0.0193 J0.
X-11.1683 Z-0.0942 I0.0193 J0.
X-11.2068 Z-0.1045 I-0.0193 J0.
X-11.1683 Z-0.1148 I0.0193 J0.
X-11.2068 Z-0.1251 I-0.0193 J0.
X-11.1683 Z-0.1354 I0.0193 J0.
X-11.2063 Y-1.4959 Z-0.145 I-0.0193 J0.
X-11.1687 Y-1.5041 I0.0188 J-0.0041
X-11.2063 Y-1.4959 I-0.0188 J0.0041
X-11.199 Y-1.5074 I0.0094 J-0.0021
G1 X-11.1913 Y-1.509
X-11.1883 Y-1.5097 Z-0.1447
X-11.1854 Y-1.5103 Z-0.1438
X-11.1827 Y-1.5109 Z-0.1423
X-11.1804 Y-1.5114 Z-0.1404
X-11.1785 Y-1.5118 Z-0.138
X-11.177 Y-1.5121 Z-0.1353
X-11.1762 Y-1.5123 Z-0.1323
X-11.1759 Y-1.5124 Z-0.1292
G0 Z0.4
X-10.7015 Y-1.5096
Z0.13
G1 Z0.0658 F40.
G18 G2 X-10.6858 Z0.05 I0.0158 K0.
G1 X-10.6779
G17 G3 X-10.6682 Y-1.5 I0. J0.0096
X-10.7067 Z0.0397 I-0.0193 J0.
X-10.6682 Z0.0294 I0.0193 J0.
X-10.7067 Z0.0191 I-0.0193 J0.
X-10.6682 Z0.0088 I0.0193 J0.
X-10.7067 Z-0.0015 I-0.0193 J0.
X-10.6682 Z-0.0118 I0.0193 J0.
X-10.7067 Z-0.0221 I-0.0193 J0.
X-10.6682 Z-0.0324 I0.0193 J0.
X-10.7067 Z-0.0427 I-0.0193 J0.
X-10.6682 Z-0.053 I0.0193 J0.
X-10.7067 Z-0.0633 I-0.0193 J0.
X-10.6682 Z-0.0736 I0.0193 J0.
X-10.7067 Z-0.0839 I-0.0193 J0.
X-10.6682 Z-0.0942 I0.0193 J0.
X-10.7067 Z-0.1045 I-0.0193 J0.
X-10.6682 Z-0.1148 I0.0193 J0.
X-10.7067 Z-0.1251 I-0.0193 J0.
X-10.6682 Z-0.1354 I0.0193 J0.
X-10.7063 Y-1.4959 Z-0.145 I-0.0193 J0.
X-10.6687 Y-1.5041 I0.0188 J-0.0041
X-10.7063 Y-1.4959 I-0.0188 J0.0041
X-10.699 Y-1.5074 I0.0094 J-0.0021
G1 X-10.6913 Y-1.509
X-10.6883 Y-1.5097 Z-0.1447
X-10.6854 Y-1.5103 Z-0.1438
X-10.6827 Y-1.5109 Z-0.1423
X-10.6804 Y-1.5114 Z-0.1404
X-10.6785 Y-1.5118 Z-0.138
X-10.677 Y-1.5121 Z-0.1353
X-10.6762 Y-1.5123 Z-0.1323
X-10.6759 Y-1.5124 Z-0.1292
G0 Z0.4
X-10.2015 Y-1.5096
Z0.13
G1 Z0.0658 F40.
G18 G2 X-10.1857 Z0.05 I0.0158 K0.
G1 X-10.1779
G17 G3 X-10.1683 Y-1.5 I0. J0.0096
X-10.2068 Z0.0397 I-0.0193 J0.
X-10.1683 Z0.0294 I0.0193 J0.
X-10.2068 Z0.0191 I-0.0192 J0.
X-10.1683 Z0.0088 I0.0192 J0.
X-10.2068 Z-0.0015 I-0.0192 J0.
X-10.1683 Z-0.0118 I0.0192 J0.
X-10.2068 Z-0.0221 I-0.0192 J0.
X-10.1683 Z-0.0324 I0.0192 J0.
X-10.2068 Z-0.0427 I-0.0192 J0.
X-10.1683 Z-0.053 I0.0192 J0.
X-10.2067 Z-0.0633 I-0.0192 J0.
X-10.1683 Z-0.0736 I0.0192 J0.
X-10.2067 Z-0.0839 I-0.0192 J0.
X-10.1683 Z-0.0942 I0.0192 J0.
X-10.2067 Z-0.1045 I-0.0192 J0.
X-10.1683 Z-0.1148 I0.0192 J0.
X-10.2067 Z-0.1251 I-0.0192 J0.
X-10.1683 Z-0.1354 I0.0192 J0.
X-10.2063 Y-1.4959 Z-0.145 I-0.0192 J0.
X-10.1687 Y-1.5041 I0.0188 J-0.0041
X-10.2063 Y-1.4959 I-0.0188 J0.0041
X-10.199 Y-1.5074 I0.0094 J-0.0021
G1 X-10.1913 Y-1.509
X-10.1883 Y-1.5097 Z-0.1447
X-10.1854 Y-1.5103 Z-0.1438
X-10.1827 Y-1.5109 Z-0.1423
X-10.1804 Y-1.5114 Z-0.1404
X-10.1785 Y-1.5118 Z-0.138
X-10.177 Y-1.5121 Z-0.1353
X-10.1762 Y-1.5123 Z-0.1323
X-10.1759 Y-1.5124 Z-0.1292
G0 Z0.4
X-9.7015 Y-1.5096
Z0.13
G1 Z0.0658 F40.
G18 G2 X-9.6858 Z0.05 I0.0158 K0.
G1 X-9.6779
G17 G3 X-9.6682 Y-1.5 I0. J0.0096
X-9.7068 Z0.0397 I-0.0193 J0.
X-9.6682 Z0.0294 I0.0193 J0.
X-9.7068 Z0.0191 I-0.0193 J0.
X-9.6682 Z0.0088 I0.0193 J0.
X-9.7068 Z-0.0015 I-0.0193 J0.
X-9.6682 Z-0.0118 I0.0193 J0.
X-9.7068 Z-0.0221 I-0.0193 J0.
X-9.6682 Z-0.0324 I0.0193 J0.
X-9.7068 Z-0.0427 I-0.0193 J0.
X-9.6682 Z-0.053 I0.0193 J0.
X-9.7068 Z-0.0633 I-0.0193 J0.
X-9.6682 Z-0.0736 I0.0193 J0.
X-9.7068 Z-0.0839 I-0.0193 J0.
X-9.6682 Z-0.0942 I0.0193 J0.
X-9.7068 Z-0.1045 I-0.0193 J0.
X-9.6682 Z-0.1148 I0.0193 J0.
X-9.7068 Z-0.1251 I-0.0193 J0.
X-9.6682 Z-0.1354 I0.0193 J0.
X-9.7063 Y-1.4959 Z-0.145 I-0.0193 J0.
X-9.6687 Y-1.5041 I0.0188 J-0.0041
X-9.7063 Y-1.4959 I-0.0188 J0.0041
X-9.699 Y-1.5074 I0.0094 J-0.0021
G1 X-9.6913 Y-1.509
X-9.6883 Y-1.5097 Z-0.1447
X-9.6854 Y-1.5103 Z-0.1438
X-9.6827 Y-1.5109 Z-0.1423
X-9.6804 Y-1.5114 Z-0.1404
X-9.6785 Y-1.5118 Z-0.138
X-9.677 Y-1.5121 Z-0.1353
X-9.6762 Y-1.5123 Z-0.1323
X-9.6759 Y-1.5124 Z-0.1292
G0 Z0.4
X-9.2015 Y-1.5096
Z0.13
G1 Z0.0658 F40.
G18 G2 X-9.1858 Z0.05 I0.0157 K0.
G1 X-9.1779
G17 G3 X-9.1683 Y-1.5 I0. J0.0096
X-9.2068 Z0.0397 I-0.0193 J0.
X-9.1683 Z0.0294 I0.0193 J0.
X-9.2068 Z0.0191 I-0.0193 J0.
X-9.1683 Z0.0088 I0.0193 J0.
X-9.2068 Z-0.0015 I-0.0193 J0.
X-9.1683 Z-0.0118 I0.0193 J0.
X-9.2068 Z-0.0221 I-0.0193 J0.
X-9.1683 Z-0.0324 I0.0193 J0.
X-9.2068 Z-0.0427 I-0.0193 J0.
X-9.1683 Z-0.053 I0.0193 J0.
X-9.2068 Z-0.0633 I-0.0193 J0.
X-9.1683 Z-0.0736 I0.0193 J0.
X-9.2068 Z-0.0839 I-0.0193 J0.
X-9.1683 Z-0.0942 I0.0193 J0.
X-9.2068 Z-0.1045 I-0.0193 J0.
X-9.1683 Z-0.1148 I0.0193 J0.
X-9.2068 Z-0.1251 I-0.0193 J0.
X-9.1683 Z-0.1354 I0.0193 J0.
X-9.2063 Y-1.4959 Z-0.145 I-0.0193 J0.
X-9.1687 Y-1.5041 I0.0188 J-0.0041
X-9.2063 Y-1.4959 I-0.0188 J0.0041
X-9.199 Y-1.5074 I0.0094 J-0.0021
G1 X-9.1913 Y-1.509
X-9.1883 Y-1.5097 Z-0.1447
X-9.1854 Y-1.5103 Z-0.1438
X-9.1827 Y-1.5109 Z-0.1423
X-9.1804 Y-1.5114 Z-0.1404
X-9.1785 Y-1.5118 Z-0.138
X-9.177 Y-1.5121 Z-0.1353
X-9.1762 Y-1.5123 Z-0.1323
X-9.1759 Y-1.5124 Z-0.1292
G0 Z0.4
X-8.7015 Y-1.5096
Z0.13
G1 Z0.0658 F40.
G18 G2 X-8.6858 Z0.05 I0.0157 K0.
G1 X-8.6779
G17 G3 X-8.6683 Y-1.5 I0. J0.0096
X-8.7068 Z0.0397 I-0.0193 J0.
X-8.6683 Z0.0294 I0.0193 J0.
X-8.7068 Z0.0191 I-0.0193 J0.
X-8.6683 Z0.0088 I0.0193 J0.
X-8.7068 Z-0.0015 I-0.0192 J0.
X-8.6683 Z-0.0118 I0.0192 J0.
X-8.7068 Z-0.0221 I-0.0192 J0.
X-8.6683 Z-0.0324 I0.0192 J0.
X-8.7068 Z-0.0427 I-0.0192 J0.
X-8.6683 Z-0.053 I0.0192 J0.
X-8.7068 Z-0.0633 I-0.0192 J0.
X-8.6683 Z-0.0736 I0.0192 J0.
X-8.7067 Z-0.0839 I-0.0192 J0.
X-8.6683 Z-0.0942 I0.0192 J0.
X-8.7067 Z-0.1045 I-0.0192 J0.
X-8.6683 Z-0.1148 I0.0192 J0.
X-8.7067 Z-0.1251 I-0.0192 J0.
X-8.6683 Z-0.1354 I0.0192 J0.
X-8.7063 Y-1.4959 Z-0.145 I-0.0192 J0.
X-8.6687 Y-1.5041 I0.0188 J-0.0041
X-8.7063 Y-1.4959 I-0.0188 J0.0041
X-8.699 Y-1.5074 I0.0094 J-0.0021
G1 X-8.6913 Y-1.509
X-8.6883 Y-1.5097 Z-0.1447
X-8.6854 Y-1.5103 Z-0.1438
X-8.6827 Y-1.5109 Z-0.1423
X-8.6804 Y-1.5114 Z-0.1404
X-8.6785 Y-1.5118 Z-0.138
X-8.677 Y-1.5121 Z-0.1353
X-8.6762 Y-1.5123 Z-0.1323
X-8.6759 Y-1.5124 Z-0.1292
G0 Z0.4
X-8.2015 Y-1.5096
Z0.13
G1 Z0.0658 F40.
G18 G2 X-8.1857 Z0.05 I0.0158 K0.
G1 X-8.1779
G17 G3 X-8.1683 Y-1.5 I0. J0.0096
X-8.2067 Z0.0397 I-0.0192 J0.
X-8.1683 Z0.0294 I0.0192 J0.
X-8.2067 Z0.0191 I-0.0192 J0.
X-8.1683 Z0.0088 I0.0192 J0.
X-8.2067 Z-0.0015 I-0.0192 J0.
X-8.1683 Z-0.0118 I0.0192 J0.
X-8.2067 Z-0.0221 I-0.0192 J0.
X-8.1682 Z-0.0324 I0.0192 J0.
X-8.2067 Z-0.0427 I-0.0192 J0.
X-8.1682 Z-0.053 I0.0192 J0.
X-8.2067 Z-0.0633 I-0.0192 J0.
X-8.1682 Z-0.0736 I0.0192 J0.
X-8.2067 Z-0.0839 I-0.0192 J0.
X-8.1682 Z-0.0942 I0.0192 J0.
X-8.2067 Z-0.1045 I-0.0192 J0.
X-8.1682 Z-0.1148 I0.0192 J0.
X-8.2067 Z-0.1251 I-0.0193 J0.
X-8.1682 Z-0.1354 I0.0193 J0.
X-8.2063 Y-1.4959 Z-0.145 I-0.0193 J0.
X-8.1687 Y-1.5041 I0.0188 J-0.0041
X-8.2063 Y-1.4959 I-0.0188 J0.0041
X-8.199 Y-1.5074 I0.0094 J-0.0021
G1 X-8.1913 Y-1.509
X-8.1883 Y-1.5097 Z-0.1447
X-8.1854 Y-1.5103 Z-0.1438
X-8.1827 Y-1.5109 Z-0.1423
X-8.1804 Y-1.5114 Z-0.1404
X-8.1785 Y-1.5118 Z-0.138
X-8.177 Y-1.5121 Z-0.1353
X-8.1762 Y-1.5123 Z-0.1323
X-8.1759 Y-1.5124 Z-0.1292
G0 Z0.4
X-7.7015 Y-1.5096
Z0.13
G1 Z0.0658 F40.
G18 G2 X-7.6857 Z0.05 I0.0158 K0.
G1 X-7.6779
G17 G3 X-7.6682 Y-1.5 I0. J0.0096
X-7.7067 Z0.0397 I-0.0193 J0.
X-7.6682 Z0.0294 I0.0193 J0.
X-7.7067 Z0.0191 I-0.0193 J0.
X-7.6682 Z0.0088 I0.0193 J0.
X-7.7067 Z-0.0015 I-0.0193 J0.
X-7.6682 Z-0.0118 I0.0193 J0.
X-7.7067 Z-0.0221 I-0.0193 J0.
X-7.6682 Z-0.0324 I0.0193 J0.
X-7.7067 Z-0.0427 I-0.0193 J0.
X-7.6682 Z-0.053 I0.0193 J0.
X-7.7067 Z-0.0633 I-0.0193 J0.
X-7.6682 Z-0.0736 I0.0193 J0.
X-7.7067 Z-0.0839 I-0.0193 J0.
X-7.6682 Z-0.0942 I0.0193 J0.
X-7.7067 Z-0.1045 I-0.0193 J0.
X-7.6682 Z-0.1148 I0.0193 J0.
X-7.7067 Z-0.1251 I-0.0193 J0.
X-7.6682 Z-0.1354 I0.0193 J0.
X-7.7063 Y-1.4959 Z-0.145 I-0.0193 J0.
X-7.6687 Y-1.5041 I0.0188 J-0.0041
X-7.7063 Y-1.4959 I-0.0188 J0.0041
X-7.699 Y-1.5074 I0.0094 J-0.0021
G1 X-7.6913 Y-1.509
X-7.6883 Y-1.5097 Z-0.1447
X-7.6854 Y-1.5103 Z-0.1438
X-7.6827 Y-1.5109 Z-0.1423
X-7.6804 Y-1.5114 Z-0.1404
X-7.6785 Y-1.5118 Z-0.138
X-7.677 Y-1.5121 Z-0.1353
X-7.6762 Y-1.5123 Z-0.1323
X-7.6759 Y-1.5124 Z-0.1292
G0 Z0.4
X-7.2015 Y-1.5096
Z0.13
G1 Z0.0658 F40.
G18 G2 X-7.1858 Z0.05 I0.0158 K0.
G1 X-7.1779
G17 G3 X-7.1682 Y-1.5 I0. J0.0096
X-7.2068 Z0.0397 I-0.0193 J0.
X-7.1682 Z0.0294 I0.0193 J0.
X-7.2068 Z0.0191 I-0.0193 J0.
X-7.1682 Z0.0088 I0.0193 J0.
X-7.2068 Z-0.0015 I-0.0193 J0.
X-7.1682 Z-0.0118 I0.0193 J0.
X-7.2068 Z-0.0221 I-0.0193 J0.
X-7.1682 Z-0.0324 I0.0193 J0.
X-7.2068 Z-0.0427 I-0.0193 J0.
X-7.1682 Z-0.053 I0.0193 J0.
X-7.2068 Z-0.0633 I-0.0193 J0.
X-7.1682 Z-0.0736 I0.0193 J0.
X-7.2068 Z-0.0839 I-0.0193 J0.
X-7.1682 Z-0.0942 I0.0193 J0.
X-7.2068 Z-0.1045 I-0.0193 J0.
X-7.1682 Z-0.1148 I0.0193 J0.
X-7.2068 Z-0.1251 I-0.0193 J0.
X-7.1682 Z-0.1354 I0.0193 J0.
X-7.2063 Y-1.4959 Z-0.145 I-0.0193 J0.
X-7.1687 Y-1.5041 I0.0188 J-0.0041
X-7.2063 Y-1.4959 I-0.0188 J0.0041
X-7.199 Y-1.5074 I0.0094 J-0.0021
G1 X-7.1913 Y-1.509
X-7.1883 Y-1.5097 Z-0.1447
X-7.1854 Y-1.5103 Z-0.1438
X-7.1827 Y-1.5109 Z-0.1423
X-7.1804 Y-1.5114 Z-0.1404
X-7.1785 Y-1.5118 Z-0.138
X-7.177 Y-1.5121 Z-0.1353
X-7.1762 Y-1.5123 Z-0.1323
X-7.1759 Y-1.5124 Z-0.1292
G0 Z0.4
X-6.7015 Y-1.5096
Z0.13
G1 Z0.0658 F40.
G18 G2 X-6.6858 Z0.05 I0.0157 K0.
G1 X-6.6779
G17 G3 X-6.6683 Y-1.5 I0. J0.0096
X-6.7068 Z0.0397 I-0.0193 J0.
X-6.6683 Z0.0294 I0.0193 J0.
X-6.7068 Z0.0191 I-0.0193 J0.
X-6.6683 Z0.0088 I0.0193 J0.
X-6.7068 Z-0.0015 I-0.0193 J0.
X-6.6683 Z-0.0118 I0.0193 J0.
X-6.7068 Z-0.0221 I-0.0193 J0.
X-6.6683 Z-0.0324 I0.0193 J0.
X-6.7068 Z-0.0427 I-0.0193 J0.
X-6.6683 Z-0.053 I0.0193 J0.
X-6.7068 Z-0.0633 I-0.0193 J0.
X-6.6683 Z-0.0736 I0.0193 J0.
X-6.7068 Z-0.0839 I-0.0193 J0.
X-6.6683 Z-0.0942 I0.0193 J0.
X-6.7068 Z-0.1045 I-0.0193 J0.
X-6.6683 Z-0.1148 I0.0193 J0.
X-6.7068 Z-0.1251 I-0.0193 J0.
X-6.6683 Z-0.1354 I0.0193 J0.
X-6.7063 Y-1.4959 Z-0.145 I-0.0193 J0.
X-6.6687 Y-1.5041 I0.0188 J-0.0041
X-6.7063 Y-1.4959 I-0.0188 J0.0041
X-6.699 Y-1.5074 I0.0094 J-0.0021
G1 X-6.6913 Y-1.509
X-6.6883 Y-1.5097 Z-0.1447
X-6.6854 Y-1.5103 Z-0.1438
X-6.6827 Y-1.5109 Z-0.1423
X-6.6804 Y-1.5114 Z-0.1404
X-6.6785 Y-1.5118 Z-0.138
X-6.677 Y-1.5121 Z-0.1353
X-6.6762 Y-1.5123 Z-0.1323
X-6.6759 Y-1.5124 Z-0.1292
G0 Z0.4
X-6.2015 Y-1.5096
Z0.13
G1 Z0.0658 F40.
G18 G2 X-6.1858 Z0.05 I0.0157 K0.
G1 X-6.1779
G17 G3 X-6.1683 Y-1.5 I0. J0.0096
X-6.2068 Z0.0397 I-0.0193 J0.
X-6.1683 Z0.0294 I0.0193 J0.
X-6.2068 Z0.0191 I-0.0193 J0.
X-6.1683 Z0.0088 I0.0193 J0.
X-6.2068 Z-0.0015 I-0.0192 J0.
X-6.1683 Z-0.0118 I0.0192 J0.
X-6.2068 Z-0.0221 I-0.0192 J0.
X-6.1683 Z-0.0324 I0.0192 J0.
X-6.2068 Z-0.0427 I-0.0192 J0.
X-6.1683 Z-0.053 I0.0192 J0.
X-6.2068 Z-0.0633 I-0.0192 J0.
X-6.1683 Z-0.0736 I0.0192 J0.
X-6.2067 Z-0.0839 I-0.0192 J0.
X-6.1683 Z-0.0942 I0.0192 J0.
X-6.2067 Z-0.1045 I-0.0192 J0.
X-6.1683 Z-0.1148 I0.0192 J0.
X-6.2067 Z-0.1251 I-0.0192 J0.
X-6.1683 Z-0.1354 I0.0192 J0.
X-6.2063 Y-1.4959 Z-0.145 I-0.0192 J0.
X-6.1687 Y-1.5041 I0.0188 J-0.0041
X-6.2063 Y-1.4959 I-0.0188 J0.0041
X-6.199 Y-1.5074 I0.0094 J-0.0021
G1 X-6.1913 Y-1.509
X-6.1883 Y-1.5097 Z-0.1447
X-6.1854 Y-1.5103 Z-0.1438
X-6.1827 Y-1.5109 Z-0.1423
X-6.1804 Y-1.5114 Z-0.1404
X-6.1785 Y-1.5118 Z-0.138
X-6.177 Y-1.5121 Z-0.1353
X-6.1762 Y-1.5123 Z-0.1323
X-6.1759 Y-1.5124 Z-0.1292
G0 Z0.4
X-5.7015 Y-1.5096
Z0.13
G1 Z0.0658 F40.
G18 G2 X-5.6857 Z0.05 I0.0158 K0.
G1 X-5.6779
G17 G3 X-5.6683 Y-1.5 I0. J0.0096
X-5.7067 Z0.0397 I-0.0192 J0.
X-5.6683 Z0.0294 I0.0192 J0.
X-5.7067 Z0.0191 I-0.0192 J0.
X-5.6683 Z0.0088 I0.0192 J0.
X-5.7067 Z-0.0015 I-0.0192 J0.
X-5.6683 Z-0.0118 I0.0192 J0.
X-5.7067 Z-0.0221 I-0.0192 J0.
X-5.6682 Z-0.0324 I0.0192 J0.
X-5.7067 Z-0.0427 I-0.0192 J0.
X-5.6682 Z-0.053 I0.0192 J0.
X-5.7067 Z-0.0633 I-0.0192 J0.
X-5.6682 Z-0.0736 I0.0192 J0.
X-5.7067 Z-0.0839 I-0.0192 J0.
X-5.6682 Z-0.0942 I0.0192 J0.
X-5.7067 Z-0.1045 I-0.0192 J0.
X-5.6682 Z-0.1148 I0.0192 J0.
X-5.7067 Z-0.1251 I-0.0193 J0.
X-5.6682 Z-0.1354 I0.0193 J0.
X-5.7063 Y-1.4959 Z-0.145 I-0.0193 J0.
X-5.6687 Y-1.5041 I0.0188 J-0.0041
X-5.7063 Y-1.4959 I-0.0188 J0.0041
X-5.699 Y-1.5074 I0.0094 J-0.0021
G1 X-5.6913 Y-1.509
X-5.6883 Y-1.5097 Z-0.1447
X-5.6854 Y-1.5103 Z-0.1438
X-5.6827 Y-1.5109 Z-0.1423
X-5.6804 Y-1.5114 Z-0.1404
X-5.6785 Y-1.5118 Z-0.138
X-5.677 Y-1.5121 Z-0.1353
X-5.6762 Y-1.5123 Z-0.1323
X-5.6759 Y-1.5124 Z-0.1292
G0 Z0.4
X-5.2015 Y-1.5096
Z0.13
G1 Z0.0658 F40.
G18 G2 X-5.1857 Z0.05 I0.0158 K0.
G1 X-5.1779
G17 G3 X-5.1682 Y-1.5 I0. J0.0096
X-5.2067 Z0.0397 I-0.0193 J0.
X-5.1682 Z0.0294 I0.0193 J0.
X-5.2067 Z0.0191 I-0.0193 J0.
X-5.1682 Z0.0088 I0.0193 J0.
X-5.2067 Z-0.0015 I-0.0193 J0.
X-5.1682 Z-0.0118 I0.0193 J0.
X-5.2067 Z-0.0221 I-0.0193 J0.
X-5.1682 Z-0.0324 I0.0193 J0.
X-5.2067 Z-0.0427 I-0.0193 J0.
X-5.1682 Z-0.053 I0.0193 J0.
X-5.2067 Z-0.0633 I-0.0193 J0.
X-5.1682 Z-0.0736 I0.0193 J0.
X-5.2067 Z-0.0839 I-0.0193 J0.
X-5.1682 Z-0.0942 I0.0193 J0.
X-5.2067 Z-0.1045 I-0.0193 J0.
X-5.1682 Z-0.1148 I0.0193 J0.
X-5.2067 Z-0.1251 I-0.0193 J0.
X-5.1682 Z-0.1354 I0.0193 J0.
X-5.2063 Y-1.4959 Z-0.145 I-0.0193 J0.
X-5.1687 Y-1.5041 I0.0188 J-0.0041
X-5.2063 Y-1.4959 I-0.0188 J0.0041
X-5.199 Y-1.5074 I0.0094 J-0.0021
G1 X-5.1913 Y-1.509
X-5.1883 Y-1.5097 Z-0.1447
X-5.1854 Y-1.5103 Z-0.1438
X-5.1827 Y-1.5109 Z-0.1423
X-5.1804 Y-1.5114 Z-0.1404
X-5.1785 Y-1.5118 Z-0.138
X-5.177 Y-1.5121 Z-0.1353
X-5.1762 Y-1.5123 Z-0.1323
X-5.1759 Y-1.5124 Z-0.1292
G0 Z0.4
X-4.7015 Y-1.5096
Z0.13
G1 Z0.0658 F40.
G18 G2 X-4.6858 Z0.05 I0.0157 K0.
G1 X-4.6779
G17 G3 X-4.6682 Y-1.5 I0. J0.0096
X-4.7068 Z0.0397 I-0.0193 J0.
X-4.6682 Z0.0294 I0.0193 J0.
X-4.7068 Z0.0191 I-0.0193 J0.
X-4.6682 Z0.0088 I0.0193 J0.
X-4.7068 Z-0.0015 I-0.0193 J0.
X-4.6682 Z-0.0118 I0.0193 J0.
X-4.7068 Z-0.0221 I-0.0193 J0.
X-4.6682 Z-0.0324 I0.0193 J0.
X-4.7068 Z-0.0427 I-0.0193 J0.
X-4.6682 Z-0.053 I0.0193 J0.
X-4.7068 Z-0.0633 I-0.0193 J0.
X-4.6682 Z-0.0736 I0.0193 J0.
X-4.7068 Z-0.0839 I-0.0193 J0.
X-4.6682 Z-0.0942 I0.0193 J0.
X-4.7068 Z-0.1045 I-0.0193 J0.
X-4.6682 Z-0.1148 I0.0193 J0.
X-4.7068 Z-0.1251 I-0.0193 J0.
X-4.6682 Z-0.1354 I0.0193 J0.
X-4.7063 Y-1.4959 Z-0.145 I-0.0193 J0.
X-4.6687 Y-1.5041 I0.0188 J-0.0041
X-4.7063 Y-1.4959 I-0.0188 J0.0041
X-4.699 Y-1.5074 I0.0094 J-0.0021
G1 X-4.6913 Y-1.509
X-4.6883 Y-1.5097 Z-0.1447
X-4.6854 Y-1.5103 Z-0.1438
X-4.6827 Y-1.5109 Z-0.1423
X-4.6804 Y-1.5114 Z-0.1404
X-4.6785 Y-1.5118 Z-0.138
X-4.677 Y-1.5121 Z-0.1353
X-4.6762 Y-1.5123 Z-0.1323
X-4.6759 Y-1.5124 Z-0.1292
G0 Z0.4
X-4.2015 Y-1.5096
Z0.13
G1 Z0.0658 F40.
G18 G2 X-4.1857 Z0.05 I0.0158 K0.
G1 X-4.1779
G17 G3 X-4.1683 Y-1.5 I0. J0.0096
X-4.2068 Z0.0397 I-0.0193 J0.
X-4.1683 Z0.0294 I0.0193 J0.
X-4.2068 Z0.0191 I-0.0193 J0.
X-4.1683 Z0.0088 I0.0193 J0.
X-4.2068 Z-0.0015 I-0.0193 J0.
X-4.1683 Z-0.0118 I0.0193 J0.
X-4.2068 Z-0.0221 I-0.0193 J0.
X-4.1683 Z-0.0324 I0.0192 J0.
X-4.2068 Z-0.0427 I-0.0192 J0.
X-4.1683 Z-0.053 I0.0192 J0.
X-4.2068 Z-0.0633 I-0.0192 J0.
X-4.1683 Z-0.0736 I0.0192 J0.
X-4.2068 Z-0.0839 I-0.0192 J0.
X-4.1683 Z-0.0942 I0.0192 J0.
X-4.2068 Z-0.1045 I-0.0192 J0.
X-4.1683 Z-0.1148 I0.0192 J0.
X-4.2067 Z-0.1251 I-0.0192 J0.
X-4.1683 Z-0.1354 I0.0192 J0.
X-4.2063 Y-1.4959 Z-0.145 I-0.0192 J0.
X-4.1687 Y-1.5041 I0.0188 J-0.0041
X-4.2063 Y-1.4959 I-0.0188 J0.0041
X-4.199 Y-1.5074 I0.0094 J-0.0021
G1 X-4.1913 Y-1.509
X-4.1883 Y-1.5097 Z-0.1447
X-4.1854 Y-1.5103 Z-0.1438
X-4.1827 Y-1.5109 Z-0.1423
X-4.1804 Y-1.5114 Z-0.1404
X-4.1785 Y-1.5118 Z-0.138
X-4.177 Y-1.5121 Z-0.1353
X-4.1762 Y-1.5123 Z-0.1323
X-4.1759 Y-1.5124 Z-0.1292
G0 Z0.4
X-3.7015 Y-1.5096
Z0.13
G1 Z0.0658 F40.
G18 G2 X-3.6857 Z0.05 I0.0157 K0.
G1 X-3.6779
G17 G3 X-3.6683 Y-1.5 I0. J0.0096
X-3.7067 Z0.0397 I-0.0192 J0.
X-3.6683 Z0.0294 I0.0192 J0.
X-3.7067 Z0.0191 I-0.0192 J0.
X-3.6683 Z0.0088 I0.0192 J0.
X-3.7067 Z-0.0015 I-0.0192 J0.
X-3.6683 Z-0.0118 I0.0192 J0.
X-3.7067 Z-0.0221 I-0.0192 J0.
X-3.6683 Z-0.0324 I0.0192 J0.
X-3.7067 Z-0.0427 I-0.0192 J0.
X-3.6682 Z-0.053 I0.0192 J0.
X-3.7067 Z-0.0633 I-0.0192 J0.
X-3.6682 Z-0.0736 I0.0192 J0.
X-3.7067 Z-0.0839 I-0.0193 J0.
X-3.6682 Z-0.0942 I0.0193 J0.
X-3.7067 Z-0.1045 I-0.0193 J0.
X-3.6682 Z-0.1148 I0.0193 J0.
X-3.7068 Z-0.1251 I-0.0193 J0.
X-3.6682 Z-0.1354 I0.0193 J0.
X-3.7063 Y-1.4959 Z-0.145 I-0.0193 J0.
X-3.6687 Y-1.5041 I0.0188 J-0.0041
X-3.7063 Y-1.4959 I-0.0188 J0.0041
X-3.699 Y-1.5074 I0.0094 J-0.0021
G1 X-3.6913 Y-1.509
X-3.6883 Y-1.5097 Z-0.1447
X-3.6854 Y-1.5103 Z-0.1438
X-3.6827 Y-1.5109 Z-0.1423
X-3.6804 Y-1.5114 Z-0.1404
X-3.6785 Y-1.5118 Z-0.138
X-3.677 Y-1.5121 Z-0.1353
X-3.6762 Y-1.5123 Z-0.1323
X-3.6759 Y-1.5124 Z-0.1292
G0 Z0.4
X-3.2015 Y-1.5096
Z0.13
G1 Z0.0658 F40.
G18 G2 X-3.1858 Z0.05 I0.0157 K0.
G1 X-3.1779
G17 G3 X-3.1682 Y-1.5 I0. J0.0096
X-3.2068 Z0.0397 I-0.0193 J0.
X-3.1682 Z0.0294 I0.0193 J0.
X-3.2068 Z0.0191 I-0.0193 J0.
X-3.1683 Z0.0088 I0.0193 J0.
X-3.2068 Z-0.0015 I-0.0193 J0.
X-3.1683 Z-0.0118 I0.0193 J0.
X-3.2068 Z-0.0221 I-0.0193 J0.
X-3.1683 Z-0.0324 I0.0192 J0.
X-3.2068 Z-0.0427 I-0.0192 J0.
X-3.1683 Z-0.053 I0.0192 J0.
X-3.2068 Z-0.0633 I-0.0192 J0.
X-3.1683 Z-0.0736 I0.0192 J0.
X-3.2067 Z-0.0839 I-0.0192 J0.
X-3.1683 Z-0.0942 I0.0192 J0.
X-3.2067 Z-0.1045 I-0.0192 J0.
X-3.1683 Z-0.1148 I0.0192 J0.
X-3.2067 Z-0.1251 I-0.0192 J0.
X-3.1683 Z-0.1354 I0.0192 J0.
X-3.2063 Y-1.4959 Z-0.145 I-0.0192 J0.
X-3.1687 Y-1.5041 I0.0188 J-0.0041
X-3.2063 Y-1.4959 I-0.0188 J0.0041
X-3.199 Y-1.5074 I0.0094 J-0.0021
G1 X-3.1913 Y-1.509
X-3.1883 Y-1.5097 Z-0.1447
X-3.1854 Y-1.5103 Z-0.1438
X-3.1827 Y-1.5109 Z-0.1423
X-3.1804 Y-1.5114 Z-0.1404
X-3.1785 Y-1.5118 Z-0.138
X-3.177 Y-1.5121 Z-0.1353
X-3.1762 Y-1.5123 Z-0.1323
X-3.1759 Y-1.5124 Z-0.1292
G0 Z0.4
X-2.7015 Y-1.5096
Z0.13
G1 Z0.0658 F40.
G18 G2 X-2.6857 Z0.05 I0.0158 K0.
G1 X-2.6779
G17 G3 X-2.6683 Y-1.5 I0. J0.0096
X-2.7067 Z0.0397 I-0.0192 J0.
X-2.6683 Z0.0294 I0.0192 J0.
X-2.7067 Z0.0191 I-0.0192 J0.
X-2.6683 Z0.0088 I0.0192 J0.
X-2.7067 Z-0.0015 I-0.0192 J0.
X-2.6682 Z-0.0118 I0.0192 J0.
X-2.7067 Z-0.0221 I-0.0192 J0.
X-2.6682 Z-0.0324 I0.0192 J0.
X-2.7067 Z-0.0427 I-0.0192 J0.
X-2.6682 Z-0.053 I0.0192 J0.
X-2.7067 Z-0.0633 I-0.0192 J0.
X-2.6682 Z-0.0736 I0.0192 J0.
X-2.7067 Z-0.0839 I-0.0193 J0.
X-2.6682 Z-0.0942 I0.0193 J0.
X-2.7067 Z-0.1045 I-0.0193 J0.
X-2.6682 Z-0.1148 I0.0193 J0.
X-2.7067 Z-0.1251 I-0.0193 J0.
X-2.6682 Z-0.1354 I0.0193 J0.
X-2.7063 Y-1.4959 Z-0.145 I-0.0193 J0.
X-2.6687 Y-1.5041 I0.0188 J-0.0041
X-2.7063 Y-1.4959 I-0.0188 J0.0041
X-2.699 Y-1.5074 I0.0094 J-0.0021
G1 X-2.6913 Y-1.509
X-2.6883 Y-1.5097 Z-0.1447
X-2.6854 Y-1.5103 Z-0.1438
X-2.6827 Y-1.5109 Z-0.1423
X-2.6804 Y-1.5114 Z-0.1404
X-2.6785 Y-1.5118 Z-0.138
X-2.677 Y-1.5121 Z-0.1353
X-2.6762 Y-1.5123 Z-0.1323
X-2.6759 Y-1.5124 Z-0.1292
G0 Z0.4
X-2.2015 Y-1.5096
Z0.13
G1 Z0.0658 F40.
G18 G2 X-2.1858 Z0.05 I0.0157 K0.
G1 X-2.1779
G17 G3 X-2.1683 Y-1.5 I0. J0.0096
X-2.2067 Z0.0397 I-0.0192 J0.
X-2.1683 Z0.0294 I0.0192 J0.
X-2.2067 Z0.0191 I-0.0192 J0.
X-2.1683 Z0.0088 I0.0192 J0.
X-2.2067 Z-0.0015 I-0.0192 J0.
X-2.1683 Z-0.0118 I0.0192 J0.
X-2.2067 Z-0.0221 I-0.0192 J0.
X-2.1683 Z-0.0324 I0.0192 J0.
X-2.2067 Z-0.0427 I-0.0192 J0.
X-2.1683 Z-0.053 I0.0192 J0.
X-2.2067 Z-0.0633 I-0.0192 J0.
X-2.1683 Z-0.0736 I0.0192 J0.
X-2.2067 Z-0.0839 I-0.0192 J0.
X-2.1683 Z-0.0942 I0.0192 J0.
X-2.2067 Z-0.1045 I-0.0192 J0.
X-2.1683 Z-0.1148 I0.0192 J0.
X-2.2067 Z-0.1251 I-0.0192 J0.
X-2.1683 Z-0.1354 I0.0192 J0.
X-2.2063 Y-1.4959 Z-0.145 I-0.0192 J0.
X-2.1687 Y-1.5041 I0.0188 J-0.0041
X-2.2063 Y-1.4959 I-0.0188 J0.0041
X-2.199 Y-1.5074 I0.0094 J-0.0021
G1 X-2.1913 Y-1.509
X-2.1883 Y-1.5097 Z-0.1447
X-2.1854 Y-1.5103 Z-0.1438
X-2.1827 Y-1.5109 Z-0.1423
X-2.1804 Y-1.5114 Z-0.1404
X-2.1785 Y-1.5118 Z-0.138
X-2.177 Y-1.5121 Z-0.1353
X-2.1762 Y-1.5123 Z-0.1323
X-2.1759 Y-1.5124 Z-0.1292
G0 Z0.4
X-1.7015 Y-1.5096
Z0.13
G1 Z0.0658 F40.
G18 G2 X-1.6858 Z0.05 I0.0158 K0.
G1 X-1.6779
G17 G3 X-1.6683 Y-1.5 I0. J0.0096
X-1.7067 Z0.0397 I-0.0192 J0.
X-1.6683 Z0.0294 I0.0192 J0.
X-1.7067 Z0.0191 I-0.0192 J0.
X-1.6683 Z0.0088 I0.0192 J0.
X-1.7067 Z-0.0015 I-0.0192 J0.
X-1.6683 Z-0.0118 I0.0192 J0.
X-1.7067 Z-0.0221 I-0.0192 J0.
X-1.6683 Z-0.0324 I0.0192 J0.
X-1.7067 Z-0.0427 I-0.0192 J0.
X-1.6683 Z-0.053 I0.0192 J0.
X-1.7067 Z-0.0633 I-0.0192 J0.
X-1.6683 Z-0.0736 I0.0192 J0.
X-1.7067 Z-0.0839 I-0.0192 J0.
X-1.6683 Z-0.0942 I0.0192 J0.
X-1.7067 Z-0.1045 I-0.0192 J0.
X-1.6683 Z-0.1148 I0.0192 J0.
X-1.7067 Z-0.1251 I-0.0192 J0.
X-1.6683 Z-0.1354 I0.0192 J0.
X-1.7063 Y-1.4959 Z-0.145 I-0.0192 J0.
X-1.6687 Y-1.5041 I0.0188 J-0.0041
X-1.7063 Y-1.4959 I-0.0188 J0.0041
X-1.699 Y-1.5074 I0.0094 J-0.0021
G1 X-1.6913 Y-1.509
X-1.6883 Y-1.5097 Z-0.1447
X-1.6854 Y-1.5103 Z-0.1438
X-1.6827 Y-1.5109 Z-0.1423
X-1.6804 Y-1.5114 Z-0.1404
X-1.6785 Y-1.5118 Z-0.138
X-1.677 Y-1.5121 Z-0.1353
X-1.6762 Y-1.5123 Z-0.1323
X-1.6759 Y-1.5124 Z-0.1292
G0 Z0.4
X-1.2015 Y-1.5096
Z0.13
G1 Z0.0658 F40.
G18 G2 X-1.1857 Z0.05 I0.0158 K0.
G1 X-1.1779
G17 G3 X-1.1682 Y-1.5 I0. J0.0096
X-1.2068 Z0.0397 I-0.0193 J0.
X-1.1682 Z0.0294 I0.0193 J0.
X-1.2068 Z0.0191 I-0.0193 J0.
X-1.1682 Z0.0088 I0.0193 J0.
X-1.2068 Z-0.0015 I-0.0193 J0.
X-1.1683 Z-0.0118 I0.0193 J0.
X-1.2068 Z-0.0221 I-0.0193 J0.
X-1.1683 Z-0.0324 I0.0193 J0.
X-1.2068 Z-0.0427 I-0.0193 J0.
X-1.1683 Z-0.053 I0.0193 J0.
X-1.2068 Z-0.0633 I-0.0192 J0.
X-1.1683 Z-0.0736 I0.0192 J0.
X-1.2068 Z-0.0839 I-0.0192 J0.
X-1.1683 Z-0.0942 I0.0192 J0.
X-1.2067 Z-0.1045 I-0.0192 J0.
X-1.1683 Z-0.1148 I0.0192 J0.
X-1.2067 Z-0.1251 I-0.0192 J0.
X-1.1683 Z-0.1354 I0.0192 J0.
X-1.2063 Y-1.4959 Z-0.145 I-0.0192 J0.
X-1.1687 Y-1.5041 I0.0188 J-0.0041
X-1.2063 Y-1.4959 I-0.0188 J0.0041
X-1.199 Y-1.5074 I0.0094 J-0.0021
G1 X-1.1913 Y-1.509
X-1.1883 Y-1.5097 Z-0.1447
X-1.1854 Y-1.5103 Z-0.1438
X-1.1827 Y-1.5109 Z-0.1423
X-1.1804 Y-1.5114 Z-0.1404
X-1.1785 Y-1.5118 Z-0.138
X-1.177 Y-1.5121 Z-0.1353
X-1.1762 Y-1.5123 Z-0.1323
X-1.1759 Y-1.5124 Z-0.1292
G0 Z0.4
X-0.7015 Y-1.5096
Z0.13
G1 Z0.0658 F40.
G18 G2 X-0.6858 Z0.05 I0.0157 K0.
G1 X-0.6779
G17 G3 X-0.6683 Y-1.5 I0. J0.0096
X-0.7067 Z0.0397 I-0.0192 J0.
X-0.6683 Z0.0294 I0.0192 J0.
X-0.7067 Z0.0191 I-0.0192 J0.
X-0.6683 Z0.0088 I0.0192 J0.
X-0.7067 Z-0.0015 I-0.0192 J0.
X-0.6683 Z-0.0118 I0.0192 J0.
X-0.7067 Z-0.0221 I-0.0192 J0.
X-0.6683 Z-0.0324 I0.0192 J0.
X-0.7067 Z-0.0427 I-0.0192 J0.
X-0.6683 Z-0.053 I0.0192 J0.
X-0.7067 Z-0.0633 I-0.0192 J0.
X-0.6683 Z-0.0736 I0.0192 J0.
X-0.7067 Z-0.0839 I-0.0192 J0.
X-0.6683 Z-0.0942 I0.0192 J0.
X-0.7067 Z-0.1045 I-0.0192 J0.
X-0.6683 Z-0.1148 I0.0192 J0.
X-0.7067 Z-0.1251 I-0.0192 J0.
X-0.6683 Z-0.1354 I0.0192 J0.
X-0.7063 Y-1.4959 Z-0.145 I-0.0192 J0.
X-0.6687 Y-1.5041 I0.0188 J-0.0041
X-0.7063 Y-1.4959 I-0.0188 J0.0041
X-0.699 Y-1.5074 I0.0094 J-0.0021
G1 X-0.6913 Y-1.509
X-0.6883 Y-1.5097 Z-0.1447
X-0.6854 Y-1.5103 Z-0.1438
X-0.6827 Y-1.5109 Z-0.1423
X-0.6804 Y-1.5114 Z-0.1404
X-0.6785 Y-1.5118 Z-0.138
X-0.677 Y-1.5121 Z-0.1353
X-0.6762 Y-1.5123 Z-0.1323
X-0.6759 Y-1.5124 Z-0.1292
G0 Z0.4
X-0.2015 Y-1.5096
Z0.13
G1 Z0.0658 F40.
G18 G2 X-0.1858 Z0.05 I0.0158 K0.
G1 X-0.1779
G17 G3 X-0.1683 Y-1.5 I0. J0.0096
X-0.2067 Z0.0397 I-0.0192 J0.
X-0.1683 Z0.0294 I0.0192 J0.
X-0.2067 Z0.0191 I-0.0192 J0.
X-0.1683 Z0.0088 I0.0192 J0.
X-0.2067 Z-0.0015 I-0.0192 J0.
X-0.1683 Z-0.0118 I0.0192 J0.
X-0.2067 Z-0.0221 I-0.0192 J0.
X-0.1683 Z-0.0324 I0.0192 J0.
X-0.2067 Z-0.0427 I-0.0192 J0.
X-0.1683 Z-0.053 I0.0192 J0.
X-0.2067 Z-0.0633 I-0.0192 J0.
X-0.1683 Z-0.0736 I0.0192 J0.
X-0.2067 Z-0.0839 I-0.0192 J0.
X-0.1683 Z-0.0942 I0.0192 J0.
X-0.2067 Z-0.1045 I-0.0192 J0.
X-0.1683 Z-0.1148 I0.0192 J0.
X-0.2067 Z-0.1251 I-0.0192 J0.
X-0.1683 Z-0.1354 I0.0192 J0.
X-0.2063 Y-1.4959 Z-0.145 I-0.0192 J0.
X-0.1687 Y-1.5041 I0.0188 J-0.0041
X-0.2063 Y-1.4959 I-0.0188 J0.0041
X-0.199 Y-1.5074 I0.0094 J-0.0021
G1 X-0.1913 Y-1.509
X-0.1883 Y-1.5097 Z-0.1447
X-0.1854 Y-1.5103 Z-0.1438
X-0.1827 Y-1.5109 Z-0.1423
X-0.1804 Y-1.5114 Z-0.1404
X-0.1785 Y-1.5118 Z-0.138
X-0.177 Y-1.5121 Z-0.1353
X-0.1762 Y-1.5123 Z-0.1323
X-0.1759 Y-1.5124 Z-0.1292
G0 Z0.4
X-0.2015 Y-0.5096
Z0.13
G1 Z0.0658 F40.
G18 G2 X-0.1858 Z0.05 I0.0158 K0.
G1 X-0.1779
G17 G3 X-0.1683 Y-0.5 I0. J0.0096
X-0.2067 Z0.0397 I-0.0192 J0.
X-0.1683 Z0.0294 I0.0192 J0.
X-0.2067 Z0.0191 I-0.0192 J0.
X-0.1683 Z0.0088 I0.0192 J0.
X-0.2067 Z-0.0015 I-0.0192 J0.
X-0.1682 Z-0.0118 I0.0192 J0.
X-0.2067 Z-0.0221 I-0.0192 J0.
X-0.1682 Z-0.0324 I0.0192 J0.
X-0.2067 Z-0.0427 I-0.0192 J0.
X-0.1682 Z-0.053 I0.0192 J0.
X-0.2067 Z-0.0633 I-0.0192 J0.
X-0.1682 Z-0.0736 I0.0192 J0.
X-0.2067 Z-0.0839 I-0.0192 J0.
X-0.1682 Z-0.0942 I0.0192 J0.
X-0.2067 Z-0.1045 I-0.0192 J0.
X-0.1682 Z-0.1148 I0.0192 J0.
X-0.2067 Z-0.1251 I-0.0192 J0.
X-0.1682 Z-0.1354 I0.0192 J0.
X-0.2063 Y-0.4959 Z-0.145 I-0.0192 J0.
X-0.1687 Y-0.5041 I0.0188 J-0.0041
X-0.2063 Y-0.4959 I-0.0188 J0.0041
X-0.199 Y-0.5074 I0.0094 J-0.0021
G1 X-0.1913 Y-0.509
X-0.1883 Y-0.5097 Z-0.1447
X-0.1854 Y-0.5103 Z-0.1438
X-0.1827 Y-0.5109 Z-0.1423
X-0.1804 Y-0.5114 Z-0.1404
X-0.1785 Y-0.5118 Z-0.138
X-0.177 Y-0.5121 Z-0.1353
X-0.1762 Y-0.5123 Z-0.1323
X-0.1759 Y-0.5124 Z-0.1292
G0 Z0.4
X-0.7015 Y-0.5096
Z0.13
G1 Z0.0658 F40.
G18 G2 X-0.6858 Z0.05 I0.0157 K0.
G1 X-0.6779
G17 G3 X-0.6683 Y-0.5 I0. J0.0096
X-0.7067 Z0.0397 I-0.0192 J0.
X-0.6683 Z0.0294 I0.0192 J0.
X-0.7067 Z0.0191 I-0.0192 J0.
X-0.6683 Z0.0088 I0.0192 J0.
X-0.7067 Z-0.0015 I-0.0192 J0.
X-0.6683 Z-0.0118 I0.0192 J0.
X-0.7067 Z-0.0221 I-0.0192 J0.
X-0.6683 Z-0.0324 I0.0192 J0.
X-0.7067 Z-0.0427 I-0.0192 J0.
X-0.6683 Z-0.053 I0.0192 J0.
X-0.7067 Z-0.0633 I-0.0192 J0.
X-0.6683 Z-0.0736 I0.0192 J0.
X-0.7067 Z-0.0839 I-0.0192 J0.
X-0.6683 Z-0.0942 I0.0192 J0.
X-0.7067 Z-0.1045 I-0.0192 J0.
X-0.6683 Z-0.1148 I0.0192 J0.
X-0.7067 Z-0.1251 I-0.0192 J0.
X-0.6683 Z-0.1354 I0.0192 J0.
X-0.7063 Y-0.4959 Z-0.145 I-0.0192 J0.
X-0.6687 Y-0.5041 I0.0188 J-0.0041
X-0.7063 Y-0.4959 I-0.0188 J0.0041
X-0.699 Y-0.5074 I0.0094 J-0.0021
G1 X-0.6913 Y-0.509
X-0.6883 Y-0.5097 Z-0.1447
X-0.6854 Y-0.5103 Z-0.1438
X-0.6827 Y-0.5109 Z-0.1423
X-0.6804 Y-0.5114 Z-0.1404
X-0.6785 Y-0.5118 Z-0.138
X-0.677 Y-0.5121 Z-0.1353
X-0.6762 Y-0.5123 Z-0.1323
X-0.6759 Y-0.5124 Z-0.1292
G0 Z0.4
X-1.2015 Y-0.5096
Z0.13
G1 Z0.0658 F40.
G18 G2 X-1.1857 Z0.05 I0.0158 K0.
G1 X-1.1779
G17 G3 X-1.1682 Y-0.5 I0. J0.0096
X-1.2068 Z0.0397 I-0.0193 J0.
X-1.1682 Z0.0294 I0.0193 J0.
X-1.2068 Z0.0191 I-0.0193 J0.
X-1.1682 Z0.0088 I0.0193 J0.
X-1.2068 Z-0.0015 I-0.0193 J0.
X-1.1683 Z-0.0118 I0.0193 J0.
X-1.2068 Z-0.0221 I-0.0193 J0.
X-1.1683 Z-0.0324 I0.0193 J0.
X-1.2068 Z-0.0427 I-0.0193 J0.
X-1.1683 Z-0.053 I0.0193 J0.
X-1.2068 Z-0.0633 I-0.0193 J0.
X-1.1683 Z-0.0736 I0.0192 J0.
X-1.2068 Z-0.0839 I-0.0192 J0.
X-1.1683 Z-0.0942 I0.0192 J0.
X-1.2068 Z-0.1045 I-0.0192 J0.
X-1.1683 Z-0.1148 I0.0192 J0.
X-1.2067 Z-0.1251 I-0.0192 J0.
X-1.1683 Z-0.1354 I0.0192 J0.
X-1.2063 Y-0.4959 Z-0.145 I-0.0192 J0.
X-1.1687 Y-0.5041 I0.0188 J-0.0041
X-1.2063 Y-0.4959 I-0.0188 J0.0041
X-1.199 Y-0.5074 I0.0094 J-0.0021
G1 X-1.1913 Y-0.509
X-1.1883 Y-0.5097 Z-0.1447
X-1.1854 Y-0.5103 Z-0.1438
X-1.1827 Y-0.5109 Z-0.1423
X-1.1804 Y-0.5114 Z-0.1404
X-1.1785 Y-0.5118 Z-0.138
X-1.177 Y-0.5121 Z-0.1353
X-1.1762 Y-0.5123 Z-0.1323
X-1.1759 Y-0.5124 Z-0.1292
G0 Z0.4
X-1.7015 Y-0.5096
Z0.13
G1 Z0.0658 F40.
G18 G2 X-1.6858 Z0.05 I0.0158 K0.
G1 X-1.6779
G17 G3 X-1.6683 Y-0.5 I0. J0.0096
X-1.7067 Z0.0397 I-0.0192 J0.
X-1.6683 Z0.0294 I0.0192 J0.
X-1.7067 Z0.0191 I-0.0192 J0.
X-1.6683 Z0.0088 I0.0192 J0.
X-1.7067 Z-0.0015 I-0.0192 J0.
X-1.6683 Z-0.0118 I0.0192 J0.
X-1.7067 Z-0.0221 I-0.0192 J0.
X-1.6683 Z-0.0324 I0.0192 J0.
X-1.7067 Z-0.0427 I-0.0192 J0.
X-1.6683 Z-0.053 I0.0192 J0.
X-1.7067 Z-0.0633 I-0.0192 J0.
X-1.6683 Z-0.0736 I0.0192 J0.
X-1.7067 Z-0.0839 I-0.0192 J0.
X-1.6682 Z-0.0942 I0.0192 J0.
X-1.7067 Z-0.1045 I-0.0192 J0.
X-1.6682 Z-0.1148 I0.0192 J0.
X-1.7067 Z-0.1251 I-0.0192 J0.
X-1.6682 Z-0.1354 I0.0192 J0.
X-1.7063 Y-0.4959 Z-0.145 I-0.0192 J0.
X-1.6687 Y-0.5041 I0.0188 J-0.0041
X-1.7063 Y-0.4959 I-0.0188 J0.0041
X-1.699 Y-0.5074 I0.0094 J-0.0021
G1 X-1.6913 Y-0.509
X-1.6883 Y-0.5097 Z-0.1447
X-1.6854 Y-0.5103 Z-0.1438
X-1.6827 Y-0.5109 Z-0.1423
X-1.6804 Y-0.5114 Z-0.1404
X-1.6785 Y-0.5118 Z-0.138
X-1.677 Y-0.5121 Z-0.1353
X-1.6762 Y-0.5123 Z-0.1323
X-1.6759 Y-0.5124 Z-0.1292
G0 Z0.4
X-2.2015 Y-0.5096
Z0.13
G1 Z0.0658 F40.
G18 G2 X-2.1858 Z0.05 I0.0157 K0.
G1 X-2.1779
G17 G3 X-2.1683 Y-0.5 I0. J0.0096
X-2.2067 Z0.0397 I-0.0192 J0.
X-2.1683 Z0.0294 I0.0192 J0.
X-2.2067 Z0.0191 I-0.0192 J0.
X-2.1683 Z0.0088 I0.0192 J0.
X-2.2067 Z-0.0015 I-0.0192 J0.
X-2.1683 Z-0.0118 I0.0192 J0.
X-2.2067 Z-0.0221 I-0.0192 J0.
X-2.1683 Z-0.0324 I0.0192 J0.
X-2.2067 Z-0.0427 I-0.0192 J0.
X-2.1683 Z-0.053 I0.0192 J0.
X-2.2067 Z-0.0633 I-0.0192 J0.
X-2.1683 Z-0.0736 I0.0192 J0.
X-2.2067 Z-0.0839 I-0.0192 J0.
X-2.1683 Z-0.0942 I0.0192 J0.
X-2.2067 Z-0.1045 I-0.0192 J0.
X-2.1683 Z-0.1148 I0.0192 J0.
X-2.2067 Z-0.1251 I-0.0192 J0.
X-2.1683 Z-0.1354 I0.0192 J0.
X-2.2063 Y-0.4959 Z-0.145 I-0.0192 J0.
X-2.1687 Y-0.5041 I0.0188 J-0.0041
X-2.2063 Y-0.4959 I-0.0188 J0.0041
X-2.199 Y-0.5074 I0.0094 J-0.0021
G1 X-2.1913 Y-0.509
X-2.1883 Y-0.5097 Z-0.1447
X-2.1854 Y-0.5103 Z-0.1438
X-2.1827 Y-0.5109 Z-0.1423
X-2.1804 Y-0.5114 Z-0.1404
X-2.1785 Y-0.5118 Z-0.138
X-2.177 Y-0.5121 Z-0.1353
X-2.1762 Y-0.5123 Z-0.1323
X-2.1759 Y-0.5124 Z-0.1292
G0 Z0.4
X-2.7015 Y-0.5096
Z0.13
G1 Z0.0658 F40.
G18 G2 X-2.6857 Z0.05 I0.0158 K0.
G1 X-2.6779
G17 G3 X-2.6683 Y-0.5 I0. J0.0096
X-2.7067 Z0.0397 I-0.0192 J0.
X-2.6683 Z0.0294 I0.0192 J0.
X-2.7067 Z0.0191 I-0.0192 J0.
X-2.6683 Z0.0088 I0.0192 J0.
X-2.7067 Z-0.0015 I-0.0192 J0.
X-2.6682 Z-0.0118 I0.0192 J0.
X-2.7067 Z-0.0221 I-0.0192 J0.
X-2.6682 Z-0.0324 I0.0192 J0.
X-2.7067 Z-0.0427 I-0.0192 J0.
X-2.6682 Z-0.053 I0.0192 J0.
X-2.7067 Z-0.0633 I-0.0192 J0.
X-2.6682 Z-0.0736 I0.0192 J0.
X-2.7067 Z-0.0839 I-0.0193 J0.
X-2.6682 Z-0.0942 I0.0193 J0.
X-2.7067 Z-0.1045 I-0.0193 J0.
X-2.6682 Z-0.1148 I0.0193 J0.
X-2.7067 Z-0.1251 I-0.0193 J0.
X-2.6682 Z-0.1354 I0.0193 J0.
X-2.7063 Y-0.4959 Z-0.145 I-0.0193 J0.
X-2.6687 Y-0.5041 I0.0188 J-0.0041
X-2.7063 Y-0.4959 I-0.0188 J0.0041
X-2.699 Y-0.5074 I0.0094 J-0.0021
G1 X-2.6913 Y-0.509
X-2.6883 Y-0.5097 Z-0.1447
X-2.6854 Y-0.5103 Z-0.1438
X-2.6827 Y-0.5109 Z-0.1423
X-2.6804 Y-0.5114 Z-0.1404
X-2.6785 Y-0.5118 Z-0.138
X-2.677 Y-0.5121 Z-0.1353
X-2.6762 Y-0.5123 Z-0.1323
X-2.6759 Y-0.5124 Z-0.1292
G0 Z0.4
X-3.2015 Y-0.5096
Z0.13
G1 Z0.0658 F40.
G18 G2 X-3.1858 Z0.05 I0.0157 K0.
G1 X-3.1779
G17 G3 X-3.1682 Y-0.5 I0. J0.0096
X-3.2068 Z0.0397 I-0.0193 J0.
X-3.1682 Z0.0294 I0.0193 J0.
X-3.2068 Z0.0191 I-0.0193 J0.
X-3.1683 Z0.0088 I0.0193 J0.
X-3.2068 Z-0.0015 I-0.0193 J0.
X-3.1683 Z-0.0118 I0.0193 J0.
X-3.2068 Z-0.0221 I-0.0193 J0.
X-3.1683 Z-0.0324 I0.0193 J0.
X-3.2068 Z-0.0427 I-0.0192 J0.
X-3.1683 Z-0.053 I0.0192 J0.
X-3.2068 Z-0.0633 I-0.0192 J0.
X-3.1683 Z-0.0736 I0.0192 J0.
X-3.2067 Z-0.0839 I-0.0192 J0.
X-3.1683 Z-0.0942 I0.0192 J0.
X-3.2067 Z-0.1045 I-0.0192 J0.
X-3.1683 Z-0.1148 I0.0192 J0.
X-3.2067 Z-0.1251 I-0.0192 J0.
X-3.1683 Z-0.1354 I0.0192 J0.
X-3.2063 Y-0.4959 Z-0.145 I-0.0192 J0.
X-3.1687 Y-0.5041 I0.0188 J-0.0041
X-3.2063 Y-0.4959 I-0.0188 J0.0041
X-3.199 Y-0.5074 I0.0094 J-0.0021
G1 X-3.1913 Y-0.509
X-3.1883 Y-0.5097 Z-0.1447
X-3.1854 Y-0.5103 Z-0.1438
X-3.1827 Y-0.5109 Z-0.1423
X-3.1804 Y-0.5114 Z-0.1404
X-3.1785 Y-0.5118 Z-0.138
X-3.177 Y-0.5121 Z-0.1353
X-3.1762 Y-0.5123 Z-0.1323
X-3.1759 Y-0.5124 Z-0.1292
G0 Z0.4
X-3.7015 Y-0.5096
Z0.13
G1 Z0.0658 F40.
G18 G2 X-3.6857 Z0.05 I0.0157 K0.
G1 X-3.6779
G17 G3 X-3.6683 Y-0.5 I0. J0.0096
X-3.7067 Z0.0397 I-0.0192 J0.
X-3.6683 Z0.0294 I0.0192 J0.
X-3.7067 Z0.0191 I-0.0192 J0.
X-3.6683 Z0.0088 I0.0192 J0.
X-3.7067 Z-0.0015 I-0.0192 J0.
X-3.6683 Z-0.0118 I0.0192 J0.
X-3.7067 Z-0.0221 I-0.0192 J0.
X-3.6683 Z-0.0324 I0.0192 J0.
X-3.7067 Z-0.0427 I-0.0192 J0.
X-3.6682 Z-0.053 I0.0192 J0.
X-3.7067 Z-0.0633 I-0.0192 J0.
X-3.6682 Z-0.0736 I0.0192 J0.
X-3.7067 Z-0.0839 I-0.0193 J0.
X-3.6682 Z-0.0942 I0.0193 J0.
X-3.7067 Z-0.1045 I-0.0193 J0.
X-3.6682 Z-0.1148 I0.0193 J0.
X-3.7068 Z-0.1251 I-0.0193 J0.
X-3.6682 Z-0.1354 I0.0193 J0.
X-3.7063 Y-0.4959 Z-0.145 I-0.0193 J0.
X-3.6687 Y-0.5041 I0.0188 J-0.0041
X-3.7063 Y-0.4959 I-0.0188 J0.0041
X-3.699 Y-0.5074 I0.0094 J-0.0021
G1 X-3.6913 Y-0.509
X-3.6883 Y-0.5097 Z-0.1447
X-3.6854 Y-0.5103 Z-0.1438
X-3.6827 Y-0.5109 Z-0.1423
X-3.6804 Y-0.5114 Z-0.1404
X-3.6785 Y-0.5118 Z-0.138
X-3.677 Y-0.5121 Z-0.1353
X-3.6762 Y-0.5123 Z-0.1323
X-3.6759 Y-0.5124 Z-0.1292
G0 Z0.4
X-4.2015 Y-0.5096
Z0.13
G1 Z0.0658 F40.
G18 G2 X-4.1857 Z0.05 I0.0158 K0.
G1 X-4.1779
G17 G3 X-4.1683 Y-0.5 I0. J0.0096
X-4.2068 Z0.0397 I-0.0193 J0.
X-4.1683 Z0.0294 I0.0193 J0.
X-4.2068 Z0.0191 I-0.0193 J0.
X-4.1683 Z0.0088 I0.0193 J0.
X-4.2068 Z-0.0015 I-0.0193 J0.
X-4.1683 Z-0.0118 I0.0193 J0.
X-4.2068 Z-0.0221 I-0.0193 J0.
X-4.1683 Z-0.0324 I0.0193 J0.
X-4.2068 Z-0.0427 I-0.0192 J0.
X-4.1683 Z-0.053 I0.0192 J0.
X-4.2068 Z-0.0633 I-0.0192 J0.
X-4.1683 Z-0.0736 I0.0192 J0.
X-4.2068 Z-0.0839 I-0.0192 J0.
X-4.1683 Z-0.0942 I0.0192 J0.
X-4.2068 Z-0.1045 I-0.0192 J0.
X-4.1683 Z-0.1148 I0.0192 J0.
X-4.2067 Z-0.1251 I-0.0192 J0.
X-4.1683 Z-0.1354 I0.0192 J0.
X-4.2063 Y-0.4959 Z-0.145 I-0.0192 J0.
X-4.1687 Y-0.5041 I0.0188 J-0.0041
X-4.2063 Y-0.4959 I-0.0188 J0.0041
X-4.199 Y-0.5074 I0.0094 J-0.0021
G1 X-4.1913 Y-0.509
X-4.1883 Y-0.5097 Z-0.1447
X-4.1854 Y-0.5103 Z-0.1438
X-4.1827 Y-0.5109 Z-0.1423
X-4.1804 Y-0.5114 Z-0.1404
X-4.1785 Y-0.5118 Z-0.138
X-4.177 Y-0.5121 Z-0.1353
X-4.1762 Y-0.5123 Z-0.1323
X-4.1759 Y-0.5124 Z-0.1292
G0 Z0.4
X-4.7015 Y-0.5096
Z0.13
G1 Z0.0658 F40.
G18 G2 X-4.6858 Z0.05 I0.0157 K0.
G1 X-4.6779
G17 G3 X-4.6682 Y-0.5 I0. J0.0096
X-4.7068 Z0.0397 I-0.0193 J0.
X-4.6682 Z0.0294 I0.0193 J0.
X-4.7068 Z0.0191 I-0.0193 J0.
X-4.6682 Z0.0088 I0.0193 J0.
X-4.7068 Z-0.0015 I-0.0193 J0.
X-4.6682 Z-0.0118 I0.0193 J0.
X-4.7068 Z-0.0221 I-0.0193 J0.
X-4.6682 Z-0.0324 I0.0193 J0.
X-4.7068 Z-0.0427 I-0.0193 J0.
X-4.6682 Z-0.053 I0.0193 J0.
X-4.7068 Z-0.0633 I-0.0193 J0.
X-4.6682 Z-0.0736 I0.0193 J0.
X-4.7068 Z-0.0839 I-0.0193 J0.
X-4.6682 Z-0.0942 I0.0193 J0.
X-4.7068 Z-0.1045 I-0.0193 J0.
X-4.6682 Z-0.1148 I0.0193 J0.
X-4.7068 Z-0.1251 I-0.0193 J0.
X-4.6682 Z-0.1354 I0.0193 J0.
X-4.7063 Y-0.4959 Z-0.145 I-0.0193 J0.
X-4.6687 Y-0.5041 I0.0188 J-0.0041
X-4.7063 Y-0.4959 I-0.0188 J0.0041
X-4.699 Y-0.5074 I0.0094 J-0.0021
G1 X-4.6913 Y-0.509
X-4.6883 Y-0.5097 Z-0.1447
X-4.6854 Y-0.5103 Z-0.1438
X-4.6827 Y-0.5109 Z-0.1423
X-4.6804 Y-0.5114 Z-0.1404
X-4.6785 Y-0.5118 Z-0.138
X-4.677 Y-0.5121 Z-0.1353
X-4.6762 Y-0.5123 Z-0.1323
X-4.6759 Y-0.5124 Z-0.1292
G0 Z0.4
X-5.2015 Y-0.5096
Z0.13
G1 Z0.0658 F40.
G18 G2 X-5.1857 Z0.05 I0.0158 K0.
G1 X-5.1779
G17 G3 X-5.1682 Y-0.5 I0. J0.0096
X-5.2067 Z0.0397 I-0.0193 J0.
X-5.1682 Z0.0294 I0.0193 J0.
X-5.2067 Z0.0191 I-0.0193 J0.
X-5.1682 Z0.0088 I0.0193 J0.
X-5.2067 Z-0.0015 I-0.0193 J0.
X-5.1682 Z-0.0118 I0.0193 J0.
X-5.2067 Z-0.0221 I-0.0193 J0.
X-5.1682 Z-0.0324 I0.0193 J0.
X-5.2067 Z-0.0427 I-0.0193 J0.
X-5.1682 Z-0.053 I0.0193 J0.
X-5.2067 Z-0.0633 I-0.0193 J0.
X-5.1682 Z-0.0736 I0.0193 J0.
X-5.2067 Z-0.0839 I-0.0193 J0.
X-5.1682 Z-0.0942 I0.0193 J0.
X-5.2067 Z-0.1045 I-0.0193 J0.
X-5.1682 Z-0.1148 I0.0193 J0.
X-5.2068 Z-0.1251 I-0.0193 J0.
X-5.1682 Z-0.1354 I0.0193 J0.
X-5.2063 Y-0.4959 Z-0.145 I-0.0193 J0.
X-5.1687 Y-0.5041 I0.0188 J-0.0041
X-5.2063 Y-0.4959 I-0.0188 J0.0041
X-5.199 Y-0.5074 I0.0094 J-0.0021
G1 X-5.1913 Y-0.509
X-5.1883 Y-0.5097 Z-0.1447
X-5.1854 Y-0.5103 Z-0.1438
X-5.1827 Y-0.5109 Z-0.1423
X-5.1804 Y-0.5114 Z-0.1404
X-5.1785 Y-0.5118 Z-0.138
X-5.177 Y-0.5121 Z-0.1353
X-5.1762 Y-0.5123 Z-0.1323
X-5.1759 Y-0.5124 Z-0.1292
G0 Z0.4
X-5.7015 Y-0.5096
Z0.13
G1 Z0.0658 F40.
G18 G2 X-5.6857 Z0.05 I0.0158 K0.
G1 X-5.6779
G17 G3 X-5.6683 Y-0.5 I0. J0.0096
X-5.7067 Z0.0397 I-0.0192 J0.
X-5.6683 Z0.0294 I0.0192 J0.
X-5.7067 Z0.0191 I-0.0192 J0.
X-5.6683 Z0.0088 I0.0192 J0.
X-5.7067 Z-0.0015 I-0.0192 J0.
X-5.6683 Z-0.0118 I0.0192 J0.
X-5.7067 Z-0.0221 I-0.0192 J0.
X-5.6682 Z-0.0324 I0.0192 J0.
X-5.7067 Z-0.0427 I-0.0192 J0.
X-5.6682 Z-0.053 I0.0192 J0.
X-5.7067 Z-0.0633 I-0.0192 J0.
X-5.6682 Z-0.0736 I0.0192 J0.
X-5.7067 Z-0.0839 I-0.0192 J0.
X-5.6682 Z-0.0942 I0.0192 J0.
X-5.7067 Z-0.1045 I-0.0192 J0.
X-5.6682 Z-0.1148 I0.0192 J0.
X-5.7067 Z-0.1251 I-0.0193 J0.
X-5.6682 Z-0.1354 I0.0193 J0.
X-5.7063 Y-0.4959 Z-0.145 I-0.0193 J0.
X-5.6687 Y-0.5041 I0.0188 J-0.0041
X-5.7063 Y-0.4959 I-0.0188 J0.0041
X-5.699 Y-0.5074 I0.0094 J-0.0021
G1 X-5.6913 Y-0.509
X-5.6883 Y-0.5097 Z-0.1447
X-5.6854 Y-0.5103 Z-0.1438
X-5.6827 Y-0.5109 Z-0.1423
X-5.6804 Y-0.5114 Z-0.1404
X-5.6785 Y-0.5118 Z-0.138
X-5.677 Y-0.5121 Z-0.1353
X-5.6762 Y-0.5123 Z-0.1323
X-5.6759 Y-0.5124 Z-0.1292
G0 Z0.4
X-6.2015 Y-0.5096
Z0.13
G1 Z0.0658 F40.
G18 G2 X-6.1858 Z0.05 I0.0157 K0.
G1 X-6.1779
G17 G3 X-6.1683 Y-0.5 I0. J0.0096
X-6.2068 Z0.0397 I-0.0193 J0.
X-6.1683 Z0.0294 I0.0193 J0.
X-6.2068 Z0.0191 I-0.0193 J0.
X-6.1683 Z0.0088 I0.0193 J0.
X-6.2068 Z-0.0015 I-0.0192 J0.
X-6.1683 Z-0.0118 I0.0192 J0.
X-6.2068 Z-0.0221 I-0.0192 J0.
X-6.1683 Z-0.0324 I0.0192 J0.
X-6.2068 Z-0.0427 I-0.0192 J0.
X-6.1683 Z-0.053 I0.0192 J0.
X-6.2068 Z-0.0633 I-0.0192 J0.
X-6.1683 Z-0.0736 I0.0192 J0.
X-6.2067 Z-0.0839 I-0.0192 J0.
X-6.1683 Z-0.0942 I0.0192 J0.
X-6.2067 Z-0.1045 I-0.0192 J0.
X-6.1683 Z-0.1148 I0.0192 J0.
X-6.2067 Z-0.1251 I-0.0192 J0.
X-6.1683 Z-0.1354 I0.0192 J0.
X-6.2063 Y-0.4959 Z-0.145 I-0.0192 J0.
X-6.1687 Y-0.5041 I0.0188 J-0.0041
X-6.2063 Y-0.4959 I-0.0188 J0.0041
X-6.199 Y-0.5074 I0.0094 J-0.0021
G1 X-6.1913 Y-0.509
X-6.1883 Y-0.5097 Z-0.1447
X-6.1854 Y-0.5103 Z-0.1438
X-6.1827 Y-0.5109 Z-0.1423
X-6.1804 Y-0.5114 Z-0.1404
X-6.1785 Y-0.5118 Z-0.138
X-6.177 Y-0.5121 Z-0.1353
X-6.1762 Y-0.5123 Z-0.1323
X-6.1759 Y-0.5124 Z-0.1292
G0 Z0.4
X-6.7015 Y-0.5096
Z0.13
G1 Z0.0658 F40.
G18 G2 X-6.6858 Z0.05 I0.0157 K0.
G1 X-6.6779
G17 G3 X-6.6683 Y-0.5 I0. J0.0096
X-6.7068 Z0.0397 I-0.0193 J0.
X-6.6683 Z0.0294 I0.0193 J0.
X-6.7068 Z0.0191 I-0.0193 J0.
X-6.6683 Z0.0088 I0.0193 J0.
X-6.7068 Z-0.0015 I-0.0193 J0.
X-6.6683 Z-0.0118 I0.0193 J0.
X-6.7068 Z-0.0221 I-0.0193 J0.
X-6.6683 Z-0.0324 I0.0193 J0.
X-6.7068 Z-0.0427 I-0.0193 J0.
X-6.6683 Z-0.053 I0.0193 J0.
X-6.7068 Z-0.0633 I-0.0193 J0.
X-6.6683 Z-0.0736 I0.0193 J0.
X-6.7068 Z-0.0839 I-0.0193 J0.
X-6.6683 Z-0.0942 I0.0193 J0.
X-6.7068 Z-0.1045 I-0.0193 J0.
X-6.6682 Z-0.1148 I0.0193 J0.
X-6.7068 Z-0.1251 I-0.0193 J0.
X-6.6682 Z-0.1354 I0.0193 J0.
X-6.7063 Y-0.4959 Z-0.145 I-0.0193 J0.
X-6.6687 Y-0.5041 I0.0188 J-0.0041
X-6.7063 Y-0.4959 I-0.0188 J0.0041
X-6.699 Y-0.5074 I0.0094 J-0.0021
G1 X-6.6913 Y-0.509
X-6.6883 Y-0.5097 Z-0.1447
X-6.6854 Y-0.5103 Z-0.1438
X-6.6827 Y-0.5109 Z-0.1423
X-6.6804 Y-0.5114 Z-0.1404
X-6.6785 Y-0.5118 Z-0.138
X-6.677 Y-0.5121 Z-0.1353
X-6.6762 Y-0.5123 Z-0.1323
X-6.6759 Y-0.5124 Z-0.1292
G0 Z0.4
X-7.2015 Y-0.5096
Z0.13
G1 Z0.0658 F40.
G18 G2 X-7.1858 Z0.05 I0.0158 K0.
G1 X-7.1779
G17 G3 X-7.1682 Y-0.5 I0. J0.0096
X-7.2068 Z0.0397 I-0.0193 J0.
X-7.1682 Z0.0294 I0.0193 J0.
X-7.2068 Z0.0191 I-0.0193 J0.
X-7.1682 Z0.0088 I0.0193 J0.
X-7.2068 Z-0.0015 I-0.0193 J0.
X-7.1682 Z-0.0118 I0.0193 J0.
X-7.2068 Z-0.0221 I-0.0193 J0.
X-7.1682 Z-0.0324 I0.0193 J0.
X-7.2068 Z-0.0427 I-0.0193 J0.
X-7.1682 Z-0.053 I0.0193 J0.
X-7.2068 Z-0.0633 I-0.0193 J0.
X-7.1682 Z-0.0736 I0.0193 J0.
X-7.2068 Z-0.0839 I-0.0193 J0.
X-7.1682 Z-0.0942 I0.0193 J0.
X-7.2068 Z-0.1045 I-0.0193 J0.
X-7.1682 Z-0.1148 I0.0193 J0.
X-7.2068 Z-0.1251 I-0.0193 J0.
X-7.1682 Z-0.1354 I0.0193 J0.
X-7.2063 Y-0.4959 Z-0.145 I-0.0193 J0.
X-7.1687 Y-0.5041 I0.0188 J-0.0041
X-7.2063 Y-0.4959 I-0.0188 J0.0041
X-7.199 Y-0.5074 I0.0094 J-0.0021
G1 X-7.1913 Y-0.509
X-7.1883 Y-0.5097 Z-0.1447
X-7.1854 Y-0.5103 Z-0.1438
X-7.1827 Y-0.5109 Z-0.1423
X-7.1804 Y-0.5114 Z-0.1404
X-7.1785 Y-0.5118 Z-0.138
X-7.177 Y-0.5121 Z-0.1353
X-7.1762 Y-0.5123 Z-0.1323
X-7.1759 Y-0.5124 Z-0.1292
G0 Z0.4
X-7.7015 Y-0.5096
Z0.13
G1 Z0.0658 F40.
G18 G2 X-7.6857 Z0.05 I0.0158 K0.
G1 X-7.6779
G17 G3 X-7.6682 Y-0.5 I0. J0.0096
X-7.7067 Z0.0397 I-0.0193 J0.
X-7.6682 Z0.0294 I0.0193 J0.
X-7.7067 Z0.0191 I-0.0193 J0.
X-7.6682 Z0.0088 I0.0193 J0.
X-7.7067 Z-0.0015 I-0.0193 J0.
X-7.6682 Z-0.0118 I0.0193 J0.
X-7.7067 Z-0.0221 I-0.0193 J0.
X-7.6682 Z-0.0324 I0.0193 J0.
X-7.7067 Z-0.0427 I-0.0193 J0.
X-7.6682 Z-0.053 I0.0193 J0.
X-7.7067 Z-0.0633 I-0.0193 J0.
X-7.6682 Z-0.0736 I0.0193 J0.
X-7.7067 Z-0.0839 I-0.0193 J0.
X-7.6682 Z-0.0942 I0.0193 J0.
X-7.7067 Z-0.1045 I-0.0193 J0.
X-7.6682 Z-0.1148 I0.0193 J0.
X-7.7068 Z-0.1251 I-0.0193 J0.
X-7.6682 Z-0.1354 I0.0193 J0.
X-7.7063 Y-0.4959 Z-0.145 I-0.0193 J0.
X-7.6687 Y-0.5041 I0.0188 J-0.0041
X-7.7063 Y-0.4959 I-0.0188 J0.0041
X-7.699 Y-0.5074 I0.0094 J-0.0021
G1 X-7.6913 Y-0.509
X-7.6883 Y-0.5097 Z-0.1447
X-7.6854 Y-0.5103 Z-0.1438
X-7.6827 Y-0.5109 Z-0.1423
X-7.6804 Y-0.5114 Z-0.1404
X-7.6785 Y-0.5118 Z-0.138
X-7.677 Y-0.5121 Z-0.1353
X-7.6762 Y-0.5123 Z-0.1323
X-7.6759 Y-0.5124 Z-0.1292
G0 Z0.4
X-8.2015 Y-0.5096
Z0.13
G1 Z0.0658 F40.
G18 G2 X-8.1857 Z0.05 I0.0158 K0.
G1 X-8.1779
G17 G3 X-8.1683 Y-0.5 I0. J0.0096
X-8.2067 Z0.0397 I-0.0192 J0.
X-8.1683 Z0.0294 I0.0192 J0.
X-8.2067 Z0.0191 I-0.0192 J0.
X-8.1683 Z0.0088 I0.0192 J0.
X-8.2067 Z-0.0015 I-0.0192 J0.
X-8.1683 Z-0.0118 I0.0192 J0.
X-8.2067 Z-0.0221 I-0.0192 J0.
X-8.1682 Z-0.0324 I0.0192 J0.
X-8.2067 Z-0.0427 I-0.0192 J0.
X-8.1682 Z-0.053 I0.0192 J0.
X-8.2067 Z-0.0633 I-0.0192 J0.
X-8.1682 Z-0.0736 I0.0192 J0.
X-8.2067 Z-0.0839 I-0.0192 J0.
X-8.1682 Z-0.0942 I0.0192 J0.
X-8.2067 Z-0.1045 I-0.0192 J0.
X-8.1682 Z-0.1148 I0.0192 J0.
X-8.2067 Z-0.1251 I-0.0193 J0.
X-8.1682 Z-0.1354 I0.0193 J0.
X-8.2063 Y-0.4959 Z-0.145 I-0.0193 J0.
X-8.1687 Y-0.5041 I0.0188 J-0.0041
X-8.2063 Y-0.4959 I-0.0188 J0.0041
X-8.199 Y-0.5074 I0.0094 J-0.0021
G1 X-8.1913 Y-0.509
X-8.1883 Y-0.5097 Z-0.1447
X-8.1854 Y-0.5103 Z-0.1438
X-8.1827 Y-0.5109 Z-0.1423
X-8.1804 Y-0.5114 Z-0.1404
X-8.1785 Y-0.5118 Z-0.138
X-8.177 Y-0.5121 Z-0.1353
X-8.1762 Y-0.5123 Z-0.1323
X-8.1759 Y-0.5124 Z-0.1292
G0 Z0.4
X-8.7015 Y-0.5096
Z0.13
G1 Z0.0658 F40.
G18 G2 X-8.6858 Z0.05 I0.0157 K0.
G1 X-8.6779
G17 G3 X-8.6683 Y-0.5 I0. J0.0096
X-8.7068 Z0.0397 I-0.0193 J0.
X-8.6683 Z0.0294 I0.0193 J0.
X-8.7068 Z0.0191 I-0.0193 J0.
X-8.6683 Z0.0088 I0.0193 J0.
X-8.7068 Z-0.0015 I-0.0192 J0.
X-8.6683 Z-0.0118 I0.0192 J0.
X-8.7068 Z-0.0221 I-0.0192 J0.
X-8.6683 Z-0.0324 I0.0192 J0.
X-8.7068 Z-0.0427 I-0.0192 J0.
X-8.6683 Z-0.053 I0.0192 J0.
X-8.7068 Z-0.0633 I-0.0192 J0.
X-8.6683 Z-0.0736 I0.0192 J0.
X-8.7067 Z-0.0839 I-0.0192 J0.
X-8.6683 Z-0.0942 I0.0192 J0.
X-8.7067 Z-0.1045 I-0.0192 J0.
X-8.6683 Z-0.1148 I0.0192 J0.
X-8.7067 Z-0.1251 I-0.0192 J0.
X-8.6683 Z-0.1354 I0.0192 J0.
X-8.7063 Y-0.4959 Z-0.145 I-0.0192 J0.
X-8.6687 Y-0.5041 I0.0188 J-0.0041
X-8.7063 Y-0.4959 I-0.0188 J0.0041
X-8.699 Y-0.5074 I0.0094 J-0.0021
G1 X-8.6913 Y-0.509
X-8.6883 Y-0.5097 Z-0.1447
X-8.6854 Y-0.5103 Z-0.1438
X-8.6827 Y-0.5109 Z-0.1423
X-8.6804 Y-0.5114 Z-0.1404
X-8.6785 Y-0.5118 Z-0.138
X-8.677 Y-0.5121 Z-0.1353
X-8.6762 Y-0.5123 Z-0.1323
X-8.6759 Y-0.5124 Z-0.1292
G0 Z0.4
X-9.2015 Y-0.5096
Z0.13
G1 Z0.0658 F40.
G18 G2 X-9.1858 Z0.05 I0.0157 K0.
G1 X-9.1779
G17 G3 X-9.1683 Y-0.5 I0. J0.0096
X-9.2068 Z0.0397 I-0.0193 J0.
X-9.1683 Z0.0294 I0.0193 J0.
X-9.2068 Z0.0191 I-0.0193 J0.
X-9.1683 Z0.0088 I0.0193 J0.
X-9.2068 Z-0.0015 I-0.0193 J0.
X-9.1683 Z-0.0118 I0.0193 J0.
X-9.2068 Z-0.0221 I-0.0193 J0.
X-9.1683 Z-0.0324 I0.0193 J0.
X-9.2068 Z-0.0427 I-0.0193 J0.
X-9.1683 Z-0.053 I0.0193 J0.
X-9.2068 Z-0.0633 I-0.0193 J0.
X-9.1683 Z-0.0736 I0.0193 J0.
X-9.2068 Z-0.0839 I-0.0193 J0.
X-9.1683 Z-0.0942 I0.0193 J0.
X-9.2068 Z-0.1045 I-0.0193 J0.
X-9.1682 Z-0.1148 I0.0193 J0.
X-9.2068 Z-0.1251 I-0.0193 J0.
X-9.1682 Z-0.1354 I0.0193 J0.
X-9.2063 Y-0.4959 Z-0.145 I-0.0193 J0.
X-9.1687 Y-0.5041 I0.0188 J-0.0041
X-9.2063 Y-0.4959 I-0.0188 J0.0041
X-9.199 Y-0.5074 I0.0094 J-0.0021
G1 X-9.1913 Y-0.509
X-9.1883 Y-0.5097 Z-0.1447
X-9.1854 Y-0.5103 Z-0.1438
X-9.1827 Y-0.5109 Z-0.1423
X-9.1804 Y-0.5114 Z-0.1404
X-9.1785 Y-0.5118 Z-0.138
X-9.177 Y-0.5121 Z-0.1353
X-9.1762 Y-0.5123 Z-0.1323
X-9.1759 Y-0.5124 Z-0.1292
G0 Z0.4
X-9.7015 Y-0.5096
Z0.13
G1 Z0.0658 F40.
G18 G2 X-9.6858 Z0.05 I0.0158 K0.
G1 X-9.6779
G17 G3 X-9.6682 Y-0.5 I0. J0.0096
X-9.7068 Z0.0397 I-0.0193 J0.
X-9.6682 Z0.0294 I0.0193 J0.
X-9.7068 Z0.0191 I-0.0193 J0.
X-9.6682 Z0.0088 I0.0193 J0.
X-9.7068 Z-0.0015 I-0.0193 J0.
X-9.6682 Z-0.0118 I0.0193 J0.
X-9.7068 Z-0.0221 I-0.0193 J0.
X-9.6682 Z-0.0324 I0.0193 J0.
X-9.7068 Z-0.0427 I-0.0193 J0.
X-9.6682 Z-0.053 I0.0193 J0.
X-9.7068 Z-0.0633 I-0.0193 J0.
X-9.6682 Z-0.0736 I0.0193 J0.
X-9.7068 Z-0.0839 I-0.0193 J0.
X-9.6682 Z-0.0942 I0.0193 J0.
X-9.7068 Z-0.1045 I-0.0193 J0.
X-9.6682 Z-0.1148 I0.0193 J0.
X-9.7068 Z-0.1251 I-0.0193 J0.
X-9.6682 Z-0.1354 I0.0193 J0.
X-9.7063 Y-0.4959 Z-0.145 I-0.0193 J0.
X-9.6687 Y-0.5041 I0.0188 J-0.0041
X-9.7063 Y-0.4959 I-0.0188 J0.0041
X-9.699 Y-0.5074 I0.0094 J-0.0021
G1 X-9.6913 Y-0.509
X-9.6883 Y-0.5097 Z-0.1447
X-9.6854 Y-0.5103 Z-0.1438
X-9.6827 Y-0.5109 Z-0.1423
X-9.6804 Y-0.5114 Z-0.1404
X-9.6785 Y-0.5118 Z-0.138
X-9.677 Y-0.5121 Z-0.1353
X-9.6762 Y-0.5123 Z-0.1323
X-9.6759 Y-0.5124 Z-0.1292
G0 Z0.4
X-10.2015 Y-0.5096
Z0.13
G1 Z0.0658 F40.
G18 G2 X-10.1857 Z0.05 I0.0158 K0.
G1 X-10.1779
G17 G3 X-10.1683 Y-0.5 I0. J0.0096
X-10.2068 Z0.0397 I-0.0193 J0.
X-10.1683 Z0.0294 I0.0193 J0.
X-10.2068 Z0.0191 I-0.0192 J0.
X-10.1683 Z0.0088 I0.0192 J0.
X-10.2068 Z-0.0015 I-0.0192 J0.
X-10.1683 Z-0.0118 I0.0192 J0.
X-10.2068 Z-0.0221 I-0.0192 J0.
X-10.1683 Z-0.0324 I0.0192 J0.
X-10.2068 Z-0.0427 I-0.0192 J0.
X-10.1683 Z-0.053 I0.0192 J0.
X-10.2067 Z-0.0633 I-0.0192 J0.
X-10.1683 Z-0.0736 I0.0192 J0.
X-10.2067 Z-0.0839 I-0.0192 J0.
X-10.1683 Z-0.0942 I0.0192 J0.
X-10.2067 Z-0.1045 I-0.0192 J0.
X-10.1683 Z-0.1148 I0.0192 J0.
X-10.2067 Z-0.1251 I-0.0192 J0.
X-10.1683 Z-0.1354 I0.0192 J0.
X-10.2063 Y-0.4959 Z-0.145 I-0.0192 J0.
X-10.1687 Y-0.5041 I0.0188 J-0.0041
X-10.2063 Y-0.4959 I-0.0188 J0.0041
X-10.199 Y-0.5074 I0.0094 J-0.0021
G1 X-10.1913 Y-0.509
X-10.1883 Y-0.5097 Z-0.1447
X-10.1854 Y-0.5103 Z-0.1438
X-10.1827 Y-0.5109 Z-0.1423
X-10.1804 Y-0.5114 Z-0.1404
X-10.1785 Y-0.5118 Z-0.138
X-10.177 Y-0.5121 Z-0.1353
X-10.1762 Y-0.5123 Z-0.1323
X-10.1759 Y-0.5124 Z-0.1292
G0 Z0.4
X-10.7015 Y-0.5096
Z0.13
G1 Z0.0658 F40.
G18 G2 X-10.6858 Z0.05 I0.0158 K0.
G1 X-10.6779
G17 G3 X-10.6682 Y-0.5 I0. J0.0096
X-10.7067 Z0.0397 I-0.0193 J0.
X-10.6682 Z0.0294 I0.0193 J0.
X-10.7067 Z0.0191 I-0.0193 J0.
X-10.6682 Z0.0088 I0.0193 J0.
X-10.7067 Z-0.0015 I-0.0193 J0.
X-10.6682 Z-0.0118 I0.0193 J0.
X-10.7067 Z-0.0221 I-0.0193 J0.
X-10.6682 Z-0.0324 I0.0193 J0.
X-10.7067 Z-0.0427 I-0.0193 J0.
X-10.6682 Z-0.053 I0.0193 J0.
X-10.7067 Z-0.0633 I-0.0193 J0.
X-10.6682 Z-0.0736 I0.0193 J0.
X-10.7067 Z-0.0839 I-0.0193 J0.
X-10.6682 Z-0.0942 I0.0193 J0.
X-10.7067 Z-0.1045 I-0.0193 J0.
X-10.6682 Z-0.1148 I0.0193 J0.
X-10.7067 Z-0.1251 I-0.0193 J0.
X-10.6682 Z-0.1354 I0.0193 J0.
X-10.7063 Y-0.4959 Z-0.145 I-0.0193 J0.
X-10.6687 Y-0.5041 I0.0188 J-0.0041
X-10.7063 Y-0.4959 I-0.0188 J0.0041
X-10.699 Y-0.5074 I0.0094 J-0.0021
G1 X-10.6913 Y-0.509
X-10.6883 Y-0.5097 Z-0.1447
X-10.6854 Y-0.5103 Z-0.1438
X-10.6827 Y-0.5109 Z-0.1423
X-10.6804 Y-0.5114 Z-0.1404
X-10.6785 Y-0.5118 Z-0.138
X-10.677 Y-0.5121 Z-0.1353
X-10.6762 Y-0.5123 Z-0.1323
X-10.6759 Y-0.5124 Z-0.1292
G0 Z0.4
X-11.2015 Y-0.5096
Z0.13
G1 Z0.0658 F40.
G18 G2 X-11.1857 Z0.05 I0.0158 K0.
G1 X-11.1779
G17 G3 X-11.1683 Y-0.5 I0. J0.0096
X-11.2068 Z0.0397 I-0.0193 J0.
X-11.1683 Z0.0294 I0.0193 J0.
X-11.2068 Z0.0191 I-0.0193 J0.
X-11.1683 Z0.0088 I0.0193 J0.
X-11.2068 Z-0.0015 I-0.0193 J0.
X-11.1683 Z-0.0118 I0.0193 J0.
X-11.2068 Z-0.0221 I-0.0193 J0.
X-11.1683 Z-0.0324 I0.0193 J0.
X-11.2068 Z-0.0427 I-0.0193 J0.
X-11.1683 Z-0.053 I0.0193 J0.
X-11.2068 Z-0.0633 I-0.0193 J0.
X-11.1683 Z-0.0736 I0.0193 J0.
X-11.2068 Z-0.0839 I-0.0193 J0.
X-11.1683 Z-0.0942 I0.0193 J0.
X-11.2068 Z-0.1045 I-0.0193 J0.
X-11.1683 Z-0.1148 I0.0193 J0.
X-11.2068 Z-0.1251 I-0.0193 J0.
X-11.1683 Z-0.1354 I0.0193 J0.
X-11.2063 Y-0.4959 Z-0.145 I-0.0193 J0.
X-11.1687 Y-0.5041 I0.0188 J-0.0041
X-11.2063 Y-0.4959 I-0.0188 J0.0041
X-11.199 Y-0.5074 I0.0094 J-0.0021
G1 X-11.1913 Y-0.509
X-11.1883 Y-0.5097 Z-0.1447
X-11.1854 Y-0.5103 Z-0.1438
X-11.1827 Y-0.5109 Z-0.1423
X-11.1804 Y-0.5114 Z-0.1404
X-11.1785 Y-0.5118 Z-0.138
X-11.177 Y-0.5121 Z-0.1353
X-11.1762 Y-0.5123 Z-0.1323
X-11.1759 Y-0.5124 Z-0.1292
G0 Z0.4
X-11.7015 Y-0.5096
Z0.13
G1 Z0.0658 F40.
G18 G2 X-11.6858 Z0.05 I0.0158 K0.
G1 X-11.6779
G17 G3 X-11.6682 Y-0.5 I0. J0.0096
X-11.7067 Z0.0397 I-0.0193 J0.
X-11.6682 Z0.0294 I0.0193 J0.
X-11.7067 Z0.0191 I-0.0193 J0.
X-11.6682 Z0.0088 I0.0193 J0.
X-11.7067 Z-0.0015 I-0.0193 J0.
X-11.6682 Z-0.0118 I0.0193 J0.
X-11.7067 Z-0.0221 I-0.0193 J0.
X-11.6682 Z-0.0324 I0.0193 J0.
X-11.7067 Z-0.0427 I-0.0193 J0.
X-11.6682 Z-0.053 I0.0193 J0.
X-11.7067 Z-0.0633 I-0.0193 J0.
X-11.6682 Z-0.0736 I0.0193 J0.
X-11.7067 Z-0.0839 I-0.0193 J0.
X-11.6682 Z-0.0942 I0.0193 J0.
X-11.7067 Z-0.1045 I-0.0193 J0.
X-11.6682 Z-0.1148 I0.0193 J0.
X-11.7067 Z-0.1251 I-0.0193 J0.
X-11.6682 Z-0.1354 I0.0193 J0.
X-11.7063 Y-0.4959 Z-0.145 I-0.0193 J0.
X-11.6687 Y-0.5041 I0.0188 J-0.0041
X-11.7063 Y-0.4959 I-0.0188 J0.0041
X-11.699 Y-0.5074 I0.0094 J-0.0021
G1 X-11.6913 Y-0.509
X-11.6883 Y-0.5097 Z-0.1447
X-11.6854 Y-0.5103 Z-0.1438
X-11.6827 Y-0.5109 Z-0.1423
X-11.6804 Y-0.5114 Z-0.1404
X-11.6785 Y-0.5118 Z-0.138
X-11.677 Y-0.5121 Z-0.1353
X-11.6762 Y-0.5123 Z-0.1323
X-11.6759 Y-0.5124 Z-0.1292
G0 Z0.4
X-12.2015 Y-0.5096
Z0.13
G1 Z0.0658 F40.
G18 G2 X-12.1857 Z0.05 I0.0158 K0.
G1 X-12.1779
G17 G3 X-12.1682 Y-0.5 I0. J0.0096
X-12.2068 Z0.0397 I-0.0193 J0.
X-12.1682 Z0.0294 I0.0193 J0.
X-12.2068 Z0.0191 I-0.0193 J0.
X-12.1682 Z0.0088 I0.0193 J0.
X-12.2068 Z-0.0015 I-0.0193 J0.
X-12.1682 Z-0.0118 I0.0193 J0.
X-12.2068 Z-0.0221 I-0.0193 J0.
X-12.1682 Z-0.0324 I0.0193 J0.
X-12.2068 Z-0.0427 I-0.0193 J0.
X-12.1682 Z-0.053 I0.0193 J0.
X-12.2068 Z-0.0633 I-0.0193 J0.
X-12.1682 Z-0.0736 I0.0193 J0.
X-12.2068 Z-0.0839 I-0.0193 J0.
X-12.1682 Z-0.0942 I0.0193 J0.
X-12.2068 Z-0.1045 I-0.0193 J0.
X-12.1682 Z-0.1148 I0.0193 J0.
X-12.2068 Z-0.1251 I-0.0193 J0.
X-12.1682 Z-0.1354 I0.0193 J0.
X-12.2063 Y-0.4959 Z-0.145 I-0.0193 J0.
X-12.1687 Y-0.5041 I0.0188 J-0.0041
X-12.2063 Y-0.4959 I-0.0188 J0.0041
X-12.199 Y-0.5074 I0.0094 J-0.0021
G1 X-12.1913 Y-0.509
X-12.1883 Y-0.5097 Z-0.1447
X-12.1854 Y-0.5103 Z-0.1438
X-12.1827 Y-0.5109 Z-0.1423
X-12.1804 Y-0.5114 Z-0.1404
X-12.1785 Y-0.5118 Z-0.138
X-12.177 Y-0.5121 Z-0.1353
X-12.1762 Y-0.5123 Z-0.1323
X-12.1759 Y-0.5124 Z-0.1292
G0 Z0.4
X-12.7015 Y-0.5096
Z0.13
G1 Z0.0658 F40.
G18 G2 X-12.6857 Z0.05 I0.0158 K0.
G1 X-12.6779
G17 G3 X-12.6683 Y-0.5 I0. J0.0096
X-12.7068 Z0.0397 I-0.0193 J0.
X-12.6683 Z0.0294 I0.0193 J0.
X-12.7068 Z0.0191 I-0.0192 J0.
X-12.6683 Z0.0088 I0.0192 J0.
X-12.7068 Z-0.0015 I-0.0192 J0.
X-12.6683 Z-0.0118 I0.0192 J0.
X-12.7068 Z-0.0221 I-0.0192 J0.
X-12.6683 Z-0.0324 I0.0192 J0.
X-12.7068 Z-0.0427 I-0.0192 J0.
X-12.6683 Z-0.053 I0.0192 J0.
X-12.7067 Z-0.0633 I-0.0192 J0.
X-12.6683 Z-0.0736 I0.0192 J0.
X-12.7067 Z-0.0839 I-0.0192 J0.
X-12.6683 Z-0.0942 I0.0192 J0.
X-12.7067 Z-0.1045 I-0.0192 J0.
X-12.6683 Z-0.1148 I0.0192 J0.
X-12.7067 Z-0.1251 I-0.0192 J0.
X-12.6683 Z-0.1354 I0.0192 J0.
X-12.7063 Y-0.4959 Z-0.145 I-0.0192 J0.
X-12.6687 Y-0.5041 I0.0188 J-0.0041
X-12.7063 Y-0.4959 I-0.0188 J0.0041
X-12.699 Y-0.5074 I0.0094 J-0.0021
G1 X-12.6913 Y-0.509
X-12.6883 Y-0.5097 Z-0.1447
X-12.6854 Y-0.5103 Z-0.1438
X-12.6827 Y-0.5109 Z-0.1423
X-12.6804 Y-0.5114 Z-0.1404
X-12.6785 Y-0.5118 Z-0.138
X-12.677 Y-0.5121 Z-0.1353
X-12.6762 Y-0.5123 Z-0.1323
X-12.6759 Y-0.5124 Z-0.1292
G0 Z0.4
X-13.2015 Y-0.5096
Z0.13
G1 Z0.0658 F40.
G18 G2 X-13.1858 Z0.05 I0.0158 K0.
G1 X-13.1779
G17 G3 X-13.1682 Y-0.5 I0. J0.0096
X-13.2067 Z0.0397 I-0.0193 J0.
X-13.1682 Z0.0294 I0.0193 J0.
X-13.2067 Z0.0191 I-0.0193 J0.
X-13.1682 Z0.0088 I0.0193 J0.
X-13.2067 Z-0.0015 I-0.0193 J0.
X-13.1682 Z-0.0118 I0.0193 J0.
X-13.2067 Z-0.0221 I-0.0193 J0.
X-13.1682 Z-0.0324 I0.0193 J0.
X-13.2067 Z-0.0427 I-0.0193 J0.
X-13.1682 Z-0.053 I0.0193 J0.
X-13.2067 Z-0.0633 I-0.0193 J0.
X-13.1682 Z-0.0736 I0.0193 J0.
X-13.2067 Z-0.0839 I-0.0193 J0.
X-13.1682 Z-0.0942 I0.0193 J0.
X-13.2067 Z-0.1045 I-0.0193 J0.
X-13.1682 Z-0.1148 I0.0193 J0.
X-13.2067 Z-0.1251 I-0.0193 J0.
X-13.1682 Z-0.1354 I0.0193 J0.
X-13.2063 Y-0.4959 Z-0.145 I-0.0193 J0.
X-13.1687 Y-0.5041 I0.0188 J-0.0041
X-13.2063 Y-0.4959 I-0.0188 J0.0041
X-13.199 Y-0.5074 I0.0094 J-0.0021
G1 X-13.1913 Y-0.509
X-13.1883 Y-0.5097 Z-0.1447
X-13.1854 Y-0.5103 Z-0.1438
X-13.1827 Y-0.5109 Z-0.1423
X-13.1804 Y-0.5114 Z-0.1404
X-13.1785 Y-0.5118 Z-0.138
X-13.177 Y-0.5121 Z-0.1353
X-13.1762 Y-0.5123 Z-0.1323
X-13.1759 Y-0.5124 Z-0.1292
G0 Z0.4
X-13.7015 Y-0.5096
Z0.13
G1 Z0.0658 F40.
G18 G2 X-13.6857 Z0.05 I0.0158 K0.
G1 X-13.6779
G17 G3 X-13.6683 Y-0.5 I0. J0.0096
X-13.7068 Z0.0397 I-0.0193 J0.
X-13.6683 Z0.0294 I0.0193 J0.
X-13.7068 Z0.0191 I-0.0193 J0.
X-13.6683 Z0.0088 I0.0193 J0.
X-13.7068 Z-0.0015 I-0.0193 J0.
X-13.6683 Z-0.0118 I0.0193 J0.
X-13.7068 Z-0.0221 I-0.0193 J0.
X-13.6683 Z-0.0324 I0.0193 J0.
X-13.7068 Z-0.0427 I-0.0193 J0.
X-13.6683 Z-0.053 I0.0193 J0.
X-13.7068 Z-0.0633 I-0.0193 J0.
X-13.6683 Z-0.0736 I0.0193 J0.
X-13.7068 Z-0.0839 I-0.0193 J0.
X-13.6683 Z-0.0942 I0.0193 J0.
X-13.7068 Z-0.1045 I-0.0193 J0.
X-13.6683 Z-0.1148 I0.0193 J0.
X-13.7068 Z-0.1251 I-0.0193 J0.
X-13.6683 Z-0.1354 I0.0193 J0.
X-13.7063 Y-0.4959 Z-0.145 I-0.0193 J0.
X-13.6687 Y-0.5041 I0.0188 J-0.0041
X-13.7063 Y-0.4959 I-0.0188 J0.0041
X-13.699 Y-0.5074 I0.0094 J-0.0021
G1 X-13.6913 Y-0.509
X-13.6883 Y-0.5097 Z-0.1447
X-13.6854 Y-0.5103 Z-0.1438
X-13.6827 Y-0.5109 Z-0.1423
X-13.6804 Y-0.5114 Z-0.1404
X-13.6785 Y-0.5118 Z-0.138
X-13.677 Y-0.5121 Z-0.1353
X-13.6762 Y-0.5123 Z-0.1323
X-13.6759 Y-0.5124 Z-0.1292
G0 Z0.4
X-14.2015 Y-0.5096
Z0.13
G1 Z0.0658 F40.
G18 G2 X-14.1858 Z0.05 I0.0158 K0.
G1 X-14.1779
G17 G3 X-14.1682 Y-0.5 I0. J0.0096
X-14.2067 Z0.0397 I-0.0193 J0.
X-14.1682 Z0.0294 I0.0193 J0.
X-14.2067 Z0.0191 I-0.0193 J0.
X-14.1682 Z0.0088 I0.0193 J0.
X-14.2067 Z-0.0015 I-0.0193 J0.
X-14.1682 Z-0.0118 I0.0193 J0.
X-14.2067 Z-0.0221 I-0.0193 J0.
X-14.1682 Z-0.0324 I0.0193 J0.
X-14.2067 Z-0.0427 I-0.0193 J0.
X-14.1682 Z-0.053 I0.0193 J0.
X-14.2067 Z-0.0633 I-0.0193 J0.
X-14.1682 Z-0.0736 I0.0193 J0.
X-14.2067 Z-0.0839 I-0.0193 J0.
X-14.1682 Z-0.0942 I0.0193 J0.
X-14.2067 Z-0.1045 I-0.0193 J0.
X-14.1682 Z-0.1148 I0.0193 J0.
X-14.2067 Z-0.1251 I-0.0193 J0.
X-14.1682 Z-0.1354 I0.0193 J0.
X-14.2063 Y-0.4959 Z-0.145 I-0.0193 J0.
X-14.1687 Y-0.5041 I0.0188 J-0.0041
X-14.2063 Y-0.4959 I-0.0188 J0.0041
X-14.199 Y-0.5074 I0.0094 J-0.0021
G1 X-14.1913 Y-0.509
X-14.1883 Y-0.5097 Z-0.1447
X-14.1854 Y-0.5103 Z-0.1438
X-14.1827 Y-0.5109 Z-0.1423
X-14.1804 Y-0.5114 Z-0.1404
X-14.1785 Y-0.5118 Z-0.138
X-14.177 Y-0.5121 Z-0.1353
X-14.1762 Y-0.5123 Z-0.1323
X-14.1759 Y-0.5124 Z-0.1292
G0 Z0.4
X-14.7015 Y-0.5096
Z0.13
G1 Z0.0658 F40.
G18 G2 X-14.6857 Z0.05 I0.0158 K0.
G1 X-14.6779
G17 G3 X-14.6682 Y-0.5 I0. J0.0096
X-14.7068 Z0.0397 I-0.0193 J0.
X-14.6682 Z0.0294 I0.0193 J0.
X-14.7068 Z0.0191 I-0.0193 J0.
X-14.6682 Z0.0088 I0.0193 J0.
X-14.7068 Z-0.0015 I-0.0193 J0.
X-14.6682 Z-0.0118 I0.0193 J0.
X-14.7068 Z-0.0221 I-0.0193 J0.
X-14.6682 Z-0.0324 I0.0193 J0.
X-14.7068 Z-0.0427 I-0.0193 J0.
X-14.6682 Z-0.053 I0.0193 J0.
X-14.7068 Z-0.0633 I-0.0193 J0.
X-14.6682 Z-0.0736 I0.0193 J0.
X-14.7068 Z-0.0839 I-0.0193 J0.
X-14.6682 Z-0.0942 I0.0193 J0.
X-14.7068 Z-0.1045 I-0.0193 J0.
X-14.6682 Z-0.1148 I0.0193 J0.
X-14.7068 Z-0.1251 I-0.0193 J0.
X-14.6682 Z-0.1354 I0.0193 J0.
X-14.7063 Y-0.4959 Z-0.145 I-0.0193 J0.
X-14.6687 Y-0.5041 I0.0188 J-0.0041
X-14.7063 Y-0.4959 I-0.0188 J0.0041
X-14.699 Y-0.5074 I0.0094 J-0.0021
G1 X-14.6913 Y-0.509
X-14.6883 Y-0.5097 Z-0.1447
X-14.6854 Y-0.5103 Z-0.1438
X-14.6827 Y-0.5109 Z-0.1423
X-14.6804 Y-0.5114 Z-0.1404
X-14.6785 Y-0.5118 Z-0.138
X-14.677 Y-0.5121 Z-0.1353
X-14.6762 Y-0.5123 Z-0.1323
X-14.6759 Y-0.5124 Z-0.1292
G0 Z0.4
X-15.2015 Y-0.5096
Z0.13
G1 Z0.0658 F40.
G18 G2 X-15.1857 Z0.05 I0.0158 K0.
G1 X-15.1779
G17 G3 X-15.1683 Y-0.5 I0. J0.0096
X-15.2068 Z0.0397 I-0.0193 J0.
X-15.1683 Z0.0294 I0.0193 J0.
X-15.2068 Z0.0191 I-0.0192 J0.
X-15.1683 Z0.0088 I0.0192 J0.
X-15.2068 Z-0.0015 I-0.0192 J0.
X-15.1683 Z-0.0118 I0.0192 J0.
X-15.2068 Z-0.0221 I-0.0192 J0.
X-15.1683 Z-0.0324 I0.0192 J0.
X-15.2068 Z-0.0427 I-0.0192 J0.
X-15.1683 Z-0.053 I0.0192 J0.
X-15.2067 Z-0.0633 I-0.0192 J0.
X-15.1683 Z-0.0736 I0.0192 J0.
X-15.2067 Z-0.0839 I-0.0192 J0.
X-15.1683 Z-0.0942 I0.0192 J0.
X-15.2067 Z-0.1045 I-0.0192 J0.
X-15.1683 Z-0.1148 I0.0192 J0.
X-15.2067 Z-0.1251 I-0.0192 J0.
X-15.1683 Z-0.1354 I0.0192 J0.
X-15.2063 Y-0.4959 Z-0.145 I-0.0192 J0.
X-15.1687 Y-0.5041 I0.0188 J-0.0041
X-15.2063 Y-0.4959 I-0.0188 J0.0041
X-15.199 Y-0.5074 I0.0094 J-0.0021
G1 X-15.1913 Y-0.509
X-15.1883 Y-0.5097 Z-0.1447
X-15.1854 Y-0.5103 Z-0.1438
X-15.1827 Y-0.5109 Z-0.1423
X-15.1804 Y-0.5114 Z-0.1404
X-15.1785 Y-0.5118 Z-0.138
X-15.177 Y-0.5121 Z-0.1353
X-15.1762 Y-0.5123 Z-0.1323
X-15.1759 Y-0.5124 Z-0.1292
G0 Z0.4
X-15.7015 Y-0.5096
Z0.13
G1 Z0.0658 F40.
G18 G2 X-15.6858 Z0.05 I0.0158 K0.
G1 X-15.6779
G17 G3 X-15.6682 Y-0.5 I0. J0.0096
X-15.7067 Z0.0397 I-0.0193 J0.
X-15.6682 Z0.0294 I0.0193 J0.
X-15.7067 Z0.0191 I-0.0193 J0.
X-15.6682 Z0.0088 I0.0193 J0.
X-15.7067 Z-0.0015 I-0.0193 J0.
X-15.6682 Z-0.0118 I0.0193 J0.
X-15.7067 Z-0.0221 I-0.0193 J0.
X-15.6682 Z-0.0324 I0.0193 J0.
X-15.7067 Z-0.0427 I-0.0193 J0.
X-15.6682 Z-0.053 I0.0193 J0.
X-15.7067 Z-0.0633 I-0.0193 J0.
X-15.6682 Z-0.0736 I0.0193 J0.
X-15.7067 Z-0.0839 I-0.0193 J0.
X-15.6682 Z-0.0942 I0.0193 J0.
X-15.7067 Z-0.1045 I-0.0193 J0.
X-15.6682 Z-0.1148 I0.0193 J0.
X-15.7067 Z-0.1251 I-0.0193 J0.
X-15.6682 Z-0.1354 I0.0193 J0.
X-15.7063 Y-0.4959 Z-0.145 I-0.0193 J0.
X-15.6687 Y-0.5041 I0.0188 J-0.0041
X-15.7063 Y-0.4959 I-0.0188 J0.0041
X-15.699 Y-0.5074 I0.0094 J-0.0021
G1 X-15.6913 Y-0.509
X-15.6883 Y-0.5097 Z-0.1447
X-15.6854 Y-0.5103 Z-0.1438
X-15.6827 Y-0.5109 Z-0.1423
X-15.6804 Y-0.5114 Z-0.1404
X-15.6785 Y-0.5118 Z-0.138
X-15.677 Y-0.5121 Z-0.1353
X-15.6762 Y-0.5123 Z-0.1323
X-15.6759 Y-0.5124 Z-0.1292
G0 Z0.4
X-16.2015 Y-0.5096
Z0.13
G1 Z0.0658 F40.
G18 G2 X-16.1857 Z0.05 I0.0158 K0.
G1 X-16.1779
G17 G3 X-16.1683 Y-0.5 I0. J0.0096
X-16.2068 Z0.0397 I-0.0193 J0.
X-16.1683 Z0.0294 I0.0193 J0.
X-16.2068 Z0.0191 I-0.0193 J0.
X-16.1683 Z0.0088 I0.0193 J0.
X-16.2068 Z-0.0015 I-0.0193 J0.
X-16.1683 Z-0.0118 I0.0193 J0.
X-16.2068 Z-0.0221 I-0.0193 J0.
X-16.1683 Z-0.0324 I0.0193 J0.
X-16.2068 Z-0.0427 I-0.0193 J0.
X-16.1683 Z-0.053 I0.0193 J0.
X-16.2068 Z-0.0633 I-0.0193 J0.
X-16.1683 Z-0.0736 I0.0193 J0.
X-16.2068 Z-0.0839 I-0.0193 J0.
X-16.1683 Z-0.0942 I0.0193 J0.
X-16.2068 Z-0.1045 I-0.0193 J0.
X-16.1683 Z-0.1148 I0.0193 J0.
X-16.2068 Z-0.1251 I-0.0193 J0.
X-16.1683 Z-0.1354 I0.0193 J0.
X-16.2063 Y-0.4959 Z-0.145 I-0.0193 J0.
X-16.1687 Y-0.5041 I0.0188 J-0.0041
X-16.2063 Y-0.4959 I-0.0188 J0.0041
X-16.199 Y-0.5074 I0.0094 J-0.0021
G1 X-16.1913 Y-0.509
X-16.1883 Y-0.5097 Z-0.1447
X-16.1854 Y-0.5103 Z-0.1438
X-16.1827 Y-0.5109 Z-0.1423
X-16.1804 Y-0.5114 Z-0.1404
X-16.1785 Y-0.5118 Z-0.138
X-16.177 Y-0.5121 Z-0.1353
X-16.1762 Y-0.5123 Z-0.1323
X-16.1759 Y-0.5124 Z-0.1292
G0 Z0.4
X-16.7015 Y-0.5096
Z0.13
G1 Z0.0658 F40.
G18 G2 X-16.6858 Z0.05 I0.0158 K0.
G1 X-16.6779
G17 G3 X-16.6682 Y-0.5 I0. J0.0096
X-16.7067 Z0.0397 I-0.0193 J0.
X-16.6682 Z0.0294 I0.0193 J0.
X-16.7067 Z0.0191 I-0.0193 J0.
X-16.6682 Z0.0088 I0.0193 J0.
X-16.7067 Z-0.0015 I-0.0193 J0.
X-16.6682 Z-0.0118 I0.0193 J0.
X-16.7067 Z-0.0221 I-0.0193 J0.
X-16.6682 Z-0.0324 I0.0193 J0.
X-16.7067 Z-0.0427 I-0.0193 J0.
X-16.6682 Z-0.053 I0.0193 J0.
X-16.7067 Z-0.0633 I-0.0193 J0.
X-16.6682 Z-0.0736 I0.0193 J0.
X-16.7067 Z-0.0839 I-0.0193 J0.
X-16.6682 Z-0.0942 I0.0193 J0.
X-16.7067 Z-0.1045 I-0.0193 J0.
X-16.6682 Z-0.1148 I0.0193 J0.
X-16.7067 Z-0.1251 I-0.0193 J0.
X-16.6682 Z-0.1354 I0.0193 J0.
X-16.7063 Y-0.4959 Z-0.145 I-0.0193 J0.
X-16.6687 Y-0.5041 I0.0188 J-0.0041
X-16.7063 Y-0.4959 I-0.0188 J0.0041
X-16.699 Y-0.5074 I0.0094 J-0.0021
G1 X-16.6913 Y-0.509
X-16.6883 Y-0.5097 Z-0.1447
X-16.6854 Y-0.5103 Z-0.1438
X-16.6827 Y-0.5109 Z-0.1423
X-16.6804 Y-0.5114 Z-0.1404
X-16.6785 Y-0.5118 Z-0.138
X-16.677 Y-0.5121 Z-0.1353
X-16.6762 Y-0.5123 Z-0.1323
X-16.6759 Y-0.5124 Z-0.1292
G0 Z0.4
X-17.2015 Y-0.5096
Z0.13
G1 Z0.0658 F40.
G18 G2 X-17.1857 Z0.05 I0.0158 K0.
G1 X-17.1779
G17 G3 X-17.1682 Y-0.5 I0. J0.0096
X-17.2068 Z0.0397 I-0.0193 J0.
X-17.1682 Z0.0294 I0.0193 J0.
X-17.2068 Z0.0191 I-0.0193 J0.
X-17.1682 Z0.0088 I0.0193 J0.
X-17.2068 Z-0.0015 I-0.0193 J0.
X-17.1682 Z-0.0118 I0.0193 J0.
X-17.2068 Z-0.0221 I-0.0193 J0.
X-17.1682 Z-0.0324 I0.0193 J0.
X-17.2068 Z-0.0427 I-0.0193 J0.
X-17.1682 Z-0.053 I0.0193 J0.
X-17.2068 Z-0.0633 I-0.0193 J0.
X-17.1682 Z-0.0736 I0.0193 J0.
X-17.2068 Z-0.0839 I-0.0193 J0.
X-17.1682 Z-0.0942 I0.0193 J0.
X-17.2068 Z-0.1045 I-0.0193 J0.
X-17.1682 Z-0.1148 I0.0193 J0.
X-17.2068 Z-0.1251 I-0.0193 J0.
X-17.1682 Z-0.1354 I0.0193 J0.
X-17.2063 Y-0.4959 Z-0.145 I-0.0193 J0.
X-17.1687 Y-0.5041 I0.0188 J-0.0041
X-17.2063 Y-0.4959 I-0.0188 J0.0041
X-17.199 Y-0.5074 I0.0094 J-0.0021
G1 X-17.1913 Y-0.509
X-17.1883 Y-0.5097 Z-0.1447
X-17.1854 Y-0.5103 Z-0.1438
X-17.1827 Y-0.5109 Z-0.1423
X-17.1804 Y-0.5114 Z-0.1404
X-17.1785 Y-0.5118 Z-0.138
X-17.177 Y-0.5121 Z-0.1353
X-17.1762 Y-0.5123 Z-0.1323
X-17.1759 Y-0.5124 Z-0.1292
G0 Z0.4
X-17.7015 Y-0.5096
Z0.13
G1 Z0.0658 F40.
G18 G2 X-17.6857 Z0.05 I0.0158 K0.
G1 X-17.6779
G17 G3 X-17.6683 Y-0.5 I0. J0.0096
X-17.7068 Z0.0397 I-0.0193 J0.
X-17.6683 Z0.0294 I0.0193 J0.
X-17.7068 Z0.0191 I-0.0192 J0.
X-17.6683 Z0.0088 I0.0192 J0.
X-17.7068 Z-0.0015 I-0.0192 J0.
X-17.6683 Z-0.0118 I0.0192 J0.
X-17.7068 Z-0.0221 I-0.0192 J0.
X-17.6683 Z-0.0324 I0.0192 J0.
X-17.7068 Z-0.0427 I-0.0192 J0.
X-17.6683 Z-0.053 I0.0192 J0.
X-17.7067 Z-0.0633 I-0.0192 J0.
X-17.6683 Z-0.0736 I0.0192 J0.
X-17.7067 Z-0.0839 I-0.0192 J0.
X-17.6683 Z-0.0942 I0.0192 J0.
X-17.7067 Z-0.1045 I-0.0192 J0.
X-17.6683 Z-0.1148 I0.0192 J0.
X-17.7067 Z-0.1251 I-0.0192 J0.
X-17.6683 Z-0.1354 I0.0192 J0.
X-17.7063 Y-0.4959 Z-0.145 I-0.0192 J0.
X-17.6687 Y-0.5041 I0.0188 J-0.0041
X-17.7063 Y-0.4959 I-0.0188 J0.0041
X-17.699 Y-0.5074 I0.0094 J-0.0021
G1 X-17.6913 Y-0.509
X-17.6883 Y-0.5097 Z-0.1447
X-17.6854 Y-0.5103 Z-0.1438
X-17.6827 Y-0.5109 Z-0.1423
X-17.6804 Y-0.5114 Z-0.1404
X-17.6785 Y-0.5118 Z-0.138
X-17.677 Y-0.5121 Z-0.1353
X-17.6762 Y-0.5123 Z-0.1323
X-17.6759 Y-0.5124 Z-0.1292
G0 Z0.4
X-18.2015 Y-0.5096
Z0.13
G1 Z0.0658 F40.
G18 G2 X-18.1858 Z0.05 I0.0158 K0.
G1 X-18.1779
G17 G3 X-18.1682 Y-0.5 I0. J0.0096
X-18.2067 Z0.0397 I-0.0193 J0.
X-18.1682 Z0.0294 I0.0193 J0.
X-18.2067 Z0.0191 I-0.0193 J0.
X-18.1682 Z0.0088 I0.0193 J0.
X-18.2067 Z-0.0015 I-0.0193 J0.
X-18.1682 Z-0.0118 I0.0193 J0.
X-18.2067 Z-0.0221 I-0.0193 J0.
X-18.1682 Z-0.0324 I0.0193 J0.
X-18.2067 Z-0.0427 I-0.0193 J0.
X-18.1682 Z-0.053 I0.0193 J0.
X-18.2067 Z-0.0633 I-0.0193 J0.
X-18.1682 Z-0.0736 I0.0193 J0.
X-18.2067 Z-0.0839 I-0.0193 J0.
X-18.1682 Z-0.0942 I0.0193 J0.
X-18.2067 Z-0.1045 I-0.0193 J0.
X-18.1682 Z-0.1148 I0.0193 J0.
X-18.2067 Z-0.1251 I-0.0193 J0.
X-18.1682 Z-0.1354 I0.0193 J0.
X-18.2063 Y-0.4959 Z-0.145 I-0.0193 J0.
X-18.1687 Y-0.5041 I0.0188 J-0.0041
X-18.2063 Y-0.4959 I-0.0188 J0.0041
X-18.199 Y-0.5074 I0.0094 J-0.0021
G1 X-18.1913 Y-0.509
X-18.1883 Y-0.5097 Z-0.1447
X-18.1854 Y-0.5103 Z-0.1438
X-18.1827 Y-0.5109 Z-0.1423
X-18.1804 Y-0.5114 Z-0.1404
X-18.1785 Y-0.5118 Z-0.138
X-18.177 Y-0.5121 Z-0.1353
X-18.1762 Y-0.5123 Z-0.1323
X-18.1759 Y-0.5124 Z-0.1292
G0 Z0.4
X-18.7015 Y-0.5096
Z0.13
G1 Z0.0658 F40.
G18 G2 X-18.6857 Z0.05 I0.0158 K0.
G1 X-18.6779
G17 G3 X-18.6683 Y-0.5 I0. J0.0096
X-18.7068 Z0.0397 I-0.0193 J0.
X-18.6683 Z0.0294 I0.0193 J0.
X-18.7068 Z0.0191 I-0.0193 J0.
X-18.6683 Z0.0088 I0.0193 J0.
X-18.7068 Z-0.0015 I-0.0193 J0.
X-18.6683 Z-0.0118 I0.0193 J0.
X-18.7068 Z-0.0221 I-0.0193 J0.
X-18.6683 Z-0.0324 I0.0193 J0.
X-18.7068 Z-0.0427 I-0.0193 J0.
X-18.6683 Z-0.053 I0.0193 J0.
X-18.7068 Z-0.0633 I-0.0193 J0.
X-18.6683 Z-0.0736 I0.0193 J0.
X-18.7068 Z-0.0839 I-0.0193 J0.
X-18.6683 Z-0.0942 I0.0193 J0.
X-18.7068 Z-0.1045 I-0.0193 J0.
X-18.6683 Z-0.1148 I0.0193 J0.
X-18.7068 Z-0.1251 I-0.0193 J0.
X-18.6683 Z-0.1354 I0.0193 J0.
X-18.7063 Y-0.4959 Z-0.145 I-0.0193 J0.
X-18.6687 Y-0.5041 I0.0188 J-0.0041
X-18.7063 Y-0.4959 I-0.0188 J0.0041
X-18.699 Y-0.5074 I0.0094 J-0.0021
G1 X-18.6913 Y-0.509
X-18.6883 Y-0.5097 Z-0.1447
X-18.6854 Y-0.5103 Z-0.1438
X-18.6827 Y-0.5109 Z-0.1423
X-18.6804 Y-0.5114 Z-0.1404
X-18.6785 Y-0.5118 Z-0.138
X-18.677 Y-0.5121 Z-0.1353
X-18.6762 Y-0.5123 Z-0.1323
X-18.6759 Y-0.5124 Z-0.1292
G0 Z0.4
X-19.2015 Y-0.5096
Z0.13
G1 Z0.0658 F40.
G18 G2 X-19.1858 Z0.05 I0.0158 K0.
G1 X-19.1779
G17 G3 X-19.1682 Y-0.5 I0. J0.0096
X-19.2067 Z0.0397 I-0.0193 J0.
X-19.1682 Z0.0294 I0.0193 J0.
X-19.2067 Z0.0191 I-0.0193 J0.
X-19.1682 Z0.0088 I0.0193 J0.
X-19.2067 Z-0.0015 I-0.0193 J0.
X-19.1682 Z-0.0118 I0.0193 J0.
X-19.2067 Z-0.0221 I-0.0193 J0.
X-19.1682 Z-0.0324 I0.0193 J0.
X-19.2067 Z-0.0427 I-0.0193 J0.
X-19.1682 Z-0.053 I0.0193 J0.
X-19.2067 Z-0.0633 I-0.0193 J0.
X-19.1682 Z-0.0736 I0.0193 J0.
X-19.2067 Z-0.0839 I-0.0193 J0.
X-19.1682 Z-0.0942 I0.0193 J0.
X-19.2067 Z-0.1045 I-0.0193 J0.
X-19.1682 Z-0.1148 I0.0193 J0.
X-19.2067 Z-0.1251 I-0.0193 J0.
X-19.1682 Z-0.1354 I0.0193 J0.
X-19.2063 Y-0.4959 Z-0.145 I-0.0193 J0.
X-19.1687 Y-0.5041 I0.0188 J-0.0041
X-19.2063 Y-0.4959 I-0.0188 J0.0041
X-19.199 Y-0.5074 I0.0094 J-0.0021
G1 X-19.1913 Y-0.509
X-19.1883 Y-0.5097 Z-0.1447
X-19.1854 Y-0.5103 Z-0.1438
X-19.1827 Y-0.5109 Z-0.1423
X-19.1804 Y-0.5114 Z-0.1404
X-19.1785 Y-0.5118 Z-0.138
X-19.177 Y-0.5121 Z-0.1353
X-19.1762 Y-0.5123 Z-0.1323
X-19.1759 Y-0.5124 Z-0.1292
G0 Z0.4
X-19.7015 Y-0.5096
Z0.13
G1 Z0.0658 F40.
G18 G2 X-19.6857 Z0.05 I0.0158 K0.
G1 X-19.6779
G17 G3 X-19.6682 Y-0.5 I0. J0.0096
X-19.7068 Z0.0397 I-0.0193 J0.
X-19.6682 Z0.0294 I0.0193 J0.
X-19.7068 Z0.0191 I-0.0193 J0.
X-19.6682 Z0.0088 I0.0193 J0.
X-19.7068 Z-0.0015 I-0.0193 J0.
X-19.6682 Z-0.0118 I0.0193 J0.
X-19.7068 Z-0.0221 I-0.0193 J0.
X-19.6682 Z-0.0324 I0.0193 J0.
X-19.7068 Z-0.0427 I-0.0193 J0.
X-19.6682 Z-0.053 I0.0193 J0.
X-19.7068 Z-0.0633 I-0.0193 J0.
X-19.6682 Z-0.0736 I0.0193 J0.
X-19.7068 Z-0.0839 I-0.0193 J0.
X-19.6682 Z-0.0942 I0.0193 J0.
X-19.7068 Z-0.1045 I-0.0193 J0.
X-19.6682 Z-0.1148 I0.0193 J0.
X-19.7068 Z-0.1251 I-0.0193 J0.
X-19.6682 Z-0.1354 I0.0193 J0.
X-19.7063 Y-0.4959 Z-0.145 I-0.0193 J0.
X-19.6687 Y-0.5041 I0.0188 J-0.0041
X-19.7063 Y-0.4959 I-0.0188 J0.0041
X-19.699 Y-0.5074 I0.0094 J-0.0021
G1 X-19.6913 Y-0.509
X-19.6883 Y-0.5097 Z-0.1447
X-19.6854 Y-0.5103 Z-0.1438
X-19.6827 Y-0.5109 Z-0.1423
X-19.6804 Y-0.5114 Z-0.1404
X-19.6785 Y-0.5118 Z-0.138
X-19.677 Y-0.5121 Z-0.1353
X-19.6762 Y-0.5123 Z-0.1323
X-19.6759 Y-0.5124 Z-0.1292
G0 Z0.4
X-20.2015 Y-0.5096
Z0.13
G1 Z0.0658 F40.
G18 G2 X-20.1858 Z0.05 I0.0157 K0.
G1 X-20.1779
G17 G3 X-20.1683 Y-0.5 I0. J0.0096
X-20.2068 Z0.0397 I-0.0193 J0.
X-20.1683 Z0.0294 I0.0193 J0.
X-20.2068 Z0.0191 I-0.0193 J0.
X-20.1683 Z0.0088 I0.0193 J0.
X-20.2068 Z-0.0015 I-0.0193 J0.
X-20.1683 Z-0.0118 I0.0193 J0.
X-20.2068 Z-0.0221 I-0.0193 J0.
X-20.1683 Z-0.0324 I0.0193 J0.
X-20.2068 Z-0.0427 I-0.0193 J0.
X-20.1683 Z-0.053 I0.0193 J0.
X-20.2068 Z-0.0633 I-0.0193 J0.
X-20.1683 Z-0.0736 I0.0193 J0.
X-20.2068 Z-0.0839 I-0.0193 J0.
X-20.1683 Z-0.0942 I0.0193 J0.
X-20.2068 Z-0.1045 I-0.0193 J0.
X-20.1683 Z-0.1148 I0.0193 J0.
X-20.2068 Z-0.1251 I-0.0193 J0.
X-20.1683 Z-0.1354 I0.0193 J0.
X-20.2063 Y-0.4959 Z-0.145 I-0.0193 J0.
X-20.1687 Y-0.5041 I0.0188 J-0.0041
X-20.2063 Y-0.4959 I-0.0188 J0.0041
X-20.199 Y-0.5074 I0.0094 J-0.0021
G1 X-20.1913 Y-0.509
X-20.1883 Y-0.5097 Z-0.1447
X-20.1854 Y-0.5103 Z-0.1438
X-20.1827 Y-0.5109 Z-0.1423
X-20.1804 Y-0.5114 Z-0.1404
X-20.1785 Y-0.5118 Z-0.138
X-20.177 Y-0.5121 Z-0.1353
X-20.1762 Y-0.5123 Z-0.1323
X-20.1759 Y-0.5124 Z-0.1292
G0 Z0.4
X-20.7015 Y-0.5096
Z0.13
G1 Z0.0658 F40.
G18 G2 X-20.6857 Z0.05 I0.0158 K0.
G1 X-20.6779
G17 G3 X-20.6683 Y-0.5 I0. J0.0096
X-20.7068 Z0.0397 I-0.0193 J0.
X-20.6901 Y-0.5191 Z0.035 I0.0192 J0.
X-20.6849 Y-0.4809 Z0.0247 I0.0026 J0.0191
X-20.6901 Y-0.5191 Z0.0144 I-0.0026 J-0.0191
X-20.6798 Y-0.4824 Z0.005 I0.0026 J0.0191
X-20.6952 Y-0.5176 Z-0.0053 I-0.0077 J-0.0176
X-20.6798 Y-0.4824 Z-0.0156 I0.0077 J0.0176
X-20.6952 Y-0.5176 Z-0.0259 I-0.0077 J-0.0176
X-20.6798 Y-0.4824 Z-0.0362 I0.0077 J0.0176
X-20.6952 Y-0.5176 Z-0.0465 I-0.0077 J-0.0176
X-20.6717 Y-0.489 Z-0.055 I0.0077 J0.0176
X-20.7033 Y-0.511 Z-0.0653 I-0.0158 J-0.011
X-20.6787 Y-0.5171 Z-0.07 I0.0158 J0.011
X-20.6963 Y-0.4829 Z-0.0803 I-0.0088 J0.0171
X-20.6787 Y-0.5171 Z-0.0906 I0.0088 J-0.0171
X-20.6963 Y-0.4829 Z-0.1009 I-0.0088 J0.0171
X-20.6787 Y-0.5171 Z-0.1112 I0.0088 J-0.0171
X-20.6963 Y-0.4829 Z-0.1215 I-0.0088 J0.0171
X-20.6787 Y-0.5171 Z-0.1318 I0.0088 J-0.0171
X-20.6963 Y-0.4829 Z-0.1421 I-0.0088 J0.0171
X-20.7063 Y-0.4959 Z-0.145 I0.0088 J-0.0171
X-20.6687 Y-0.5041 I0.0188 J-0.0041
X-20.7063 Y-0.4959 I-0.0188 J0.0041
X-20.699 Y-0.5074 I0.0094 J-0.0021
G1 X-20.6913 Y-0.509
X-20.6883 Y-0.5097 Z-0.1447
X-20.6854 Y-0.5103 Z-0.1438
X-20.6827 Y-0.5109 Z-0.1423
X-20.6804 Y-0.5114 Z-0.1404
X-20.6785 Y-0.5118 Z-0.138
X-20.677 Y-0.5121 Z-0.1353
X-20.6762 Y-0.5123 Z-0.1323
X-20.6759 Y-0.5124 Z-0.1292
G0 Z0.4
X-21.2765 Y-0.5096
Z0.13
G1 Z0.0658 F40.
G18 G2 X-21.2608 Z0.05 I0.0157 K0.
G1 X-21.2529
G17 G3 X-21.2433 Y-0.5 I0. J0.0096
X-21.2818 Z0.0397 I-0.0193 J0.
X-21.2433 Z0.0294 I0.0193 J0.
X-21.2818 Z0.0191 I-0.0193 J0.
X-21.2433 Z0.0088 I0.0193 J0.
X-21.2818 Z-0.0015 I-0.0193 J0.
X-21.2433 Z-0.0118 I0.0193 J0.
X-21.2818 Z-0.0221 I-0.0193 J0.
X-21.2433 Z-0.0324 I0.0193 J0.
X-21.2818 Z-0.0427 I-0.0193 J0.
X-21.2433 Z-0.053 I0.0193 J0.
X-21.2818 Z-0.0633 I-0.0193 J0.
X-21.2433 Z-0.0736 I0.0193 J0.
X-21.2818 Z-0.0839 I-0.0193 J0.
X-21.2433 Z-0.0942 I0.0193 J0.
X-21.2818 Z-0.1045 I-0.0193 J0.
X-21.2433 Z-0.1148 I0.0193 J0.
X-21.2818 Z-0.1251 I-0.0193 J0.
X-21.2433 Z-0.1354 I0.0193 J0.
X-21.2813 Y-0.4959 Z-0.145 I-0.0193 J0.
X-21.2437 Y-0.5041 I0.0188 J-0.0041
X-21.2813 Y-0.4959 I-0.0188 J0.0041
X-21.274 Y-0.5074 I0.0094 J-0.0021
G1 X-21.2663 Y-0.509
X-21.2633 Y-0.5097 Z-0.1447
X-21.2604 Y-0.5103 Z-0.1438
X-21.2577 Y-0.5109 Z-0.1423
X-21.2554 Y-0.5114 Z-0.1404
X-21.2535 Y-0.5118 Z-0.138
X-21.252 Y-0.5121 Z-0.1353
X-21.2512 Y-0.5123 Z-0.1323
X-21.2509 Y-0.5124 Z-0.1292
G0 Z0.4
X-21.7765 Y-0.5096
Z0.13
G1 Z0.0658 F40.
G18 G2 X-21.7607 Z0.05 I0.0158 K0.
G1 X-21.7529
G17 G3 X-21.7433 Y-0.5 I0. J0.0096
X-21.7818 Z0.0397 I-0.0193 J0.
X-21.7433 Z0.0294 I0.0193 J0.
X-21.7818 Z0.0191 I-0.0193 J0.
X-21.7433 Z0.0088 I0.0193 J0.
X-21.7818 Z-0.0015 I-0.0193 J0.
X-21.7433 Z-0.0118 I0.0193 J0.
X-21.7818 Z-0.0221 I-0.0193 J0.
X-21.7433 Z-0.0324 I0.0193 J0.
X-21.7818 Z-0.0427 I-0.0193 J0.
X-21.7433 Z-0.053 I0.0193 J0.
X-21.7818 Z-0.0633 I-0.0193 J0.
X-21.7433 Z-0.0736 I0.0193 J0.
X-21.7818 Z-0.0839 I-0.0193 J0.
X-21.7433 Z-0.0942 I0.0193 J0.
X-21.7818 Z-0.1045 I-0.0193 J0.
X-21.7433 Z-0.1148 I0.0193 J0.
X-21.7818 Z-0.1251 I-0.0193 J0.
X-21.7433 Z-0.1354 I0.0193 J0.
X-21.7813 Y-0.4959 Z-0.145 I-0.0193 J0.
X-21.7437 Y-0.5041 I0.0188 J-0.0041
X-21.7813 Y-0.4959 I-0.0188 J0.0041
X-21.774 Y-0.5074 I0.0094 J-0.0021
G1 X-21.7663 Y-0.509
X-21.7633 Y-0.5097 Z-0.1447
X-21.7604 Y-0.5103 Z-0.1438
X-21.7577 Y-0.5109 Z-0.1423
X-21.7554 Y-0.5114 Z-0.1404
X-21.7535 Y-0.5118 Z-0.138
X-21.752 Y-0.5121 Z-0.1353
X-21.7512 Y-0.5123 Z-0.1323
X-21.7509 Y-0.5124 Z-0.1292
G0 Z0.4
X-22.2765 Y-0.5096
Z0.13
G1 Z0.0658 F40.
G18 G2 X-22.2607 Z0.05 I0.0158 K0.
G1 X-22.2529
G17 G3 X-22.2433 Y-0.5 I0. J0.0096
X-22.2818 Z0.0397 I-0.0193 J0.
X-22.2651 Y-0.5191 Z0.035 I0.0192 J0.
X-22.2599 Y-0.4809 Z0.0247 I0.0026 J0.0191
X-22.2651 Y-0.5191 Z0.0144 I-0.0026 J-0.0191
X-22.2548 Y-0.4824 Z0.005 I0.0026 J0.0191
X-22.2702 Y-0.5176 Z-0.0053 I-0.0077 J-0.0176
X-22.2461 Y-0.5101 Z-0.01 I0.0077 J0.0176
X-22.2789 Y-0.4899 Z-0.0203 I-0.0164 J0.0101
X-22.2461 Y-0.5101 Z-0.0306 I0.0164 J-0.0101
X-22.2789 Y-0.4899 Z-0.0409 I-0.0164 J0.0101
X-22.2461 Y-0.5101 Z-0.0512 I0.0164 J-0.0101
X-22.2467 Y-0.489 Z-0.055 I-0.0164 J0.0101
X-22.2783 Y-0.511 Z-0.0653 I-0.0158 J-0.011
X-22.2537 Y-0.5171 Z-0.07 I0.0158 J0.011
X-22.2713 Y-0.4829 Z-0.0803 I-0.0088 J0.0171
X-22.2537 Y-0.5171 Z-0.0906 I0.0088 J-0.0171
X-22.2713 Y-0.4829 Z-0.1009 I-0.0088 J0.0171
X-22.2537 Y-0.5171 Z-0.1112 I0.0088 J-0.0171
X-22.2713 Y-0.4829 Z-0.1215 I-0.0088 J0.0171
X-22.2537 Y-0.5171 Z-0.1318 I0.0088 J-0.0171
X-22.2713 Y-0.4829 Z-0.1421 I-0.0088 J0.0171
X-22.2813 Y-0.4959 Z-0.145 I0.0088 J-0.0171
X-22.2437 Y-0.5041 I0.0188 J-0.0041
X-22.2813 Y-0.4959 I-0.0188 J0.0041
X-22.274 Y-0.5074 I0.0094 J-0.0021
G1 X-22.2663 Y-0.509
X-22.2633 Y-0.5097 Z-0.1447
X-22.2604 Y-0.5103 Z-0.1438
X-22.2577 Y-0.5109 Z-0.1423
X-22.2554 Y-0.5114 Z-0.1404
X-22.2535 Y-0.5118 Z-0.138
X-22.252 Y-0.5121 Z-0.1353
X-22.2512 Y-0.5123 Z-0.1323
X-22.2509 Y-0.5124 Z-0.1292
G0 Z0.4
X-22.7765 Y-0.5096
Z0.13
G1 Z0.0658 F40.
G18 G2 X-22.7607 Z0.05 I0.0157 K0.
G1 X-22.7529
G17 G3 X-22.7432 Y-0.5 I0. J0.0096
X-22.7817 Z0.0397 I-0.0193 J0.
X-22.7432 Z0.0294 I0.0193 J0.
X-22.7817 Z0.0191 I-0.0193 J0.
X-22.7432 Z0.0088 I0.0193 J0.
X-22.7817 Z-0.0015 I-0.0193 J0.
X-22.7432 Z-0.0118 I0.0193 J0.
X-22.7817 Z-0.0221 I-0.0193 J0.
X-22.7432 Z-0.0324 I0.0193 J0.
X-22.7817 Z-0.0427 I-0.0193 J0.
X-22.7432 Z-0.053 I0.0193 J0.
X-22.7817 Z-0.0633 I-0.0193 J0.
X-22.7432 Z-0.0736 I0.0193 J0.
X-22.7817 Z-0.0839 I-0.0193 J0.
X-22.7432 Z-0.0942 I0.0193 J0.
X-22.7817 Z-0.1045 I-0.0193 J0.
X-22.7432 Z-0.1148 I0.0193 J0.
X-22.7817 Z-0.1251 I-0.0193 J0.
X-22.7432 Z-0.1354 I0.0193 J0.
X-22.7813 Y-0.4959 Z-0.145 I-0.0193 J0.
X-22.7437 Y-0.5041 I0.0188 J-0.0041
X-22.7813 Y-0.4959 I-0.0188 J0.0041
X-22.774 Y-0.5074 I0.0094 J-0.0021
G1 X-22.7663 Y-0.509
X-22.7633 Y-0.5097 Z-0.1447
X-22.7604 Y-0.5103 Z-0.1438
X-22.7577 Y-0.5109 Z-0.1423
X-22.7554 Y-0.5114 Z-0.1404
X-22.7535 Y-0.5118 Z-0.138
X-22.752 Y-0.5121 Z-0.1353
X-22.7512 Y-0.5123 Z-0.1323
X-22.7509 Y-0.5124 Z-0.1292
G0 Z0.4
X-23.2765 Y-0.5096
Z0.13
G1 Z0.0658 F40.
G18 G2 X-23.2608 Z0.05 I0.0157 K0.
G1 X-23.2529
G17 G3 X-23.2432 Y-0.5 I0. J0.0096
X-23.2817 Z0.0397 I-0.0193 J0.
X-23.2432 Z0.0294 I0.0193 J0.
X-23.2817 Z0.0191 I-0.0193 J0.
X-23.2432 Z0.0088 I0.0193 J0.
X-23.2817 Z-0.0015 I-0.0193 J0.
X-23.2432 Z-0.0118 I0.0193 J0.
X-23.2817 Z-0.0221 I-0.0193 J0.
X-23.2432 Z-0.0324 I0.0193 J0.
X-23.2817 Z-0.0427 I-0.0193 J0.
X-23.2432 Z-0.053 I0.0193 J0.
X-23.2817 Z-0.0633 I-0.0193 J0.
X-23.2432 Z-0.0736 I0.0193 J0.
X-23.2817 Z-0.0839 I-0.0193 J0.
X-23.2432 Z-0.0942 I0.0193 J0.
X-23.2817 Z-0.1045 I-0.0193 J0.
X-23.2432 Z-0.1148 I0.0193 J0.
X-23.2817 Z-0.1251 I-0.0193 J0.
X-23.2432 Z-0.1354 I0.0193 J0.
X-23.2813 Y-0.4959 Z-0.145 I-0.0193 J0.
X-23.2437 Y-0.5041 I0.0188 J-0.0041
X-23.2813 Y-0.4959 I-0.0188 J0.0041
X-23.274 Y-0.5074 I0.0094 J-0.0021
G1 X-23.2663 Y-0.509
X-23.2633 Y-0.5097 Z-0.1447
X-23.2604 Y-0.5103 Z-0.1438
X-23.2577 Y-0.5109 Z-0.1423
X-23.2554 Y-0.5114 Z-0.1404
X-23.2535 Y-0.5118 Z-0.138
X-23.252 Y-0.5121 Z-0.1353
X-23.2512 Y-0.5123 Z-0.1323
X-23.2509 Y-0.5124 Z-0.1292
G0 Z0.4
X-23.7765 Y-0.5096
Z0.13
G1 Z0.0658 F40.
G18 G2 X-23.7608 Z0.05 I0.0157 K0.
G1 X-23.7529
G17 G3 X-23.7433 Y-0.5 I0. J0.0096
X-23.7818 Z0.0397 I-0.0193 J0.
X-23.7433 Z0.0294 I0.0193 J0.
X-23.7818 Z0.0191 I-0.0193 J0.
X-23.7433 Z0.0088 I0.0193 J0.
X-23.7818 Z-0.0015 I-0.0193 J0.
X-23.7433 Z-0.0118 I0.0193 J0.
X-23.7818 Z-0.0221 I-0.0193 J0.
X-23.7433 Z-0.0324 I0.0193 J0.
X-23.7818 Z-0.0427 I-0.0193 J0.
X-23.7433 Z-0.053 I0.0193 J0.
X-23.7818 Z-0.0633 I-0.0193 J0.
X-23.7433 Z-0.0736 I0.0193 J0.
X-23.7818 Z-0.0839 I-0.0193 J0.
X-23.7433 Z-0.0942 I0.0193 J0.
X-23.7818 Z-0.1045 I-0.0193 J0.
X-23.7433 Z-0.1148 I0.0193 J0.
X-23.7818 Z-0.1251 I-0.0193 J0.
X-23.7433 Z-0.1354 I0.0193 J0.
X-23.7813 Y-0.4959 Z-0.145 I-0.0193 J0.
X-23.7437 Y-0.5041 I0.0188 J-0.0041
X-23.7813 Y-0.4959 I-0.0188 J0.0041
X-23.774 Y-0.5074 I0.0094 J-0.0021
G1 X-23.7663 Y-0.509
X-23.7633 Y-0.5097 Z-0.1447
X-23.7604 Y-0.5103 Z-0.1438
X-23.7577 Y-0.5109 Z-0.1423
X-23.7554 Y-0.5114 Z-0.1404
X-23.7535 Y-0.5118 Z-0.138
X-23.752 Y-0.5121 Z-0.1353
X-23.7512 Y-0.5123 Z-0.1323
X-23.7509 Y-0.5124 Z-0.1292
G0 Z0.4
X-24.2765 Y-0.5096
Z0.13
G1 Z0.0658 F40.
G18 G2 X-24.2607 Z0.05 I0.0158 K0.
G1 X-24.2529
G17 G3 X-24.2433 Y-0.5 I0. J0.0096
X-24.2818 Z0.0397 I-0.0193 J0.
X-24.2433 Z0.0294 I0.0193 J0.
X-24.2818 Z0.0191 I-0.0193 J0.
X-24.2433 Z0.0088 I0.0193 J0.
X-24.2818 Z-0.0015 I-0.0193 J0.
X-24.2433 Z-0.0118 I0.0193 J0.
X-24.2818 Z-0.0221 I-0.0193 J0.
X-24.2433 Z-0.0324 I0.0193 J0.
X-24.2818 Z-0.0427 I-0.0193 J0.
X-24.2433 Z-0.053 I0.0193 J0.
X-24.2818 Z-0.0633 I-0.0193 J0.
X-24.2433 Z-0.0736 I0.0193 J0.
X-24.2818 Z-0.0839 I-0.0193 J0.
X-24.2433 Z-0.0942 I0.0193 J0.
X-24.2818 Z-0.1045 I-0.0193 J0.
X-24.2433 Z-0.1148 I0.0193 J0.
X-24.2818 Z-0.1251 I-0.0193 J0.
X-24.2433 Z-0.1354 I0.0193 J0.
X-24.2813 Y-0.4959 Z-0.145 I-0.0193 J0.
X-24.2437 Y-0.5041 I0.0188 J-0.0041
X-24.2813 Y-0.4959 I-0.0188 J0.0041
X-24.274 Y-0.5074 I0.0094 J-0.0021
G1 X-24.2663 Y-0.509
X-24.2633 Y-0.5097 Z-0.1447
X-24.2604 Y-0.5103 Z-0.1438
X-24.2577 Y-0.5109 Z-0.1423
X-24.2554 Y-0.5114 Z-0.1404
X-24.2535 Y-0.5118 Z-0.138
X-24.252 Y-0.5121 Z-0.1353
X-24.2512 Y-0.5123 Z-0.1323
X-24.2509 Y-0.5124 Z-0.1292
G0 Z0.4
X-24.7765 Y-0.5096
Z0.13
G1 Z0.0658 F40.
G18 G2 X-24.7607 Z0.05 I0.0158 K0.
G1 X-24.7529
G17 G3 X-24.7433 Y-0.5 I0. J0.0096
X-24.7818 Z0.0397 I-0.0193 J0.
X-24.7651 Y-0.5191 Z0.035 I0.0192 J0.
X-24.7599 Y-0.4809 Z0.0247 I0.0026 J0.0191
X-24.7651 Y-0.5191 Z0.0144 I-0.0026 J-0.0191
X-24.7548 Y-0.4824 Z0.005 I0.0026 J0.0191
X-24.7702 Y-0.5176 Z-0.0053 I-0.0077 J-0.0176
X-24.7461 Y-0.5101 Z-0.01 I0.0077 J0.0176
X-24.7789 Y-0.4899 Z-0.0203 I-0.0164 J0.0101
X-24.7461 Y-0.5101 Z-0.0306 I0.0164 J-0.0101
X-24.7789 Y-0.4899 Z-0.0409 I-0.0164 J0.0101
X-24.7461 Y-0.5101 Z-0.0512 I0.0164 J-0.0101
X-24.7467 Y-0.489 Z-0.055 I-0.0164 J0.0101
X-24.7783 Y-0.511 Z-0.0653 I-0.0158 J-0.011
X-24.7537 Y-0.5171 Z-0.07 I0.0158 J0.011
X-24.7713 Y-0.4829 Z-0.0803 I-0.0088 J0.0171
X-24.7537 Y-0.5171 Z-0.0906 I0.0088 J-0.0171
X-24.7713 Y-0.4829 Z-0.1009 I-0.0088 J0.0171
X-24.7537 Y-0.5171 Z-0.1112 I0.0088 J-0.0171
X-24.7713 Y-0.4829 Z-0.1215 I-0.0088 J0.0171
X-24.7537 Y-0.5171 Z-0.1318 I0.0088 J-0.0171
X-24.7713 Y-0.4829 Z-0.1421 I-0.0088 J0.0171
X-24.7813 Y-0.4959 Z-0.145 I0.0088 J-0.0171
X-24.7437 Y-0.5041 I0.0188 J-0.0041
X-24.7813 Y-0.4959 I-0.0188 J0.0041
X-24.774 Y-0.5074 I0.0094 J-0.0021
G1 X-24.7663 Y-0.509
X-24.7633 Y-0.5097 Z-0.1447
X-24.7604 Y-0.5103 Z-0.1438
X-24.7577 Y-0.5109 Z-0.1423
X-24.7554 Y-0.5114 Z-0.1404
X-24.7535 Y-0.5118 Z-0.138
X-24.752 Y-0.5121 Z-0.1353
X-24.7512 Y-0.5123 Z-0.1323
X-24.7509 Y-0.5124 Z-0.1292
G0 Z0.4
X-25.2765 Y-0.5096
Z0.13
G1 Z0.0658 F40.
G18 G2 X-25.2607 Z0.05 I0.0157 K0.
G1 X-25.2529
G17 G3 X-25.2432 Y-0.5 I0. J0.0096
X-25.2817 Z0.0397 I-0.0193 J0.
X-25.2432 Z0.0294 I0.0193 J0.
X-25.2817 Z0.0191 I-0.0193 J0.
X-25.2432 Z0.0088 I0.0193 J0.
X-25.2817 Z-0.0015 I-0.0193 J0.
X-25.2432 Z-0.0118 I0.0193 J0.
X-25.2817 Z-0.0221 I-0.0193 J0.
X-25.2432 Z-0.0324 I0.0193 J0.
X-25.2817 Z-0.0427 I-0.0193 J0.
X-25.2432 Z-0.053 I0.0193 J0.
X-25.2817 Z-0.0633 I-0.0193 J0.
X-25.2432 Z-0.0736 I0.0193 J0.
X-25.2817 Z-0.0839 I-0.0193 J0.
X-25.2432 Z-0.0942 I0.0193 J0.
X-25.2817 Z-0.1045 I-0.0193 J0.
X-25.2432 Z-0.1148 I0.0193 J0.
X-25.2817 Z-0.1251 I-0.0193 J0.
X-25.2432 Z-0.1354 I0.0193 J0.
X-25.2813 Y-0.4959 Z-0.145 I-0.0193 J0.
X-25.2437 Y-0.5041 I0.0188 J-0.0041
X-25.2813 Y-0.4959 I-0.0188 J0.0041
X-25.274 Y-0.5074 I0.0094 J-0.0021
G1 X-25.2663 Y-0.509
X-25.2633 Y-0.5097 Z-0.1447
X-25.2604 Y-0.5103 Z-0.1438
X-25.2577 Y-0.5109 Z-0.1423
X-25.2554 Y-0.5114 Z-0.1404
X-25.2535 Y-0.5118 Z-0.138
X-25.252 Y-0.5121 Z-0.1353
X-25.2512 Y-0.5123 Z-0.1323
X-25.2509 Y-0.5124 Z-0.1292
G0 Z0.4
X-25.7765 Y-0.5096
Z0.13
G1 Z0.0658 F40.
G18 G2 X-25.7608 Z0.05 I0.0157 K0.
G1 X-25.7529
G17 G3 X-25.7432 Y-0.5 I0. J0.0096
X-25.7817 Z0.0397 I-0.0193 J0.
X-25.7432 Z0.0294 I0.0193 J0.
X-25.7817 Z0.0191 I-0.0193 J0.
X-25.7432 Z0.0088 I0.0193 J0.
X-25.7817 Z-0.0015 I-0.0193 J0.
X-25.7432 Z-0.0118 I0.0193 J0.
X-25.7817 Z-0.0221 I-0.0193 J0.
X-25.7432 Z-0.0324 I0.0193 J0.
X-25.7817 Z-0.0427 I-0.0193 J0.
X-25.7432 Z-0.053 I0.0193 J0.
X-25.7817 Z-0.0633 I-0.0193 J0.
X-25.7432 Z-0.0736 I0.0193 J0.
X-25.7817 Z-0.0839 I-0.0193 J0.
X-25.7432 Z-0.0942 I0.0193 J0.
X-25.7817 Z-0.1045 I-0.0193 J0.
X-25.7432 Z-0.1148 I0.0193 J0.
X-25.7817 Z-0.1251 I-0.0193 J0.
X-25.7432 Z-0.1354 I0.0193 J0.
X-25.7813 Y-0.4959 Z-0.145 I-0.0193 J0.
X-25.7437 Y-0.5041 I0.0188 J-0.0041
X-25.7813 Y-0.4959 I-0.0188 J0.0041
X-25.774 Y-0.5074 I0.0094 J-0.0021
G1 X-25.7663 Y-0.509
X-25.7633 Y-0.5097 Z-0.1447
X-25.7604 Y-0.5103 Z-0.1438
X-25.7577 Y-0.5109 Z-0.1423
X-25.7554 Y-0.5114 Z-0.1404
X-25.7535 Y-0.5118 Z-0.138
X-25.752 Y-0.5121 Z-0.1353
X-25.7512 Y-0.5123 Z-0.1323
X-25.7509 Y-0.5124 Z-0.1292
G0 Z0.4
X-26.2765 Y-0.5096
Z0.13
G1 Z0.0658 F40.
G18 G2 X-26.2608 Z0.05 I0.0157 K0.
G1 X-26.2529
G17 G3 X-26.2433 Y-0.5 I0. J0.0096
X-26.2818 Z0.0397 I-0.0193 J0.
X-26.2433 Z0.0294 I0.0193 J0.
X-26.2818 Z0.0191 I-0.0193 J0.
X-26.2433 Z0.0088 I0.0193 J0.
X-26.2818 Z-0.0015 I-0.0193 J0.
X-26.2433 Z-0.0118 I0.0193 J0.
X-26.2818 Z-0.0221 I-0.0193 J0.
X-26.2433 Z-0.0324 I0.0193 J0.
X-26.2818 Z-0.0427 I-0.0193 J0.
X-26.2433 Z-0.053 I0.0193 J0.
X-26.2818 Z-0.0633 I-0.0193 J0.
X-26.2433 Z-0.0736 I0.0193 J0.
X-26.2818 Z-0.0839 I-0.0193 J0.
X-26.2433 Z-0.0942 I0.0193 J0.
X-26.2818 Z-0.1045 I-0.0193 J0.
X-26.2433 Z-0.1148 I0.0193 J0.
X-26.2818 Z-0.1251 I-0.0193 J0.
X-26.2433 Z-0.1354 I0.0193 J0.
X-26.2813 Y-0.4959 Z-0.145 I-0.0193 J0.
X-26.2437 Y-0.5041 I0.0188 J-0.0041
X-26.2813 Y-0.4959 I-0.0188 J0.0041
X-26.274 Y-0.5074 I0.0094 J-0.0021
G1 X-26.2663 Y-0.509
X-26.2633 Y-0.5097 Z-0.1447
X-26.2604 Y-0.5103 Z-0.1438
X-26.2577 Y-0.5109 Z-0.1423
X-26.2554 Y-0.5114 Z-0.1404
X-26.2535 Y-0.5118 Z-0.138
X-26.252 Y-0.5121 Z-0.1353
X-26.2512 Y-0.5123 Z-0.1323
X-26.2509 Y-0.5124 Z-0.1292
G0 Z0.4
X-26.7765 Y-0.5096
Z0.13
G1 Z0.0658 F40.
G18 G2 X-26.7607 Z0.05 I0.0158 K0.
G1 X-26.7529
G17 G3 X-26.7433 Y-0.5 I0. J0.0096
X-26.7818 Z0.0397 I-0.0193 J0.
X-26.7433 Z0.0294 I0.0193 J0.
X-26.7818 Z0.0191 I-0.0193 J0.
X-26.7433 Z0.0088 I0.0193 J0.
X-26.7818 Z-0.0015 I-0.0193 J0.
X-26.7433 Z-0.0118 I0.0193 J0.
X-26.7818 Z-0.0221 I-0.0193 J0.
X-26.7433 Z-0.0324 I0.0193 J0.
X-26.7818 Z-0.0427 I-0.0193 J0.
X-26.7433 Z-0.053 I0.0193 J0.
X-26.7818 Z-0.0633 I-0.0193 J0.
X-26.7433 Z-0.0736 I0.0193 J0.
X-26.7818 Z-0.0839 I-0.0193 J0.
X-26.7433 Z-0.0942 I0.0193 J0.
X-26.7818 Z-0.1045 I-0.0193 J0.
X-26.7433 Z-0.1148 I0.0193 J0.
X-26.7818 Z-0.1251 I-0.0193 J0.
X-26.7433 Z-0.1354 I0.0193 J0.
X-26.7813 Y-0.4959 Z-0.145 I-0.0193 J0.
X-26.7437 Y-0.5041 I0.0188 J-0.0041
X-26.7813 Y-0.4959 I-0.0188 J0.0041
X-26.774 Y-0.5074 I0.0094 J-0.0021
G1 X-26.7663 Y-0.509
X-26.7633 Y-0.5097 Z-0.1447
X-26.7604 Y-0.5103 Z-0.1438
X-26.7577 Y-0.5109 Z-0.1423
X-26.7554 Y-0.5114 Z-0.1404
X-26.7535 Y-0.5118 Z-0.138
X-26.752 Y-0.5121 Z-0.1353
X-26.7512 Y-0.5123 Z-0.1323
X-26.7509 Y-0.5124 Z-0.1292
G0 Z0.4
X-27.2765 Y-0.5096
Z0.13
G1 Z0.0658 F40.
G18 G2 X-27.2607 Z0.05 I0.0158 K0.
G1 X-27.2529
G17 G3 X-27.2433 Y-0.5 I0. J0.0096
X-27.2818 Z0.0397 I-0.0193 J0.
X-27.2651 Y-0.5191 Z0.035 I0.0192 J0.
X-27.2599 Y-0.4809 Z0.0247 I0.0026 J0.0191
X-27.2651 Y-0.5191 Z0.0144 I-0.0026 J-0.0191
X-27.2548 Y-0.4824 Z0.005 I0.0026 J0.0191
X-27.2702 Y-0.5176 Z-0.0053 I-0.0077 J-0.0176
X-27.2461 Y-0.5101 Z-0.01 I0.0077 J0.0176
X-27.2789 Y-0.4899 Z-0.0203 I-0.0164 J0.0101
X-27.2461 Y-0.5101 Z-0.0306 I0.0164 J-0.0101
X-27.2789 Y-0.4899 Z-0.0409 I-0.0164 J0.0101
X-27.2461 Y-0.5101 Z-0.0512 I0.0164 J-0.0101
X-27.2467 Y-0.489 Z-0.055 I-0.0164 J0.0101
X-27.2783 Y-0.511 Z-0.0653 I-0.0158 J-0.011
X-27.2537 Y-0.5171 Z-0.07 I0.0158 J0.011
X-27.2713 Y-0.4829 Z-0.0803 I-0.0088 J0.0171
X-27.2537 Y-0.5171 Z-0.0906 I0.0088 J-0.0171
X-27.2713 Y-0.4829 Z-0.1009 I-0.0088 J0.0171
X-27.2537 Y-0.5171 Z-0.1112 I0.0088 J-0.0171
X-27.2713 Y-0.4829 Z-0.1215 I-0.0088 J0.0171
X-27.2537 Y-0.5171 Z-0.1318 I0.0088 J-0.0171
X-27.2713 Y-0.4829 Z-0.1421 I-0.0088 J0.0171
X-27.2813 Y-0.4959 Z-0.145 I0.0088 J-0.0171
X-27.2437 Y-0.5041 I0.0188 J-0.0041
X-27.2813 Y-0.4959 I-0.0188 J0.0041
X-27.274 Y-0.5074 I0.0094 J-0.0021
G1 X-27.2663 Y-0.509
X-27.2633 Y-0.5097 Z-0.1447
X-27.2604 Y-0.5103 Z-0.1438
X-27.2577 Y-0.5109 Z-0.1423
X-27.2554 Y-0.5114 Z-0.1404
X-27.2535 Y-0.5118 Z-0.138
X-27.252 Y-0.5121 Z-0.1353
X-27.2512 Y-0.5123 Z-0.1323
X-27.2509 Y-0.5124 Z-0.1292
G0 Z0.4
X-28.776 Y-0.4127
Z0.13
G1 Z0.0658 F40.
G18 G2 X-28.7603 Z0.05 I0.0158 K0.
G1 X-28.7524
G17 G3 X-28.7415 Y-0.4019 I0. J0.0109
X-28.785 Z0.0394 I-0.0218 J0.
X-28.7415 Z0.0289 I0.0218 J0.
X-28.785 Z0.0183 I-0.0218 J0.
X-28.7415 Z0.0077 I0.0218 J0.
X-28.785 Z-0.0028 I-0.0218 J0.
X-28.7415 Z-0.0134 I0.0218 J0.
X-28.785 Z-0.0239 I-0.0218 J0.
X-28.7415 Z-0.0345 I0.0218 J0.
X-28.785 Z-0.0451 I-0.0218 J0.
X-28.7415 Z-0.0556 I0.0218 J0.
X-28.785 Z-0.0662 I-0.0218 J0.
X-28.7415 Z-0.0768 I0.0218 J0.
X-28.785 Z-0.0873 I-0.0218 J0.
X-28.7415 Z-0.0979 I0.0218 J0.
X-28.785 Z-0.1084 I-0.0218 J0.
X-28.7415 Z-0.119 I0.0218 J0.
X-28.785 Z-0.1296 I-0.0218 J0.
X-28.7415 Z-0.1401 I0.0218 J0.
X-28.7606 Y-0.3803 Z-0.145 I-0.0218 J0.
X-28.766 Y-0.4234 I-0.0027 J-0.0216
X-28.7606 Y-0.3803 I0.0027 J0.0216
X-28.7727 Y-0.3897 I-0.0013 J-0.0108
G1 X-28.7737 Y-0.3975
X-28.7741 Y-0.4006 Z-0.1447
X-28.7745 Y-0.4035 Z-0.1438
X-28.7748 Y-0.4062 Z-0.1423
X-28.7751 Y-0.4086 Z-0.1404
X-28.7753 Y-0.4105 Z-0.138
X-28.7755 Y-0.412 Z-0.1353
X-28.7756 Y-0.4129 Z-0.1323
Y-0.4132 Z-0.1292
G0 Z0.4
X-29.9485 Y-1.2035
Z0.13
G1 Z0.0658 F40.
G18 G2 X-29.9328 Z0.05 I0.0157 K0.
G1 X-29.9249
G17 G3 X-29.914 Y-1.1926 I0. J0.0109
X-29.9575 Z0.0394 I-0.0218 J0.
X-29.914 Z0.0289 I0.0218 J0.
X-29.9575 Z0.0183 I-0.0218 J0.
X-29.914 Z0.0077 I0.0218 J0.
X-29.9575 Z-0.0028 I-0.0218 J0.
X-29.914 Z-0.0134 I0.0218 J0.
X-29.9575 Z-0.0239 I-0.0218 J0.
X-29.914 Z-0.0345 I0.0218 J0.
X-29.9575 Z-0.0451 I-0.0218 J0.
X-29.914 Z-0.0556 I0.0218 J0.
X-29.9575 Z-0.0662 I-0.0218 J0.
X-29.914 Z-0.0768 I0.0218 J0.
X-29.9575 Z-0.0873 I-0.0218 J0.
X-29.914 Z-0.0979 I0.0218 J0.
X-29.9575 Z-0.1084 I-0.0218 J0.
X-29.914 Z-0.119 I0.0218 J0.
X-29.9575 Z-0.1296 I-0.0218 J0.
X-29.914 Z-0.1401 I0.0218 J0.
X-29.9331 Y-1.171 Z-0.145 I-0.0218 J0.
X-29.9385 Y-1.2142 I-0.0027 J-0.0216
X-29.9331 Y-1.171 I0.0027 J0.0216
X-29.9452 Y-1.1804 I-0.0013 J-0.0108
G1 X-29.9462 Y-1.1883
X-29.9466 Y-1.1913 Z-0.1447
X-29.947 Y-1.1942 Z-0.1438
X-29.9473 Y-1.1969 Z-0.1423
X-29.9476 Y-1.1993 Z-0.1404
X-29.9478 Y-1.2013 Z-0.138
X-29.948 Y-1.2027 Z-0.1353
X-29.9481 Y-1.2036 Z-0.1323
Y-1.2039 Z-0.1292
G0 Z0.4
X-30.7765 Y-1.5096
Z0.13
G1 Z0.0658 F40.
G18 G2 X-30.7608 Z0.05 I0.0157 K0.
G1 X-30.7529
G17 G3 X-30.7432 Y-1.5 I0. J0.0096
X-30.7817 Z0.0397 I-0.0193 J0.
X-30.7432 Z0.0294 I0.0193 J0.
X-30.7817 Z0.0191 I-0.0193 J0.
X-30.7432 Z0.0088 I0.0193 J0.
X-30.7817 Z-0.0015 I-0.0193 J0.
X-30.7432 Z-0.0118 I0.0193 J0.
X-30.7817 Z-0.0221 I-0.0193 J0.
X-30.7432 Z-0.0324 I0.0193 J0.
X-30.7817 Z-0.0427 I-0.0193 J0.
X-30.7432 Z-0.053 I0.0193 J0.
X-30.7817 Z-0.0633 I-0.0193 J0.
X-30.7432 Z-0.0736 I0.0193 J0.
X-30.7817 Z-0.0839 I-0.0193 J0.
X-30.7432 Z-0.0942 I0.0193 J0.
X-30.7817 Z-0.1045 I-0.0193 J0.
X-30.7432 Z-0.1148 I0.0193 J0.
X-30.7817 Z-0.1251 I-0.0193 J0.
X-30.7432 Z-0.1354 I0.0193 J0.
X-30.7813 Y-1.4959 Z-0.145 I-0.0193 J0.
X-30.7437 Y-1.5041 I0.0188 J-0.0041
X-30.7813 Y-1.4959 I-0.0188 J0.0041
X-30.774 Y-1.5074 I0.0094 J-0.0021
G1 X-30.7663 Y-1.509
X-30.7633 Y-1.5097 Z-0.1447
X-30.7604 Y-1.5103 Z-0.1438
X-30.7577 Y-1.5109 Z-0.1423
X-30.7554 Y-1.5114 Z-0.1404
X-30.7535 Y-1.5118 Z-0.138
X-30.752 Y-1.5121 Z-0.1353
X-30.7512 Y-1.5123 Z-0.1323
X-30.7509 Y-1.5124 Z-0.1292
G0 Z0.4
X-31.2765 Y-1.5096
Z0.13
G1 Z0.0658 F40.
G18 G2 X-31.2608 Z0.05 I0.0157 K0.
G1 X-31.2529
G17 G3 X-31.2433 Y-1.5 I0. J0.0096
X-31.2818 Z0.0397 I-0.0193 J0.
X-31.2433 Z0.0294 I0.0193 J0.
X-31.2818 Z0.0191 I-0.0193 J0.
X-31.2433 Z0.0088 I0.0193 J0.
X-31.2818 Z-0.0015 I-0.0193 J0.
X-31.2433 Z-0.0118 I0.0193 J0.
X-31.2818 Z-0.0221 I-0.0193 J0.
X-31.2433 Z-0.0324 I0.0193 J0.
X-31.2818 Z-0.0427 I-0.0193 J0.
X-31.2433 Z-0.053 I0.0193 J0.
X-31.2818 Z-0.0633 I-0.0193 J0.
X-31.2433 Z-0.0736 I0.0193 J0.
X-31.2818 Z-0.0839 I-0.0193 J0.
X-31.2433 Z-0.0942 I0.0193 J0.
X-31.2818 Z-0.1045 I-0.0193 J0.
X-31.2433 Z-0.1148 I0.0193 J0.
X-31.2818 Z-0.1251 I-0.0193 J0.
X-31.2433 Z-0.1354 I0.0193 J0.
X-31.2813 Y-1.4959 Z-0.145 I-0.0193 J0.
X-31.2437 Y-1.5041 I0.0188 J-0.0041
X-31.2813 Y-1.4959 I-0.0188 J0.0041
X-31.274 Y-1.5074 I0.0094 J-0.0021
G1 X-31.2663 Y-1.509
X-31.2633 Y-1.5097 Z-0.1447
X-31.2604 Y-1.5103 Z-0.1438
X-31.2577 Y-1.5109 Z-0.1423
X-31.2554 Y-1.5114 Z-0.1404
X-31.2535 Y-1.5118 Z-0.138
X-31.252 Y-1.5121 Z-0.1353
X-31.2512 Y-1.5123 Z-0.1323
X-31.2509 Y-1.5124 Z-0.1292
G0 Z0.4
X-31.7765 Y-1.5096
Z0.13
G1 Z0.0658 F40.
G18 G2 X-31.7607 Z0.05 I0.0158 K0.
G1 X-31.7529
G17 G3 X-31.7433 Y-1.5 I0. J0.0096
X-31.7818 Z0.0397 I-0.0193 J0.
X-31.7433 Z0.0294 I0.0193 J0.
X-31.7818 Z0.0191 I-0.0193 J0.
X-31.7433 Z0.0088 I0.0193 J0.
X-31.7818 Z-0.0015 I-0.0193 J0.
X-31.7433 Z-0.0118 I0.0193 J0.
X-31.7818 Z-0.0221 I-0.0193 J0.
X-31.7433 Z-0.0324 I0.0193 J0.
X-31.7818 Z-0.0427 I-0.0193 J0.
X-31.7433 Z-0.053 I0.0193 J0.
X-31.7818 Z-0.0633 I-0.0193 J0.
X-31.7433 Z-0.0736 I0.0193 J0.
X-31.7818 Z-0.0839 I-0.0193 J0.
X-31.7433 Z-0.0942 I0.0193 J0.
X-31.7818 Z-0.1045 I-0.0193 J0.
X-31.7433 Z-0.1148 I0.0193 J0.
X-31.7818 Z-0.1251 I-0.0193 J0.
X-31.7433 Z-0.1354 I0.0193 J0.
X-31.7813 Y-1.4959 Z-0.145 I-0.0193 J0.
X-31.7437 Y-1.5041 I0.0188 J-0.0041
X-31.7813 Y-1.4959 I-0.0188 J0.0041
X-31.774 Y-1.5074 I0.0094 J-0.0021
G1 X-31.7663 Y-1.509
X-31.7633 Y-1.5097 Z-0.1447
X-31.7604 Y-1.5103 Z-0.1438
X-31.7577 Y-1.5109 Z-0.1423
X-31.7554 Y-1.5114 Z-0.1404
X-31.7535 Y-1.5118 Z-0.138
X-31.752 Y-1.5121 Z-0.1353
X-31.7512 Y-1.5123 Z-0.1323
X-31.7509 Y-1.5124 Z-0.1292
G0 Z0.4
X-32.2765 Y-1.5096
Z0.13
G1 Z0.0658 F40.
G18 G2 X-32.2607 Z0.05 I0.0158 K0.
G1 X-32.2529
G17 G3 X-32.2433 Y-1.5 I0. J0.0096
X-32.2818 Z0.0397 I-0.0193 J0.
X-32.2651 Y-1.5191 Z0.035 I0.0192 J0.
X-32.2599 Y-1.4809 Z0.0247 I0.0026 J0.0191
X-32.2651 Y-1.5191 Z0.0144 I-0.0026 J-0.0191
X-32.2548 Y-1.4824 Z0.005 I0.0026 J0.0191
X-32.2702 Y-1.5176 Z-0.0053 I-0.0077 J-0.0176
X-32.2461 Y-1.5101 Z-0.01 I0.0077 J0.0176
X-32.2789 Y-1.4899 Z-0.0203 I-0.0164 J0.0101
X-32.2461 Y-1.5101 Z-0.0306 I0.0164 J-0.0101
X-32.2789 Y-1.4899 Z-0.0409 I-0.0164 J0.0101
X-32.2461 Y-1.5101 Z-0.0512 I0.0164 J-0.0101
X-32.2467 Y-1.489 Z-0.055 I-0.0164 J0.0101
X-32.2783 Y-1.511 Z-0.0653 I-0.0158 J-0.011
X-32.2537 Y-1.5171 Z-0.07 I0.0158 J0.011
X-32.2713 Y-1.4829 Z-0.0803 I-0.0088 J0.0171
X-32.2537 Y-1.5171 Z-0.0906 I0.0088 J-0.0171
X-32.2713 Y-1.4829 Z-0.1009 I-0.0088 J0.0171
X-32.2537 Y-1.5171 Z-0.1112 I0.0088 J-0.0171
X-32.2713 Y-1.4829 Z-0.1215 I-0.0088 J0.0171
X-32.2537 Y-1.5171 Z-0.1318 I0.0088 J-0.0171
X-32.2713 Y-1.4829 Z-0.1421 I-0.0088 J0.0171
X-32.2813 Y-1.4959 Z-0.145 I0.0088 J-0.0171
X-32.2437 Y-1.5041 I0.0188 J-0.0041
X-32.2813 Y-1.4959 I-0.0188 J0.0041
X-32.274 Y-1.5074 I0.0094 J-0.0021
G1 X-32.2663 Y-1.509
X-32.2633 Y-1.5097 Z-0.1447
X-32.2604 Y-1.5103 Z-0.1438
X-32.2577 Y-1.5109 Z-0.1423
X-32.2554 Y-1.5114 Z-0.1404
X-32.2535 Y-1.5118 Z-0.138
X-32.252 Y-1.5121 Z-0.1353
X-32.2512 Y-1.5123 Z-0.1323
X-32.2509 Y-1.5124 Z-0.1292
G0 Z0.4
X-32.7765 Y-1.5096
Z0.13
G1 Z0.0658 F40.
G18 G2 X-32.7607 Z0.05 I0.0157 K0.
G1 X-32.7529
G17 G3 X-32.7432 Y-1.5 I0. J0.0096
X-32.7817 Z0.0397 I-0.0193 J0.
X-32.7432 Z0.0294 I0.0193 J0.
X-32.7817 Z0.0191 I-0.0193 J0.
X-32.7432 Z0.0088 I0.0193 J0.
X-32.7817 Z-0.0015 I-0.0193 J0.
X-32.7432 Z-0.0118 I0.0193 J0.
X-32.7817 Z-0.0221 I-0.0193 J0.
X-32.7432 Z-0.0324 I0.0193 J0.
X-32.7817 Z-0.0427 I-0.0193 J0.
X-32.7432 Z-0.053 I0.0193 J0.
X-32.7817 Z-0.0633 I-0.0193 J0.
X-32.7432 Z-0.0736 I0.0193 J0.
X-32.7817 Z-0.0839 I-0.0193 J0.
X-32.7432 Z-0.0942 I0.0193 J0.
X-32.7817 Z-0.1045 I-0.0193 J0.
X-32.7432 Z-0.1148 I0.0193 J0.
X-32.7817 Z-0.1251 I-0.0193 J0.
X-32.7432 Z-0.1354 I0.0193 J0.
X-32.7813 Y-1.4959 Z-0.145 I-0.0193 J0.
X-32.7437 Y-1.5041 I0.0188 J-0.0041
X-32.7813 Y-1.4959 I-0.0188 J0.0041
X-32.774 Y-1.5074 I0.0094 J-0.0021
G1 X-32.7663 Y-1.509
X-32.7633 Y-1.5097 Z-0.1447
X-32.7604 Y-1.5103 Z-0.1438
X-32.7577 Y-1.5109 Z-0.1423
X-32.7554 Y-1.5114 Z-0.1404
X-32.7535 Y-1.5118 Z-0.138
X-32.752 Y-1.5121 Z-0.1353
X-32.7512 Y-1.5123 Z-0.1323
X-32.7509 Y-1.5124 Z-0.1292
G0 Z0.4
X-33.2765 Y-1.5096
Z0.13
G1 Z0.0658 F40.
G18 G2 X-33.2608 Z0.05 I0.0157 K0.
G1 X-33.2529
G17 G3 X-33.2432 Y-1.5 I0. J0.0096
X-33.2817 Z0.0397 I-0.0193 J0.
X-33.2432 Z0.0294 I0.0193 J0.
X-33.2817 Z0.0191 I-0.0193 J0.
X-33.2432 Z0.0088 I0.0193 J0.
X-33.2817 Z-0.0015 I-0.0193 J0.
X-33.2432 Z-0.0118 I0.0193 J0.
X-33.2817 Z-0.0221 I-0.0193 J0.
X-33.2432 Z-0.0324 I0.0193 J0.
X-33.2817 Z-0.0427 I-0.0193 J0.
X-33.2432 Z-0.053 I0.0193 J0.
X-33.2817 Z-0.0633 I-0.0193 J0.
X-33.2432 Z-0.0736 I0.0193 J0.
X-33.2817 Z-0.0839 I-0.0193 J0.
X-33.2432 Z-0.0942 I0.0193 J0.
X-33.2817 Z-0.1045 I-0.0193 J0.
X-33.2432 Z-0.1148 I0.0193 J0.
X-33.2817 Z-0.1251 I-0.0193 J0.
X-33.2432 Z-0.1354 I0.0193 J0.
X-33.2813 Y-1.4959 Z-0.145 I-0.0193 J0.
X-33.2437 Y-1.5041 I0.0188 J-0.0041
X-33.2813 Y-1.4959 I-0.0188 J0.0041
X-33.274 Y-1.5074 I0.0094 J-0.0021
G1 X-33.2663 Y-1.509
X-33.2633 Y-1.5097 Z-0.1447
X-33.2604 Y-1.5103 Z-0.1438
X-33.2577 Y-1.5109 Z-0.1423
X-33.2554 Y-1.5114 Z-0.1404
X-33.2535 Y-1.5118 Z-0.138
X-33.252 Y-1.5121 Z-0.1353
X-33.2512 Y-1.5123 Z-0.1323
X-33.2509 Y-1.5124 Z-0.1292
G0 Z0.4
X-33.7765 Y-1.5096
Z0.13
G1 Z0.0658 F40.
G18 G2 X-33.7608 Z0.05 I0.0157 K0.
G1 X-33.7529
G17 G3 X-33.7433 Y-1.5 I0. J0.0096
X-33.7818 Z0.0397 I-0.0193 J0.
X-33.7433 Z0.0294 I0.0193 J0.
X-33.7818 Z0.0191 I-0.0193 J0.
X-33.7433 Z0.0088 I0.0193 J0.
X-33.7818 Z-0.0015 I-0.0193 J0.
X-33.7433 Z-0.0118 I0.0193 J0.
X-33.7818 Z-0.0221 I-0.0193 J0.
X-33.7433 Z-0.0324 I0.0193 J0.
X-33.7818 Z-0.0427 I-0.0193 J0.
X-33.7433 Z-0.053 I0.0193 J0.
X-33.7818 Z-0.0633 I-0.0193 J0.
X-33.7433 Z-0.0736 I0.0193 J0.
X-33.7818 Z-0.0839 I-0.0193 J0.
X-33.7433 Z-0.0942 I0.0193 J0.
X-33.7818 Z-0.1045 I-0.0193 J0.
X-33.7433 Z-0.1148 I0.0193 J0.
X-33.7818 Z-0.1251 I-0.0193 J0.
X-33.7433 Z-0.1354 I0.0193 J0.
X-33.7813 Y-1.4959 Z-0.145 I-0.0193 J0.
X-33.7437 Y-1.5041 I0.0188 J-0.0041
X-33.7813 Y-1.4959 I-0.0188 J0.0041
X-33.774 Y-1.5074 I0.0094 J-0.0021
G1 X-33.7663 Y-1.509
X-33.7633 Y-1.5097 Z-0.1447
X-33.7604 Y-1.5103 Z-0.1438
X-33.7577 Y-1.5109 Z-0.1423
X-33.7554 Y-1.5114 Z-0.1404
X-33.7535 Y-1.5118 Z-0.138
X-33.752 Y-1.5121 Z-0.1353
X-33.7512 Y-1.5123 Z-0.1323
X-33.7509 Y-1.5124 Z-0.1292
G0 Z0.4
X-34.2765 Y-1.5096
Z0.13
G1 Z0.0658 F40.
G18 G2 X-34.2607 Z0.05 I0.0158 K0.
G1 X-34.2529
G17 G3 X-34.2433 Y-1.5 I0. J0.0096
X-34.2818 Z0.0397 I-0.0193 J0.
X-34.2433 Z0.0294 I0.0193 J0.
X-34.2818 Z0.0191 I-0.0193 J0.
X-34.2433 Z0.0088 I0.0193 J0.
X-34.2818 Z-0.0015 I-0.0193 J0.
X-34.2433 Z-0.0118 I0.0193 J0.
X-34.2818 Z-0.0221 I-0.0193 J0.
X-34.2433 Z-0.0324 I0.0193 J0.
X-34.2818 Z-0.0427 I-0.0193 J0.
X-34.2433 Z-0.053 I0.0193 J0.
X-34.2818 Z-0.0633 I-0.0193 J0.
X-34.2433 Z-0.0736 I0.0193 J0.
X-34.2818 Z-0.0839 I-0.0193 J0.
X-34.2433 Z-0.0942 I0.0193 J0.
X-34.2818 Z-0.1045 I-0.0193 J0.
X-34.2433 Z-0.1148 I0.0193 J0.
X-34.2818 Z-0.1251 I-0.0193 J0.
X-34.2433 Z-0.1354 I0.0193 J0.
X-34.2813 Y-1.4959 Z-0.145 I-0.0193 J0.
X-34.2437 Y-1.5041 I0.0188 J-0.0041
X-34.2813 Y-1.4959 I-0.0188 J0.0041
X-34.274 Y-1.5074 I0.0094 J-0.0021
G1 X-34.2663 Y-1.509
X-34.2633 Y-1.5097 Z-0.1447
X-34.2604 Y-1.5103 Z-0.1438
X-34.2577 Y-1.5109 Z-0.1423
X-34.2554 Y-1.5114 Z-0.1404
X-34.2535 Y-1.5118 Z-0.138
X-34.252 Y-1.5121 Z-0.1353
X-34.2512 Y-1.5123 Z-0.1323
X-34.2509 Y-1.5124 Z-0.1292
G0 Z0.4
X-34.7765 Y-1.5096
Z0.13
G1 Z0.0658 F40.
G18 G2 X-34.7607 Z0.05 I0.0158 K0.
G1 X-34.7529
G17 G3 X-34.7433 Y-1.5 I0. J0.0096
X-34.7818 Z0.0397 I-0.0193 J0.
X-34.7651 Y-1.5191 Z0.035 I0.0192 J0.
X-34.7599 Y-1.4809 Z0.0247 I0.0026 J0.0191
X-34.7651 Y-1.5191 Z0.0144 I-0.0026 J-0.0191
X-34.7548 Y-1.4824 Z0.005 I0.0026 J0.0191
X-34.7702 Y-1.5176 Z-0.0053 I-0.0077 J-0.0176
X-34.7461 Y-1.5101 Z-0.01 I0.0077 J0.0176
X-34.7789 Y-1.4899 Z-0.0203 I-0.0164 J0.0101
X-34.7461 Y-1.5101 Z-0.0306 I0.0164 J-0.0101
X-34.7789 Y-1.4899 Z-0.0409 I-0.0164 J0.0101
X-34.7461 Y-1.5101 Z-0.0512 I0.0164 J-0.0101
X-34.7467 Y-1.489 Z-0.055 I-0.0164 J0.0101
X-34.7783 Y-1.511 Z-0.0653 I-0.0158 J-0.011
X-34.7537 Y-1.5171 Z-0.07 I0.0158 J0.011
X-34.7713 Y-1.4829 Z-0.0803 I-0.0088 J0.0171
X-34.7537 Y-1.5171 Z-0.0906 I0.0088 J-0.0171
X-34.7713 Y-1.4829 Z-0.1009 I-0.0088 J0.0171
X-34.7537 Y-1.5171 Z-0.1112 I0.0088 J-0.0171
X-34.7713 Y-1.4829 Z-0.1215 I-0.0088 J0.0171
X-34.7537 Y-1.5171 Z-0.1318 I0.0088 J-0.0171
X-34.7713 Y-1.4829 Z-0.1421 I-0.0088 J0.0171
X-34.7813 Y-1.4959 Z-0.145 I0.0088 J-0.0171
X-34.7437 Y-1.5041 I0.0188 J-0.0041
X-34.7813 Y-1.4959 I-0.0188 J0.0041
X-34.774 Y-1.5074 I0.0094 J-0.0021
G1 X-34.7663 Y-1.509
X-34.7633 Y-1.5097 Z-0.1447
X-34.7604 Y-1.5103 Z-0.1438
X-34.7577 Y-1.5109 Z-0.1423
X-34.7554 Y-1.5114 Z-0.1404
X-34.7535 Y-1.5118 Z-0.138
X-34.752 Y-1.5121 Z-0.1353
X-34.7512 Y-1.5123 Z-0.1323
X-34.7509 Y-1.5124 Z-0.1292
G0 Z0.4
X-35.2765 Y-1.5096
Z0.13
G1 Z0.0658 F40.
G18 G2 X-35.2607 Z0.05 I0.0157 K0.
G1 X-35.2529
G17 G3 X-35.2432 Y-1.5 I0. J0.0096
X-35.2817 Z0.0397 I-0.0193 J0.
X-35.2432 Z0.0294 I0.0193 J0.
X-35.2817 Z0.0191 I-0.0193 J0.
X-35.2432 Z0.0088 I0.0193 J0.
X-35.2817 Z-0.0015 I-0.0193 J0.
X-35.2432 Z-0.0118 I0.0193 J0.
X-35.2817 Z-0.0221 I-0.0193 J0.
X-35.2432 Z-0.0324 I0.0193 J0.
X-35.2817 Z-0.0427 I-0.0193 J0.
X-35.2432 Z-0.053 I0.0193 J0.
X-35.2817 Z-0.0633 I-0.0193 J0.
X-35.2432 Z-0.0736 I0.0193 J0.
X-35.2817 Z-0.0839 I-0.0193 J0.
X-35.2432 Z-0.0942 I0.0193 J0.
X-35.2817 Z-0.1045 I-0.0193 J0.
X-35.2432 Z-0.1148 I0.0193 J0.
X-35.2817 Z-0.1251 I-0.0193 J0.
X-35.2432 Z-0.1354 I0.0193 J0.
X-35.2813 Y-1.4959 Z-0.145 I-0.0193 J0.
X-35.2437 Y-1.5041 I0.0188 J-0.0041
X-35.2813 Y-1.4959 I-0.0188 J0.0041
X-35.274 Y-1.5074 I0.0094 J-0.0021
G1 X-35.2663 Y-1.509
X-35.2633 Y-1.5097 Z-0.1447
X-35.2604 Y-1.5103 Z-0.1438
X-35.2577 Y-1.5109 Z-0.1423
X-35.2554 Y-1.5114 Z-0.1404
X-35.2535 Y-1.5118 Z-0.138
X-35.252 Y-1.5121 Z-0.1353
X-35.2512 Y-1.5123 Z-0.1323
X-35.2509 Y-1.5124 Z-0.1292
G0 Z0.4
X-35.7765 Y-1.5096
Z0.13
G1 Z0.0658 F40.
G18 G2 X-35.7608 Z0.05 I0.0157 K0.
G1 X-35.7529
G17 G3 X-35.7432 Y-1.5 I0. J0.0096
X-35.7817 Z0.0397 I-0.0193 J0.
X-35.7432 Z0.0294 I0.0193 J0.
X-35.7817 Z0.0191 I-0.0193 J0.
X-35.7432 Z0.0088 I0.0193 J0.
X-35.7817 Z-0.0015 I-0.0193 J0.
X-35.7432 Z-0.0118 I0.0193 J0.
X-35.7817 Z-0.0221 I-0.0193 J0.
X-35.7432 Z-0.0324 I0.0193 J0.
X-35.7817 Z-0.0427 I-0.0193 J0.
X-35.7432 Z-0.053 I0.0193 J0.
X-35.7817 Z-0.0633 I-0.0193 J0.
X-35.7432 Z-0.0736 I0.0193 J0.
X-35.7817 Z-0.0839 I-0.0193 J0.
X-35.7432 Z-0.0942 I0.0193 J0.
X-35.7817 Z-0.1045 I-0.0193 J0.
X-35.7432 Z-0.1148 I0.0193 J0.
X-35.7817 Z-0.1251 I-0.0193 J0.
X-35.7432 Z-0.1354 I0.0193 J0.
X-35.7813 Y-1.4959 Z-0.145 I-0.0193 J0.
X-35.7437 Y-1.5041 I0.0188 J-0.0041
X-35.7813 Y-1.4959 I-0.0188 J0.0041
X-35.774 Y-1.5074 I0.0094 J-0.0021
G1 X-35.7663 Y-1.509
X-35.7633 Y-1.5097 Z-0.1447
X-35.7604 Y-1.5103 Z-0.1438
X-35.7577 Y-1.5109 Z-0.1423
X-35.7554 Y-1.5114 Z-0.1404
X-35.7535 Y-1.5118 Z-0.138
X-35.752 Y-1.5121 Z-0.1353
X-35.7512 Y-1.5123 Z-0.1323
X-35.7509 Y-1.5124 Z-0.1292
G0 Z0.4
X-36.2765 Y-1.5096
Z0.13
G1 Z0.0658 F40.
G18 G2 X-36.2608 Z0.05 I0.0157 K0.
G1 X-36.2529
G17 G3 X-36.2433 Y-1.5 I0. J0.0096
X-36.2818 Z0.0397 I-0.0193 J0.
X-36.2433 Z0.0294 I0.0193 J0.
X-36.2818 Z0.0191 I-0.0193 J0.
X-36.2433 Z0.0088 I0.0193 J0.
X-36.2818 Z-0.0015 I-0.0193 J0.
X-36.2433 Z-0.0118 I0.0193 J0.
X-36.2818 Z-0.0221 I-0.0193 J0.
X-36.2433 Z-0.0324 I0.0193 J0.
X-36.2818 Z-0.0427 I-0.0193 J0.
X-36.2433 Z-0.053 I0.0193 J0.
X-36.2818 Z-0.0633 I-0.0193 J0.
X-36.2433 Z-0.0736 I0.0193 J0.
X-36.2818 Z-0.0839 I-0.0193 J0.
X-36.2433 Z-0.0942 I0.0193 J0.
X-36.2818 Z-0.1045 I-0.0193 J0.
X-36.2433 Z-0.1148 I0.0193 J0.
X-36.2818 Z-0.1251 I-0.0193 J0.
X-36.2433 Z-0.1354 I0.0193 J0.
X-36.2813 Y-1.4959 Z-0.145 I-0.0193 J0.
X-36.2437 Y-1.5041 I0.0188 J-0.0041
X-36.2813 Y-1.4959 I-0.0188 J0.0041
X-36.274 Y-1.5074 I0.0094 J-0.0021
G1 X-36.2663 Y-1.509
X-36.2633 Y-1.5097 Z-0.1447
X-36.2604 Y-1.5103 Z-0.1438
X-36.2577 Y-1.5109 Z-0.1423
X-36.2554 Y-1.5114 Z-0.1404
X-36.2535 Y-1.5118 Z-0.138
X-36.252 Y-1.5121 Z-0.1353
X-36.2512 Y-1.5123 Z-0.1323
X-36.2509 Y-1.5124 Z-0.1292
G0 Z0.4
X-36.7765 Y-1.5096
Z0.13
G1 Z0.0658 F40.
G18 G2 X-36.7607 Z0.05 I0.0158 K0.
G1 X-36.7529
G17 G3 X-36.7433 Y-1.5 I0. J0.0096
X-36.7818 Z0.0397 I-0.0193 J0.
X-36.7433 Z0.0294 I0.0193 J0.
X-36.7818 Z0.0191 I-0.0193 J0.
X-36.7433 Z0.0088 I0.0193 J0.
X-36.7818 Z-0.0015 I-0.0193 J0.
X-36.7433 Z-0.0118 I0.0193 J0.
X-36.7818 Z-0.0221 I-0.0193 J0.
X-36.7433 Z-0.0324 I0.0193 J0.
X-36.7818 Z-0.0427 I-0.0193 J0.
X-36.7433 Z-0.053 I0.0193 J0.
X-36.7818 Z-0.0633 I-0.0193 J0.
X-36.7433 Z-0.0736 I0.0193 J0.
X-36.7818 Z-0.0839 I-0.0193 J0.
X-36.7433 Z-0.0942 I0.0193 J0.
X-36.7818 Z-0.1045 I-0.0193 J0.
X-36.7433 Z-0.1148 I0.0193 J0.
X-36.7818 Z-0.1251 I-0.0193 J0.
X-36.7433 Z-0.1354 I0.0193 J0.
X-36.7813 Y-1.4959 Z-0.145 I-0.0193 J0.
X-36.7437 Y-1.5041 I0.0188 J-0.0041
X-36.7813 Y-1.4959 I-0.0188 J0.0041
X-36.774 Y-1.5074 I0.0094 J-0.0021
G1 X-36.7663 Y-1.509
X-36.7633 Y-1.5097 Z-0.1447
X-36.7604 Y-1.5103 Z-0.1438
X-36.7577 Y-1.5109 Z-0.1423
X-36.7554 Y-1.5114 Z-0.1404
X-36.7535 Y-1.5118 Z-0.138
X-36.752 Y-1.5121 Z-0.1353
X-36.7512 Y-1.5123 Z-0.1323
X-36.7509 Y-1.5124 Z-0.1292
G0 Z0.4
X-37.3279 Y-1.514
Z0.13
G1 Z0.0658 F40.
G19 G3 Y-1.4982 Z0.05 J0.0158 K0.
G1 Y-1.4904
G17 G3 X-37.3375 Y-1.4807 I-0.0096 J0.
Y-1.5192 Z0.0397 I0. J-0.0192
Y-1.4807 Z0.0294 I0. J0.0192
Y-1.5192 Z0.0191 I0. J-0.0192
Y-1.4807 Z0.0088 I0. J0.0192
Y-1.5192 Z-0.0015 I0. J-0.0192
Y-1.4807 Z-0.0118 I0. J0.0192
Y-1.5192 Z-0.0221 I0. J-0.0192
Y-1.4807 Z-0.0324 I0. J0.0192
Y-1.5192 Z-0.0427 I0. J-0.0192
Y-1.4807 Z-0.053 I0. J0.0193
Y-1.5192 Z-0.0633 I0. J-0.0193
Y-1.4807 Z-0.0736 I0. J0.0193
Y-1.5192 Z-0.0839 I0. J-0.0193
Y-1.4807 Z-0.0942 I0. J0.0193
Y-1.5192 Z-0.1045 I0. J-0.0193
Y-1.4807 Z-0.1148 I0. J0.0193
Y-1.5192 Z-0.1251 I0. J-0.0193
Y-1.4807 Z-0.1354 I0. J0.0193
X-37.3416 Y-1.5188 Z-0.145 I0. J-0.0193
X-37.3334 Y-1.4812 I0.0041 J0.0188
X-37.3416 Y-1.5188 I-0.0041 J-0.0188
X-37.3301 Y-1.5115 I0.002 J0.0094
G1 X-37.3285 Y-1.5038
X-37.3278 Y-1.5008 Z-0.1447
X-37.3272 Y-1.4979 Z-0.1438
X-37.3266 Y-1.4952 Z-0.1423
X-37.3261 Y-1.4929 Z-0.1404
X-37.3257 Y-1.491 Z-0.138
X-37.3254 Y-1.4895 Z-0.1353
X-37.3252 Y-1.4887 Z-0.1323
X-37.3251 Y-1.4884 Z-0.1292
G0 Z0.4
X-37.8279 Y-1.514
Z0.13
G1 Z0.0658 F40.
G19 G3 Y-1.4982 Z0.05 J0.0158 K0.
G1 Y-1.4904
G17 G3 X-37.8375 Y-1.4807 I-0.0096 J0.
Y-1.5192 Z0.0397 I0. J-0.0192
Y-1.4807 Z0.0294 I0. J0.0192
Y-1.5192 Z0.0191 I0. J-0.0192
Y-1.4807 Z0.0088 I0. J0.0192
Y-1.5192 Z-0.0015 I0. J-0.0192
Y-1.4807 Z-0.0118 I0. J0.0192
Y-1.5192 Z-0.0221 I0. J-0.0192
Y-1.4807 Z-0.0324 I0. J0.0192
Y-1.5192 Z-0.0427 I0. J-0.0192
Y-1.4807 Z-0.053 I0. J0.0193
Y-1.5192 Z-0.0633 I0. J-0.0193
Y-1.4807 Z-0.0736 I0. J0.0193
Y-1.5192 Z-0.0839 I0. J-0.0193
Y-1.4807 Z-0.0942 I0. J0.0193
Y-1.5192 Z-0.1045 I0. J-0.0193
Y-1.4807 Z-0.1148 I0. J0.0193
Y-1.5192 Z-0.1251 I0. J-0.0193
Y-1.4807 Z-0.1354 I0. J0.0193
X-37.8416 Y-1.5188 Z-0.145 I0. J-0.0193
X-37.8334 Y-1.4812 I0.0041 J0.0188
X-37.8416 Y-1.5188 I-0.0041 J-0.0188
X-37.8301 Y-1.5115 I0.0021 J0.0094
G1 X-37.8285 Y-1.5038
X-37.8278 Y-1.5008 Z-0.1447
X-37.8272 Y-1.4979 Z-0.1438
X-37.8266 Y-1.4952 Z-0.1423
X-37.8261 Y-1.4929 Z-0.1404
X-37.8257 Y-1.491 Z-0.138
X-37.8254 Y-1.4895 Z-0.1353
X-37.8252 Y-1.4887 Z-0.1323
X-37.8251 Y-1.4884 Z-0.1292
G0 Z0.4
X-38.3279 Y-1.514
Z0.13
G1 Z0.0658 F40.
G19 G3 Y-1.4982 Z0.05 J0.0158 K0.
G1 Y-1.4904
G17 G3 X-38.3375 Y-1.4807 I-0.0096 J0.
Y-1.5192 Z0.0397 I0. J-0.0192
Y-1.4807 Z0.0294 I0. J0.0192
Y-1.5192 Z0.0191 I0. J-0.0192
Y-1.4807 Z0.0088 I0. J0.0192
Y-1.5192 Z-0.0015 I0. J-0.0192
Y-1.4807 Z-0.0118 I0. J0.0192
Y-1.5192 Z-0.0221 I0. J-0.0192
Y-1.4807 Z-0.0324 I0. J0.0192
Y-1.5192 Z-0.0427 I0. J-0.0192
Y-1.4807 Z-0.053 I0. J0.0193
Y-1.5192 Z-0.0633 I0. J-0.0193
Y-1.4807 Z-0.0736 I0. J0.0193
Y-1.5192 Z-0.0839 I0. J-0.0193
Y-1.4807 Z-0.0942 I0. J0.0193
Y-1.5192 Z-0.1045 I0. J-0.0193
Y-1.4807 Z-0.1148 I0. J0.0193
Y-1.5192 Z-0.1251 I0. J-0.0193
Y-1.4807 Z-0.1354 I0. J0.0193
X-38.3416 Y-1.5188 Z-0.145 I0. J-0.0193
X-38.3334 Y-1.4812 I0.0041 J0.0188
X-38.3416 Y-1.5188 I-0.0041 J-0.0188
X-38.3301 Y-1.5115 I0.0021 J0.0094
G1 X-38.3285 Y-1.5038
X-38.3278 Y-1.5008 Z-0.1447
X-38.3272 Y-1.4979 Z-0.1438
X-38.3266 Y-1.4952 Z-0.1423
X-38.3261 Y-1.4929 Z-0.1404
X-38.3257 Y-1.491 Z-0.138
X-38.3254 Y-1.4895 Z-0.1353
X-38.3252 Y-1.4887 Z-0.1323
X-38.3251 Y-1.4884 Z-0.1292
G0 Z0.4
X-38.8279 Y-1.514
Z0.13
G1 Z0.0658 F40.
G19 G3 Y-1.4982 Z0.05 J0.0158 K0.
G1 Y-1.4904
G17 G3 X-38.8375 Y-1.4807 I-0.0096 J0.
Y-1.5192 Z0.0397 I0. J-0.0192
Y-1.4807 Z0.0294 I0. J0.0192
Y-1.5192 Z0.0191 I0. J-0.0193
Y-1.4807 Z0.0088 I0. J0.0193
Y-1.5193 Z-0.0015 I0. J-0.0193
Y-1.4807 Z-0.0118 I0. J0.0193
Y-1.5193 Z-0.0221 I0. J-0.0193
Y-1.4807 Z-0.0324 I0. J0.0193
Y-1.5193 Z-0.0427 I0. J-0.0193
Y-1.4807 Z-0.053 I0. J0.0193
Y-1.5193 Z-0.0633 I0. J-0.0193
Y-1.4807 Z-0.0736 I0. J0.0193
Y-1.5193 Z-0.0839 I0. J-0.0193
Y-1.4807 Z-0.0942 I0. J0.0193
Y-1.5193 Z-0.1045 I0. J-0.0193
Y-1.4807 Z-0.1148 I0. J0.0193
Y-1.5193 Z-0.1251 I0. J-0.0193
Y-1.4807 Z-0.1354 I0. J0.0193
X-38.8416 Y-1.5188 Z-0.145 I0. J-0.0193
X-38.8334 Y-1.4812 I0.0041 J0.0188
X-38.8416 Y-1.5188 I-0.0041 J-0.0188
X-38.8301 Y-1.5115 I0.0021 J0.0094
G1 X-38.8285 Y-1.5038
X-38.8278 Y-1.5008 Z-0.1447
X-38.8272 Y-1.4979 Z-0.1438
X-38.8266 Y-1.4952 Z-0.1423
X-38.8261 Y-1.4929 Z-0.1404
X-38.8257 Y-1.491 Z-0.138
X-38.8254 Y-1.4895 Z-0.1353
X-38.8252 Y-1.4887 Z-0.1323
X-38.8251 Y-1.4884 Z-0.1292
G0 Z0.4
X-39.3279 Y-1.514
Z0.13
G1 Z0.0658 F40.
G19 G3 Y-1.4982 Z0.05 J0.0158 K0.
G1 Y-1.4904
G17 G3 X-39.3375 Y-1.4807 I-0.0096 J0.
Y-1.5192 Z0.0397 I0. J-0.0192
Y-1.4807 Z0.0294 I0. J0.0192
Y-1.5192 Z0.0191 I0. J-0.0192
Y-1.4807 Z0.0088 I0. J0.0192
Y-1.5192 Z-0.0015 I0. J-0.0192
Y-1.4807 Z-0.0118 I0. J0.0192
Y-1.5192 Z-0.0221 I0. J-0.0192
Y-1.4807 Z-0.0324 I0. J0.0192
Y-1.5192 Z-0.0427 I0. J-0.0192
Y-1.4807 Z-0.053 I0. J0.0193
Y-1.5192 Z-0.0633 I0. J-0.0193
Y-1.4807 Z-0.0736 I0. J0.0193
Y-1.5192 Z-0.0839 I0. J-0.0193
Y-1.4807 Z-0.0942 I0. J0.0193
Y-1.5192 Z-0.1045 I0. J-0.0193
Y-1.4807 Z-0.1148 I0. J0.0193
Y-1.5192 Z-0.1251 I0. J-0.0193
Y-1.4807 Z-0.1354 I0. J0.0193
X-39.3416 Y-1.5188 Z-0.145 I0. J-0.0193
X-39.3334 Y-1.4812 I0.0041 J0.0188
X-39.3416 Y-1.5188 I-0.0041 J-0.0188
X-39.3301 Y-1.5115 I0.002 J0.0094
G1 X-39.3285 Y-1.5038
X-39.3278 Y-1.5008 Z-0.1447
X-39.3272 Y-1.4979 Z-0.1438
X-39.3266 Y-1.4952 Z-0.1423
X-39.3261 Y-1.4929 Z-0.1404
X-39.3257 Y-1.491 Z-0.138
X-39.3254 Y-1.4895 Z-0.1353
X-39.3252 Y-1.4887 Z-0.1323
X-39.3251 Y-1.4884 Z-0.1292
G0 Z0.4
X-39.8279 Y-1.514
Z0.13
G1 Z0.0658 F40.
G19 G3 Y-1.4982 Z0.05 J0.0158 K0.
G1 Y-1.4904
G17 G3 X-39.8375 Y-1.4807 I-0.0096 J0.
Y-1.5192 Z0.0397 I0. J-0.0192
Y-1.4807 Z0.0294 I0. J0.0192
Y-1.5192 Z0.0191 I0. J-0.0192
Y-1.4807 Z0.0088 I0. J0.0192
Y-1.5192 Z-0.0015 I0. J-0.0192
Y-1.4807 Z-0.0118 I0. J0.0192
Y-1.5192 Z-0.0221 I0. J-0.0192
Y-1.4807 Z-0.0324 I0. J0.0192
Y-1.5192 Z-0.0427 I0. J-0.0192
Y-1.4807 Z-0.053 I0. J0.0193
Y-1.5192 Z-0.0633 I0. J-0.0193
Y-1.4807 Z-0.0736 I0. J0.0193
Y-1.5192 Z-0.0839 I0. J-0.0193
Y-1.4807 Z-0.0942 I0. J0.0193
Y-1.5192 Z-0.1045 I0. J-0.0193
Y-1.4807 Z-0.1148 I0. J0.0193
Y-1.5192 Z-0.1251 I0. J-0.0193
Y-1.4807 Z-0.1354 I0. J0.0193
X-39.8416 Y-1.5188 Z-0.145 I0. J-0.0193
X-39.8334 Y-1.4812 I0.0041 J0.0188
X-39.8416 Y-1.5188 I-0.0041 J-0.0188
X-39.8301 Y-1.5115 I0.002 J0.0094
G1 X-39.8285 Y-1.5038
X-39.8278 Y-1.5008 Z-0.1447
X-39.8272 Y-1.4979 Z-0.1438
X-39.8266 Y-1.4952 Z-0.1423
X-39.8261 Y-1.4929 Z-0.1404
X-39.8257 Y-1.491 Z-0.138
X-39.8254 Y-1.4895 Z-0.1353
X-39.8252 Y-1.4887 Z-0.1323
X-39.8251 Y-1.4884 Z-0.1292
G0 Z0.4
X-40.3279 Y-1.514
Z0.13
G1 Z0.0658 F40.
G19 G3 Y-1.4982 Z0.05 J0.0158 K0.
G1 Y-1.4904
G17 G3 X-40.3375 Y-1.4807 I-0.0096 J0.
Y-1.5192 Z0.0397 I0. J-0.0192
Y-1.4808 Z0.0294 I0. J0.0192
X-40.3427 Y-1.5185 Z0.02 I0. J-0.0192
X-40.3323 Y-1.4815 Z0.0097 I0.0052 J0.0185
X-40.3427 Y-1.5185 Z-0.0006 I-0.0052 J-0.0185
X-40.3274 Y-1.4836 Z-0.01 I0.0052 J0.0185
X-40.3476 Y-1.5164 Z-0.0203 I-0.0101 J-0.0164
X-40.3226 Y-1.5122 Z-0.025 I0.0101 J0.0164
X-40.3524 Y-1.4878 Z-0.0353 I-0.0149 J0.0122
X-40.3226 Y-1.5122 Z-0.0456 I0.0149 J-0.0122
X-40.3485 Y-1.4842 Z-0.055 I-0.0149 J0.0122
X-40.3265 Y-1.5158 Z-0.0653 I0.011 J-0.0158
X-40.3204 Y-1.4912 Z-0.07 I-0.011 J0.0158
X-40.3546 Y-1.5088 Z-0.0803 I-0.0171 J-0.0088
X-40.3312 Y-1.5182 Z-0.085 I0.0171 J0.0088
X-40.3438 Y-1.4818 Z-0.0953 I-0.0063 J0.0182
X-40.3312 Y-1.5182 Z-0.1056 I0.0063 J-0.0182
X-40.3438 Y-1.4818 Z-0.1159 I-0.0063 J0.0182
X-40.3312 Y-1.5182 Z-0.1262 I0.0063 J-0.0182
X-40.3183 Y-1.5015 Z-0.13 I-0.0063 J0.0182
X-40.3567 Y-1.4985 Z-0.1403 I-0.0192 J0.0015
X-40.3416 Y-1.5188 Z-0.145 I0.0192 J-0.0015
X-40.3334 Y-1.4812 I0.0041 J0.0188
X-40.3416 Y-1.5188 I-0.0041 J-0.0188
X-40.3301 Y-1.5115 I0.002 J0.0094
G1 X-40.3285 Y-1.5038
X-40.3278 Y-1.5008 Z-0.1447
X-40.3272 Y-1.4979 Z-0.1438
X-40.3266 Y-1.4952 Z-0.1423
X-40.3261 Y-1.4929 Z-0.1404
X-40.3257 Y-1.491 Z-0.138
X-40.3254 Y-1.4895 Z-0.1353
X-40.3252 Y-1.4887 Z-0.1323
X-40.3251 Y-1.4884 Z-0.1292
G0 Z0.4
X-40.8279 Y-1.514
Z0.13
G1 Z0.0658 F40.
G19 G3 Y-1.4982 Z0.05 J0.0158 K0.
G1 Y-1.4904
G17 G3 X-40.8375 Y-1.4807 I-0.0096 J0.
Y-1.5193 Z0.0397 I0. J-0.0192
Y-1.4807 Z0.0294 I0. J0.0193
X-40.8427 Y-1.5185 Z0.02 I0. J-0.0193
X-40.8323 Y-1.4815 Z0.0097 I0.0052 J0.0185
X-40.8551 Y-1.4923 Z0.005 I-0.0052 J-0.0185
X-40.8199 Y-1.5077 Z-0.0053 I0.0176 J-0.0077
X-40.8274 Y-1.4836 Z-0.01 I-0.0176 J0.0077
X-40.8475 Y-1.5164 Z-0.0203 I-0.01 J-0.0164
X-40.8226 Y-1.5122 Z-0.025 I0.01 J0.0164
X-40.8524 Y-1.4878 Z-0.0353 I-0.0149 J0.0122
X-40.8226 Y-1.5122 Z-0.0456 I0.0149 J-0.0122
X-40.8485 Y-1.4842 Z-0.055 I-0.0149 J0.0122
X-40.8265 Y-1.5158 Z-0.0653 I0.011 J-0.0158
X-40.8204 Y-1.4912 Z-0.07 I-0.011 J0.0158
X-40.8546 Y-1.5088 Z-0.0803 I-0.0171 J-0.0088
X-40.8312 Y-1.5182 Z-0.085 I0.0171 J0.0088
X-40.8438 Y-1.4818 Z-0.0953 I-0.0063 J0.0182
X-40.8312 Y-1.5182 Z-0.1056 I0.0063 J-0.0182
X-40.8438 Y-1.4818 Z-0.1159 I-0.0063 J0.0182
X-40.8312 Y-1.5182 Z-0.1262 I0.0063 J-0.0182
X-40.8183 Y-1.5015 Z-0.13 I-0.0063 J0.0182
X-40.8567 Y-1.4985 Z-0.1403 I-0.0192 J0.0015
X-40.8416 Y-1.5188 Z-0.145 I0.0192 J-0.0015
X-40.8334 Y-1.4812 I0.0041 J0.0188
X-40.8416 Y-1.5188 I-0.0041 J-0.0188
X-40.8301 Y-1.5115 I0.0021 J0.0094
G1 X-40.8285 Y-1.5038
X-40.8278 Y-1.5008 Z-0.1447
X-40.8272 Y-1.4979 Z-0.1438
X-40.8266 Y-1.4952 Z-0.1423
X-40.8261 Y-1.4929 Z-0.1404
X-40.8257 Y-1.491 Z-0.138
X-40.8254 Y-1.4895 Z-0.1353
X-40.8252 Y-1.4887 Z-0.1323
X-40.8251 Y-1.4884 Z-0.1292
G0 Z0.4
X-41.3279 Y-1.514
Z0.13
G1 Z0.0658 F40.
G19 G3 Y-1.4982 Z0.05 J0.0158 K0.
G1 Y-1.4904
G17 G3 X-41.3375 Y-1.4807 I-0.0096 J0.
Y-1.5192 Z0.0397 I0. J-0.0192
Y-1.4808 Z0.0294 I0. J0.0192
X-41.3427 Y-1.5185 Z0.02 I0. J-0.0192
X-41.3323 Y-1.4815 Z0.0097 I0.0052 J0.0185
X-41.3427 Y-1.5185 Z-0.0006 I-0.0052 J-0.0185
X-41.3274 Y-1.4836 Z-0.01 I0.0052 J0.0185
X-41.3476 Y-1.5164 Z-0.0203 I-0.0101 J-0.0164
X-41.3226 Y-1.5122 Z-0.025 I0.0101 J0.0164
X-41.3524 Y-1.4878 Z-0.0353 I-0.0149 J0.0122
X-41.3516 Y-1.5131 Z-0.04 I0.0149 J-0.0122
X-41.3234 Y-1.4869 Z-0.0503 I0.0141 J0.0131
X-41.3485 Y-1.4842 Z-0.055 I-0.0141 J-0.0131
X-41.3265 Y-1.5158 Z-0.0653 I0.011 J-0.0158
X-41.3204 Y-1.4912 Z-0.07 I-0.011 J0.0158
X-41.3546 Y-1.5088 Z-0.0803 I-0.0171 J-0.0088
X-41.3312 Y-1.5182 Z-0.085 I0.0171 J0.0088
X-41.3438 Y-1.4818 Z-0.0953 I-0.0063 J0.0182
X-41.3312 Y-1.5182 Z-0.1056 I0.0063 J-0.0182
X-41.3438 Y-1.4818 Z-0.1159 I-0.0063 J0.0182
X-41.3312 Y-1.5182 Z-0.1262 I0.0063 J-0.0182
X-41.3183 Y-1.5015 Z-0.13 I-0.0063 J0.0182
X-41.3567 Y-1.4985 Z-0.1403 I-0.0192 J0.0015
X-41.3416 Y-1.5188 Z-0.145 I0.0192 J-0.0015
X-41.3334 Y-1.4812 I0.0041 J0.0188
X-41.3416 Y-1.5188 I-0.0041 J-0.0188
X-41.3301 Y-1.5115 I0.002 J0.0094
G1 X-41.3285 Y-1.5038
X-41.3278 Y-1.5008 Z-0.1447
X-41.3272 Y-1.4979 Z-0.1438
X-41.3266 Y-1.4952 Z-0.1423
X-41.3261 Y-1.4929 Z-0.1404
X-41.3257 Y-1.491 Z-0.138
X-41.3254 Y-1.4895 Z-0.1353
X-41.3252 Y-1.4887 Z-0.1323
X-41.3251 Y-1.4884 Z-0.1292
G0 Z0.4
X-41.8279 Y-1.514
Z0.13
G1 Z0.0658 F40.
G19 G3 Y-1.4982 Z0.05 J0.0158 K0.
G1 Y-1.4904
G17 G3 X-41.8375 Y-1.4807 I-0.0096 J0.
Y-1.5193 Z0.0397 I0. J-0.0192
X-41.8184 Y-1.5026 Z0.035 I0. J0.0193
X-41.8566 Y-1.4974 Z0.0247 I-0.0191 J0.0026
X-41.8427 Y-1.5185 Z0.02 I0.0191 J-0.0026
X-41.8323 Y-1.4815 Z0.0097 I0.0052 J0.0185
X-41.8427 Y-1.5185 Z-0.0006 I-0.0052 J-0.0185
X-41.8275 Y-1.4836 Z-0.01 I0.0052 J0.0185
X-41.8475 Y-1.5164 Z-0.0203 I-0.01 J-0.0164
X-41.8226 Y-1.5122 Z-0.025 I0.01 J0.0164
X-41.8524 Y-1.4878 Z-0.0353 I-0.0149 J0.0122
X-41.8226 Y-1.5122 Z-0.0456 I0.0149 J-0.0122
X-41.8485 Y-1.4842 Z-0.055 I-0.0149 J0.0122
X-41.8265 Y-1.5158 Z-0.0653 I0.011 J-0.0158
X-41.8204 Y-1.4912 Z-0.07 I-0.011 J0.0158
X-41.8546 Y-1.5088 Z-0.0803 I-0.0171 J-0.0088
X-41.8312 Y-1.5182 Z-0.085 I0.0171 J0.0088
X-41.8438 Y-1.4818 Z-0.0953 I-0.0063 J0.0182
X-41.8312 Y-1.5182 Z-0.1056 I0.0063 J-0.0182
X-41.8438 Y-1.4818 Z-0.1159 I-0.0063 J0.0182
X-41.8312 Y-1.5182 Z-0.1262 I0.0063 J-0.0182
X-41.8183 Y-1.5015 Z-0.13 I-0.0063 J0.0182
X-41.8567 Y-1.4985 Z-0.1403 I-0.0192 J0.0015
X-41.8416 Y-1.5188 Z-0.145 I0.0192 J-0.0015
X-41.8334 Y-1.4812 I0.0041 J0.0188
X-41.8416 Y-1.5188 I-0.0041 J-0.0188
X-41.8301 Y-1.5115 I0.0021 J0.0094
G1 X-41.8285 Y-1.5038
X-41.8278 Y-1.5008 Z-0.1447
X-41.8272 Y-1.4979 Z-0.1438
X-41.8266 Y-1.4952 Z-0.1423
X-41.8261 Y-1.4929 Z-0.1404
X-41.8257 Y-1.491 Z-0.138
X-41.8254 Y-1.4895 Z-0.1353
X-41.8252 Y-1.4887 Z-0.1323
X-41.8251 Y-1.4884 Z-0.1292
G0 Z0.4
X-42.3279 Y-1.514
Z0.13
G1 Z0.0658 F40.
G19 G3 Y-1.4982 Z0.05 J0.0158 K0.
G1 Y-1.4904
G17 G3 X-42.3375 Y-1.4807 I-0.0096 J0.
Y-1.5192 Z0.0397 I0. J-0.0192
Y-1.4808 Z0.0294 I0. J0.0192
X-42.3427 Y-1.5185 Z0.02 I0. J-0.0192
X-42.3323 Y-1.4815 Z0.0097 I0.0052 J0.0185
X-42.3427 Y-1.5185 Z-0.0006 I-0.0052 J-0.0185
X-42.3274 Y-1.4836 Z-0.01 I0.0052 J0.0185
X-42.3476 Y-1.5164 Z-0.0203 I-0.0101 J-0.0164
X-42.3226 Y-1.5122 Z-0.025 I0.0101 J0.0164
X-42.3524 Y-1.4878 Z-0.0353 I-0.0149 J0.0122
X-42.3516 Y-1.5131 Z-0.04 I0.0149 J-0.0122
X-42.3234 Y-1.4869 Z-0.0503 I0.0141 J0.0131
X-42.3485 Y-1.4842 Z-0.055 I-0.0141 J-0.0131
X-42.3265 Y-1.5158 Z-0.0653 I0.011 J-0.0158
X-42.3204 Y-1.4912 Z-0.07 I-0.011 J0.0158
X-42.3546 Y-1.5088 Z-0.0803 I-0.0171 J-0.0088
X-42.3312 Y-1.5182 Z-0.085 I0.0171 J0.0088
X-42.3438 Y-1.4818 Z-0.0953 I-0.0063 J0.0182
X-42.3312 Y-1.5182 Z-0.1056 I0.0063 J-0.0182
X-42.3438 Y-1.4818 Z-0.1159 I-0.0063 J0.0182
X-42.3312 Y-1.5182 Z-0.1262 I0.0063 J-0.0182
X-42.3183 Y-1.5015 Z-0.13 I-0.0063 J0.0182
X-42.3567 Y-1.4985 Z-0.1403 I-0.0192 J0.0015
X-42.3416 Y-1.5188 Z-0.145 I0.0192 J-0.0015
X-42.3334 Y-1.4812 I0.0041 J0.0188
X-42.3416 Y-1.5188 I-0.0041 J-0.0188
X-42.3301 Y-1.5115 I0.0021 J0.0094
G1 X-42.3285 Y-1.5038
X-42.3278 Y-1.5008 Z-0.1447
X-42.3272 Y-1.4979 Z-0.1438
X-42.3266 Y-1.4952 Z-0.1423
X-42.3261 Y-1.4929 Z-0.1404
X-42.3257 Y-1.491 Z-0.138
X-42.3254 Y-1.4895 Z-0.1353
X-42.3252 Y-1.4887 Z-0.1323
X-42.3251 Y-1.4884 Z-0.1292
G0 Z0.4
X-42.8279 Y-1.514
Z0.13
G1 Z0.0658 F40.
G19 G3 Y-1.4982 Z0.05 J0.0158 K0.
G1 Y-1.4904
G17 G3 X-42.8375 Y-1.4807 I-0.0096 J0.
Y-1.5192 Z0.0397 I0. J-0.0192
Y-1.4808 Z0.0294 I0. J0.0192
X-42.8427 Y-1.5185 Z0.02 I0. J-0.0192
X-42.8323 Y-1.4815 Z0.0097 I0.0052 J0.0185
X-42.8427 Y-1.5185 Z-0.0006 I-0.0052 J-0.0185
X-42.8274 Y-1.4836 Z-0.01 I0.0052 J0.0185
X-42.8476 Y-1.5164 Z-0.0203 I-0.0101 J-0.0164
X-42.8226 Y-1.5122 Z-0.025 I0.0101 J0.0164
X-42.8524 Y-1.4878 Z-0.0353 I-0.0149 J0.0122
X-42.8226 Y-1.5122 Z-0.0456 I0.0149 J-0.0122
X-42.8485 Y-1.4842 Z-0.055 I-0.0149 J0.0122
X-42.8265 Y-1.5158 Z-0.0653 I0.011 J-0.0158
X-42.8204 Y-1.4912 Z-0.07 I-0.011 J0.0158
X-42.8546 Y-1.5088 Z-0.0803 I-0.0171 J-0.0088
X-42.8312 Y-1.5182 Z-0.085 I0.0171 J0.0088
X-42.8438 Y-1.4818 Z-0.0953 I-0.0063 J0.0182
X-42.8312 Y-1.5182 Z-0.1056 I0.0063 J-0.0182
X-42.8438 Y-1.4818 Z-0.1159 I-0.0063 J0.0182
X-42.8312 Y-1.5182 Z-0.1262 I0.0063 J-0.0182
X-42.8183 Y-1.5015 Z-0.13 I-0.0063 J0.0182
X-42.8567 Y-1.4985 Z-0.1403 I-0.0192 J0.0015
X-42.8416 Y-1.5188 Z-0.145 I0.0192 J-0.0015
X-42.8334 Y-1.4812 I0.0041 J0.0188
X-42.8416 Y-1.5188 I-0.0041 J-0.0188
X-42.8301 Y-1.5115 I0.002 J0.0094
G1 X-42.8285 Y-1.5038
X-42.8278 Y-1.5008 Z-0.1447
X-42.8272 Y-1.4979 Z-0.1438
X-42.8266 Y-1.4952 Z-0.1423
X-42.8261 Y-1.4929 Z-0.1404
X-42.8257 Y-1.491 Z-0.138
X-42.8254 Y-1.4895 Z-0.1353
X-42.8252 Y-1.4887 Z-0.1323
X-42.8251 Y-1.4884 Z-0.1292
G0 Z0.4
X-43.3279 Y-1.514
Z0.13
G1 Z0.0658 F40.
G19 G3 Y-1.4982 Z0.05 J0.0158 K0.
G1 Y-1.4904
G17 G3 X-43.3375 Y-1.4807 I-0.0096 J0.
Y-1.5193 Z0.0397 I0. J-0.0192
Y-1.4807 Z0.0294 I0. J0.0193
X-43.3427 Y-1.5185 Z0.02 I0. J-0.0193
X-43.3323 Y-1.4815 Z0.0097 I0.0052 J0.0185
X-43.3551 Y-1.4923 Z0.005 I-0.0052 J-0.0185
X-43.3199 Y-1.5077 Z-0.0053 I0.0176 J-0.0077
X-43.3274 Y-1.4836 Z-0.01 I-0.0176 J0.0077
X-43.3475 Y-1.5164 Z-0.0203 I-0.01 J-0.0164
X-43.3226 Y-1.5122 Z-0.025 I0.01 J0.0164
X-43.3524 Y-1.4878 Z-0.0353 I-0.0149 J0.0122
X-43.3226 Y-1.5122 Z-0.0456 I0.0149 J-0.0122
X-43.3485 Y-1.4842 Z-0.055 I-0.0149 J0.0122
X-43.3265 Y-1.5158 Z-0.0653 I0.011 J-0.0158
X-43.3204 Y-1.4912 Z-0.07 I-0.011 J0.0158
X-43.3546 Y-1.5088 Z-0.0803 I-0.0171 J-0.0088
X-43.3312 Y-1.5182 Z-0.085 I0.0171 J0.0088
X-43.3438 Y-1.4818 Z-0.0953 I-0.0063 J0.0182
X-43.3312 Y-1.5182 Z-0.1056 I0.0063 J-0.0182
X-43.3438 Y-1.4818 Z-0.1159 I-0.0063 J0.0182
X-43.3312 Y-1.5182 Z-0.1262 I0.0063 J-0.0182
X-43.3183 Y-1.5015 Z-0.13 I-0.0063 J0.0182
X-43.3567 Y-1.4985 Z-0.1403 I-0.0192 J0.0015
X-43.3416 Y-1.5188 Z-0.145 I0.0192 J-0.0015
X-43.3334 Y-1.4812 I0.0041 J0.0188
X-43.3416 Y-1.5188 I-0.0041 J-0.0188
X-43.3301 Y-1.5115 I0.0021 J0.0094
G1 X-43.3285 Y-1.5038
X-43.3278 Y-1.5008 Z-0.1447
X-43.3272 Y-1.4979 Z-0.1438
X-43.3266 Y-1.4952 Z-0.1423
X-43.3261 Y-1.4929 Z-0.1404
X-43.3257 Y-1.491 Z-0.138
X-43.3254 Y-1.4895 Z-0.1353
X-43.3252 Y-1.4887 Z-0.1323
X-43.3251 Y-1.4884 Z-0.1292
G0 Z0.4
X-43.8279 Y-1.514
Z0.13
G1 Z0.0658 F40.
G19 G3 Y-1.4982 Z0.05 J0.0158 K0.
G1 Y-1.4904
G17 G3 X-43.8375 Y-1.4807 I-0.0096 J0.
Y-1.5192 Z0.0397 I0. J-0.0192
Y-1.4808 Z0.0294 I0. J0.0192
X-43.8427 Y-1.5185 Z0.02 I0. J-0.0192
X-43.8323 Y-1.4815 Z0.0097 I0.0052 J0.0185
X-43.8427 Y-1.5185 Z-0.0006 I-0.0052 J-0.0185
X-43.8274 Y-1.4836 Z-0.01 I0.0052 J0.0185
X-43.8476 Y-1.5164 Z-0.0203 I-0.0101 J-0.0164
X-43.8226 Y-1.5122 Z-0.025 I0.0101 J0.0164
X-43.8524 Y-1.4878 Z-0.0353 I-0.0149 J0.0122
X-43.8516 Y-1.5131 Z-0.04 I0.0149 J-0.0122
X-43.8234 Y-1.4869 Z-0.0503 I0.0141 J0.0131
X-43.8485 Y-1.4842 Z-0.055 I-0.0141 J-0.0131
X-43.8265 Y-1.5158 Z-0.0653 I0.011 J-0.0158
X-43.8204 Y-1.4912 Z-0.07 I-0.011 J0.0158
X-43.8546 Y-1.5088 Z-0.0803 I-0.0171 J-0.0088
X-43.8312 Y-1.5182 Z-0.085 I0.0171 J0.0088
X-43.8438 Y-1.4818 Z-0.0953 I-0.0063 J0.0182
X-43.8312 Y-1.5182 Z-0.1056 I0.0063 J-0.0182
X-43.8438 Y-1.4818 Z-0.1159 I-0.0063 J0.0182
X-43.8312 Y-1.5182 Z-0.1262 I0.0063 J-0.0182
X-43.8183 Y-1.5015 Z-0.13 I-0.0063 J0.0182
X-43.8567 Y-1.4985 Z-0.1403 I-0.0192 J0.0015
X-43.8416 Y-1.5188 Z-0.145 I0.0192 J-0.0015
X-43.8334 Y-1.4812 I0.0041 J0.0188
X-43.8416 Y-1.5188 I-0.0041 J-0.0188
X-43.8301 Y-1.5115 I0.002 J0.0094
G1 X-43.8285 Y-1.5038
X-43.8278 Y-1.5008 Z-0.1447
X-43.8272 Y-1.4979 Z-0.1438
X-43.8266 Y-1.4952 Z-0.1423
X-43.8261 Y-1.4929 Z-0.1404
X-43.8257 Y-1.491 Z-0.138
X-43.8254 Y-1.4895 Z-0.1353
X-43.8252 Y-1.4887 Z-0.1323
X-43.8251 Y-1.4884 Z-0.1292
G0 Z0.4
X-44.3279 Y-1.514
Z0.13
G1 Z0.0658 F40.
G19 G3 Y-1.4982 Z0.05 J0.0158 K0.
G1 Y-1.4904
G17 G3 X-44.3375 Y-1.4807 I-0.0096 J0.
Y-1.5193 Z0.0397 I0. J-0.0192
X-44.3184 Y-1.5026 Z0.035 I0. J0.0193
X-44.3566 Y-1.4974 Z0.0247 I-0.0191 J0.0026
X-44.3427 Y-1.5185 Z0.02 I0.0191 J-0.0026
X-44.3323 Y-1.4815 Z0.0097 I0.0052 J0.0185
X-44.3427 Y-1.5185 Z-0.0006 I-0.0052 J-0.0185
X-44.3275 Y-1.4836 Z-0.01 I0.0052 J0.0185
X-44.3475 Y-1.5164 Z-0.0203 I-0.01 J-0.0164
X-44.3226 Y-1.5122 Z-0.025 I0.01 J0.0164
X-44.3524 Y-1.4878 Z-0.0353 I-0.0149 J0.0122
X-44.3226 Y-1.5122 Z-0.0456 I0.0149 J-0.0122
X-44.3485 Y-1.4842 Z-0.055 I-0.0149 J0.0122
X-44.3265 Y-1.5158 Z-0.0653 I0.011 J-0.0158
X-44.3204 Y-1.4912 Z-0.07 I-0.011 J0.0158
X-44.3546 Y-1.5088 Z-0.0803 I-0.0171 J-0.0088
X-44.3312 Y-1.5182 Z-0.085 I0.0171 J0.0088
X-44.3438 Y-1.4818 Z-0.0953 I-0.0063 J0.0182
X-44.3312 Y-1.5182 Z-0.1056 I0.0063 J-0.0182
X-44.3438 Y-1.4818 Z-0.1159 I-0.0063 J0.0182
X-44.3312 Y-1.5182 Z-0.1262 I0.0063 J-0.0182
X-44.3183 Y-1.5015 Z-0.13 I-0.0063 J0.0182
X-44.3567 Y-1.4985 Z-0.1403 I-0.0192 J0.0015
X-44.3416 Y-1.5188 Z-0.145 I0.0192 J-0.0015
X-44.3334 Y-1.4812 I0.0041 J0.0188
X-44.3416 Y-1.5188 I-0.0041 J-0.0188
X-44.3301 Y-1.5115 I0.0021 J0.0094
G1 X-44.3285 Y-1.5038
X-44.3278 Y-1.5008 Z-0.1447
X-44.3272 Y-1.4979 Z-0.1438
X-44.3266 Y-1.4952 Z-0.1423
X-44.3261 Y-1.4929 Z-0.1404
X-44.3257 Y-1.491 Z-0.138
X-44.3254 Y-1.4895 Z-0.1353
X-44.3252 Y-1.4887 Z-0.1323
X-44.3251 Y-1.4884 Z-0.1292
G0 Z0.4
X-44.8279 Y-1.514
Z0.13
G1 Z0.0658 F40.
G19 G3 Y-1.4982 Z0.05 J0.0158 K0.
G1 Y-1.4904
G17 G3 X-44.8375 Y-1.4807 I-0.0096 J0.
Y-1.5192 Z0.0397 I0. J-0.0192
Y-1.4808 Z0.0294 I0. J0.0192
X-44.8427 Y-1.5185 Z0.02 I0. J-0.0192
X-44.8323 Y-1.4815 Z0.0097 I0.0052 J0.0185
X-44.8427 Y-1.5185 Z-0.0006 I-0.0052 J-0.0185
X-44.8274 Y-1.4836 Z-0.01 I0.0052 J0.0185
X-44.8476 Y-1.5164 Z-0.0203 I-0.0101 J-0.0164
X-44.8226 Y-1.5122 Z-0.025 I0.0101 J0.0164
X-44.8524 Y-1.4878 Z-0.0353 I-0.0149 J0.0122
X-44.8516 Y-1.5131 Z-0.04 I0.0149 J-0.0122
X-44.8234 Y-1.4869 Z-0.0503 I0.0141 J0.0131
X-44.8485 Y-1.4842 Z-0.055 I-0.0141 J-0.0131
X-44.8265 Y-1.5158 Z-0.0653 I0.011 J-0.0158
X-44.8204 Y-1.4912 Z-0.07 I-0.011 J0.0158
X-44.8546 Y-1.5088 Z-0.0803 I-0.0171 J-0.0088
X-44.8312 Y-1.5182 Z-0.085 I0.0171 J0.0088
X-44.8438 Y-1.4818 Z-0.0953 I-0.0063 J0.0182
X-44.8312 Y-1.5182 Z-0.1056 I0.0063 J-0.0182
X-44.8438 Y-1.4818 Z-0.1159 I-0.0063 J0.0182
X-44.8312 Y-1.5182 Z-0.1262 I0.0063 J-0.0182
X-44.8183 Y-1.5015 Z-0.13 I-0.0063 J0.0182
X-44.8567 Y-1.4985 Z-0.1403 I-0.0192 J0.0015
X-44.8416 Y-1.5188 Z-0.145 I0.0192 J-0.0015
X-44.8334 Y-1.4812 I0.0041 J0.0188
X-44.8416 Y-1.5188 I-0.0041 J-0.0188
X-44.8301 Y-1.5115 I0.0021 J0.0094
G1 X-44.8285 Y-1.5038
X-44.8278 Y-1.5008 Z-0.1447
X-44.8272 Y-1.4979 Z-0.1438
X-44.8266 Y-1.4952 Z-0.1423
X-44.8261 Y-1.4929 Z-0.1404
X-44.8257 Y-1.491 Z-0.138
X-44.8254 Y-1.4895 Z-0.1353
X-44.8252 Y-1.4887 Z-0.1323
X-44.8251 Y-1.4884 Z-0.1292
G0 Z0.4
X-45.3279 Y-1.514
Z0.13
G1 Z0.0658 F40.
G19 G3 Y-1.4982 Z0.05 J0.0158 K0.
G1 Y-1.4904
G17 G3 X-45.3375 Y-1.4807 I-0.0096 J0.
Y-1.5192 Z0.0397 I0. J-0.0192
Y-1.4808 Z0.0294 I0. J0.0192
X-45.3427 Y-1.5185 Z0.02 I0. J-0.0192
X-45.3323 Y-1.4815 Z0.0097 I0.0052 J0.0185
X-45.3427 Y-1.5185 Z-0.0006 I-0.0052 J-0.0185
X-45.3274 Y-1.4836 Z-0.01 I0.0052 J0.0185
X-45.3476 Y-1.5164 Z-0.0203 I-0.0101 J-0.0164
X-45.3226 Y-1.5122 Z-0.025 I0.0101 J0.0164
X-45.3524 Y-1.4878 Z-0.0353 I-0.0149 J0.0122
X-45.3226 Y-1.5122 Z-0.0456 I0.0149 J-0.0122
X-45.3485 Y-1.4842 Z-0.055 I-0.0149 J0.0122
X-45.3265 Y-1.5158 Z-0.0653 I0.011 J-0.0158
X-45.3204 Y-1.4912 Z-0.07 I-0.011 J0.0158
X-45.3546 Y-1.5088 Z-0.0803 I-0.0171 J-0.0088
X-45.3312 Y-1.5182 Z-0.085 I0.0171 J0.0088
X-45.3438 Y-1.4818 Z-0.0953 I-0.0063 J0.0182
X-45.3312 Y-1.5182 Z-0.1056 I0.0063 J-0.0182
X-45.3438 Y-1.4818 Z-0.1159 I-0.0063 J0.0182
X-45.3312 Y-1.5182 Z-0.1262 I0.0063 J-0.0182
X-45.3183 Y-1.5015 Z-0.13 I-0.0063 J0.0182
X-45.3567 Y-1.4985 Z-0.1403 I-0.0192 J0.0015
X-45.3416 Y-1.5188 Z-0.145 I0.0192 J-0.0015
X-45.3334 Y-1.4812 I0.0041 J0.0188
X-45.3416 Y-1.5188 I-0.0041 J-0.0188
X-45.3301 Y-1.5115 I0.002 J0.0094
G1 X-45.3285 Y-1.5038
X-45.3278 Y-1.5008 Z-0.1447
X-45.3272 Y-1.4979 Z-0.1438
X-45.3266 Y-1.4952 Z-0.1423
X-45.3261 Y-1.4929 Z-0.1404
X-45.3257 Y-1.491 Z-0.138
X-45.3254 Y-1.4895 Z-0.1353
X-45.3252 Y-1.4887 Z-0.1323
X-45.3251 Y-1.4884 Z-0.1292
G0 Z0.4
X-45.8279 Y-1.514
Z0.13
G1 Z0.0658 F40.
G19 G3 Y-1.4982 Z0.05 J0.0158 K0.
G1 Y-1.4904
G17 G3 X-45.8375 Y-1.4807 I-0.0096 J0.
Y-1.5193 Z0.0397 I0. J-0.0192
Y-1.4807 Z0.0294 I0. J0.0193
X-45.8427 Y-1.5185 Z0.02 I0. J-0.0193
X-45.8323 Y-1.4815 Z0.0097 I0.0052 J0.0185
X-45.8551 Y-1.4923 Z0.005 I-0.0052 J-0.0185
X-45.8199 Y-1.5077 Z-0.0053 I0.0176 J-0.0077
X-45.8274 Y-1.4836 Z-0.01 I-0.0176 J0.0077
X-45.8475 Y-1.5164 Z-0.0203 I-0.01 J-0.0164
X-45.8226 Y-1.5122 Z-0.025 I0.01 J0.0164
X-45.8524 Y-1.4878 Z-0.0353 I-0.0149 J0.0122
X-45.8226 Y-1.5122 Z-0.0456 I0.0149 J-0.0122
X-45.8485 Y-1.4842 Z-0.055 I-0.0149 J0.0122
X-45.8265 Y-1.5158 Z-0.0653 I0.011 J-0.0158
X-45.8204 Y-1.4912 Z-0.07 I-0.011 J0.0158
X-45.8546 Y-1.5088 Z-0.0803 I-0.0171 J-0.0088
X-45.8312 Y-1.5182 Z-0.085 I0.0171 J0.0088
X-45.8438 Y-1.4818 Z-0.0953 I-0.0063 J0.0182
X-45.8312 Y-1.5182 Z-0.1056 I0.0063 J-0.0182
X-45.8438 Y-1.4818 Z-0.1159 I-0.0063 J0.0182
X-45.8312 Y-1.5182 Z-0.1262 I0.0063 J-0.0182
X-45.8183 Y-1.5015 Z-0.13 I-0.0063 J0.0182
X-45.8567 Y-1.4985 Z-0.1403 I-0.0192 J0.0015
X-45.8416 Y-1.5188 Z-0.145 I0.0192 J-0.0015
X-45.8334 Y-1.4812 I0.0041 J0.0188
X-45.8416 Y-1.5188 I-0.0041 J-0.0188
X-45.8301 Y-1.5115 I0.0021 J0.0094
G1 X-45.8285 Y-1.5038
X-45.8278 Y-1.5008 Z-0.1447
X-45.8272 Y-1.4979 Z-0.1438
X-45.8266 Y-1.4952 Z-0.1423
X-45.8261 Y-1.4929 Z-0.1404
X-45.8257 Y-1.491 Z-0.138
X-45.8254 Y-1.4895 Z-0.1353
X-45.8252 Y-1.4887 Z-0.1323
X-45.8251 Y-1.4884 Z-0.1292
G0 Z0.4
X-46.3279 Y-1.514
Z0.13
G1 Z0.0658 F40.
G19 G3 Y-1.4982 Z0.05 J0.0158 K0.
G1 Y-1.4904
G17 G3 X-46.3375 Y-1.4807 I-0.0096 J0.
Y-1.5192 Z0.0397 I0. J-0.0192
Y-1.4808 Z0.0294 I0. J0.0192
X-46.3427 Y-1.5185 Z0.02 I0. J-0.0192
X-46.3323 Y-1.4815 Z0.0097 I0.0052 J0.0185
X-46.3427 Y-1.5185 Z-0.0006 I-0.0052 J-0.0185
X-46.3274 Y-1.4836 Z-0.01 I0.0052 J0.0185
X-46.3476 Y-1.5164 Z-0.0203 I-0.0101 J-0.0164
X-46.3226 Y-1.5122 Z-0.025 I0.0101 J0.0164
X-46.3524 Y-1.4878 Z-0.0353 I-0.0149 J0.0122
X-46.3516 Y-1.5131 Z-0.04 I0.0149 J-0.0122
X-46.3234 Y-1.4869 Z-0.0503 I0.0141 J0.0131
X-46.3485 Y-1.4842 Z-0.055 I-0.0141 J-0.0131
X-46.3265 Y-1.5158 Z-0.0653 I0.011 J-0.0158
X-46.3204 Y-1.4912 Z-0.07 I-0.011 J0.0158
X-46.3546 Y-1.5088 Z-0.0803 I-0.0171 J-0.0088
X-46.3312 Y-1.5182 Z-0.085 I0.0171 J0.0088
X-46.3438 Y-1.4818 Z-0.0953 I-0.0063 J0.0182
X-46.3312 Y-1.5182 Z-0.1056 I0.0063 J-0.0182
X-46.3438 Y-1.4818 Z-0.1159 I-0.0063 J0.0182
X-46.3312 Y-1.5182 Z-0.1262 I0.0063 J-0.0182
X-46.3183 Y-1.5015 Z-0.13 I-0.0063 J0.0182
X-46.3567 Y-1.4985 Z-0.1403 I-0.0192 J0.0015
X-46.3416 Y-1.5188 Z-0.145 I0.0192 J-0.0015
X-46.3334 Y-1.4812 I0.0041 J0.0188
X-46.3416 Y-1.5188 I-0.0041 J-0.0188
X-46.3301 Y-1.5115 I0.002 J0.0094
G1 X-46.3285 Y-1.5038
X-46.3278 Y-1.5008 Z-0.1447
X-46.3272 Y-1.4979 Z-0.1438
X-46.3266 Y-1.4952 Z-0.1423
X-46.3261 Y-1.4929 Z-0.1404
X-46.3257 Y-1.491 Z-0.138
X-46.3254 Y-1.4895 Z-0.1353
X-46.3252 Y-1.4887 Z-0.1323
X-46.3251 Y-1.4884 Z-0.1292
G0 Z0.4
X-46.8279 Y-1.514
Z0.13
G1 Z0.0658 F40.
G19 G3 Y-1.4982 Z0.05 J0.0158 K0.
G1 Y-1.4904
G17 G3 X-46.8375 Y-1.4807 I-0.0096 J0.
Y-1.5193 Z0.0397 I0. J-0.0192
X-46.8184 Y-1.5026 Z0.035 I0. J0.0193
X-46.8566 Y-1.4974 Z0.0247 I-0.0191 J0.0026
X-46.8427 Y-1.5185 Z0.02 I0.0191 J-0.0026
X-46.8323 Y-1.4815 Z0.0097 I0.0052 J0.0185
X-46.8427 Y-1.5185 Z-0.0006 I-0.0052 J-0.0185
X-46.8275 Y-1.4836 Z-0.01 I0.0052 J0.0185
X-46.8475 Y-1.5164 Z-0.0203 I-0.01 J-0.0164
X-46.8226 Y-1.5122 Z-0.025 I0.01 J0.0164
X-46.8524 Y-1.4878 Z-0.0353 I-0.0149 J0.0122
X-46.8226 Y-1.5122 Z-0.0456 I0.0149 J-0.0122
X-46.8485 Y-1.4842 Z-0.055 I-0.0149 J0.0122
X-46.8265 Y-1.5158 Z-0.0653 I0.011 J-0.0158
X-46.8204 Y-1.4912 Z-0.07 I-0.011 J0.0158
X-46.8546 Y-1.5088 Z-0.0803 I-0.0171 J-0.0088
X-46.8312 Y-1.5182 Z-0.085 I0.0171 J0.0088
X-46.8438 Y-1.4818 Z-0.0953 I-0.0063 J0.0182
X-46.8312 Y-1.5182 Z-0.1056 I0.0063 J-0.0182
X-46.8438 Y-1.4818 Z-0.1159 I-0.0063 J0.0182
X-46.8312 Y-1.5182 Z-0.1262 I0.0063 J-0.0182
X-46.8183 Y-1.5015 Z-0.13 I-0.0063 J0.0182
X-46.8567 Y-1.4985 Z-0.1403 I-0.0192 J0.0015
X-46.8416 Y-1.5188 Z-0.145 I0.0192 J-0.0015
X-46.8334 Y-1.4812 I0.0041 J0.0188
X-46.8416 Y-1.5188 I-0.0041 J-0.0188
X-46.8301 Y-1.5115 I0.0021 J0.0094
G1 X-46.8285 Y-1.5038
X-46.8278 Y-1.5008 Z-0.1447
X-46.8272 Y-1.4979 Z-0.1438
X-46.8266 Y-1.4952 Z-0.1423
X-46.8261 Y-1.4929 Z-0.1404
X-46.8257 Y-1.491 Z-0.138
X-46.8254 Y-1.4895 Z-0.1353
X-46.8252 Y-1.4887 Z-0.1323
X-46.8251 Y-1.4884 Z-0.1292
G0 Z0.4
X-47.3279 Y-1.514
Z0.13
G1 Z0.0658 F40.
G19 G3 Y-1.4982 Z0.05 J0.0158 K0.
G1 Y-1.4904
G17 G3 X-47.3375 Y-1.4807 I-0.0096 J0.
Y-1.5192 Z0.0397 I0. J-0.0192
Y-1.4808 Z0.0294 I0. J0.0192
X-47.3427 Y-1.5185 Z0.02 I0. J-0.0192
X-47.3323 Y-1.4815 Z0.0097 I0.0052 J0.0185
X-47.3427 Y-1.5185 Z-0.0006 I-0.0052 J-0.0185
X-47.3274 Y-1.4836 Z-0.01 I0.0052 J0.0185
X-47.3476 Y-1.5164 Z-0.0203 I-0.0101 J-0.0164
X-47.3226 Y-1.5122 Z-0.025 I0.0101 J0.0164
X-47.3524 Y-1.4878 Z-0.0353 I-0.0149 J0.0122
X-47.3516 Y-1.5131 Z-0.04 I0.0149 J-0.0122
X-47.3234 Y-1.4869 Z-0.0503 I0.0141 J0.0131
X-47.3485 Y-1.4842 Z-0.055 I-0.0141 J-0.0131
X-47.3265 Y-1.5158 Z-0.0653 I0.011 J-0.0158
X-47.3204 Y-1.4912 Z-0.07 I-0.011 J0.0158
X-47.3546 Y-1.5088 Z-0.0803 I-0.0171 J-0.0088
X-47.3312 Y-1.5182 Z-0.085 I0.0171 J0.0088
X-47.3438 Y-1.4818 Z-0.0953 I-0.0063 J0.0182
X-47.3312 Y-1.5182 Z-0.1056 I0.0063 J-0.0182
X-47.3438 Y-1.4818 Z-0.1159 I-0.0063 J0.0182
X-47.3312 Y-1.5182 Z-0.1262 I0.0063 J-0.0182
X-47.3183 Y-1.5015 Z-0.13 I-0.0063 J0.0182
X-47.3567 Y-1.4985 Z-0.1403 I-0.0192 J0.0015
X-47.3416 Y-1.5188 Z-0.145 I0.0192 J-0.0015
X-47.3334 Y-1.4812 I0.0041 J0.0188
X-47.3416 Y-1.5188 I-0.0041 J-0.0188
X-47.3301 Y-1.5115 I0.0021 J0.0094
G1 X-47.3285 Y-1.5038
X-47.3278 Y-1.5008 Z-0.1447
X-47.3272 Y-1.4979 Z-0.1438
X-47.3266 Y-1.4952 Z-0.1423
X-47.3261 Y-1.4929 Z-0.1404
X-47.3257 Y-1.491 Z-0.138
X-47.3254 Y-1.4895 Z-0.1353
X-47.3252 Y-1.4887 Z-0.1323
X-47.3251 Y-1.4884 Z-0.1292
G0 Z0.4
X-47.8279 Y-1.514
Z0.13
G1 Z0.0658 F40.
G19 G3 Y-1.4982 Z0.05 J0.0158 K0.
G1 Y-1.4904
G17 G3 X-47.8375 Y-1.4807 I-0.0096 J0.
Y-1.5192 Z0.0397 I0. J-0.0192
Y-1.4808 Z0.0294 I0. J0.0192
X-47.8427 Y-1.5185 Z0.02 I0. J-0.0192
X-47.8323 Y-1.4815 Z0.0097 I0.0052 J0.0185
X-47.8427 Y-1.5185 Z-0.0006 I-0.0052 J-0.0185
X-47.8274 Y-1.4836 Z-0.01 I0.0052 J0.0185
X-47.8476 Y-1.5164 Z-0.0203 I-0.0101 J-0.0164
X-47.8226 Y-1.5122 Z-0.025 I0.0101 J0.0164
X-47.8524 Y-1.4878 Z-0.0353 I-0.0149 J0.0122
X-47.8226 Y-1.5122 Z-0.0456 I0.0149 J-0.0122
X-47.8485 Y-1.4842 Z-0.055 I-0.0149 J0.0122
X-47.8265 Y-1.5158 Z-0.0653 I0.011 J-0.0158
X-47.8204 Y-1.4912 Z-0.07 I-0.011 J0.0158
X-47.8546 Y-1.5088 Z-0.0803 I-0.0171 J-0.0088
X-47.8312 Y-1.5182 Z-0.085 I0.0171 J0.0088
X-47.8438 Y-1.4818 Z-0.0953 I-0.0063 J0.0182
X-47.8312 Y-1.5182 Z-0.1056 I0.0063 J-0.0182
X-47.8438 Y-1.4818 Z-0.1159 I-0.0063 J0.0182
X-47.8312 Y-1.5182 Z-0.1262 I0.0063 J-0.0182
X-47.8183 Y-1.5015 Z-0.13 I-0.0063 J0.0182
X-47.8567 Y-1.4985 Z-0.1403 I-0.0192 J0.0015
X-47.8416 Y-1.5188 Z-0.145 I0.0192 J-0.0015
X-47.8334 Y-1.4812 I0.0041 J0.0188
X-47.8416 Y-1.5188 I-0.0041 J-0.0188
X-47.8301 Y-1.5115 I0.002 J0.0094
G1 X-47.8285 Y-1.5038
X-47.8278 Y-1.5008 Z-0.1447
X-47.8272 Y-1.4979 Z-0.1438
X-47.8266 Y-1.4952 Z-0.1423
X-47.8261 Y-1.4929 Z-0.1404
X-47.8257 Y-1.491 Z-0.138
X-47.8254 Y-1.4895 Z-0.1353
X-47.8252 Y-1.4887 Z-0.1323
X-47.8251 Y-1.4884 Z-0.1292
G0 Z0.4
X-48.3279 Y-1.514
Z0.13
G1 Z0.0658 F40.
G19 G3 Y-1.4982 Z0.05 J0.0158 K0.
G1 Y-1.4904
G17 G3 X-48.3375 Y-1.4807 I-0.0096 J0.
Y-1.5193 Z0.0397 I0. J-0.0192
Y-1.4807 Z0.0294 I0. J0.0193
X-48.3427 Y-1.5185 Z0.02 I0. J-0.0193
X-48.3323 Y-1.4815 Z0.0097 I0.0052 J0.0185
X-48.3551 Y-1.4923 Z0.005 I-0.0052 J-0.0185
X-48.3199 Y-1.5077 Z-0.0053 I0.0176 J-0.0077
X-48.3274 Y-1.4836 Z-0.01 I-0.0176 J0.0077
X-48.3475 Y-1.5164 Z-0.0203 I-0.01 J-0.0164
X-48.3226 Y-1.5122 Z-0.025 I0.01 J0.0164
X-48.3524 Y-1.4878 Z-0.0353 I-0.0149 J0.0122
X-48.3226 Y-1.5122 Z-0.0456 I0.0149 J-0.0122
X-48.3485 Y-1.4842 Z-0.055 I-0.0149 J0.0122
X-48.3265 Y-1.5158 Z-0.0653 I0.011 J-0.0158
X-48.3204 Y-1.4912 Z-0.07 I-0.011 J0.0158
X-48.3546 Y-1.5088 Z-0.0803 I-0.0171 J-0.0088
X-48.3312 Y-1.5182 Z-0.085 I0.0171 J0.0088
X-48.3438 Y-1.4818 Z-0.0953 I-0.0063 J0.0182
X-48.3312 Y-1.5182 Z-0.1056 I0.0063 J-0.0182
X-48.3438 Y-1.4818 Z-0.1159 I-0.0063 J0.0182
X-48.3312 Y-1.5182 Z-0.1262 I0.0063 J-0.0182
X-48.3183 Y-1.5015 Z-0.13 I-0.0063 J0.0182
X-48.3567 Y-1.4985 Z-0.1403 I-0.0192 J0.0015
X-48.3416 Y-1.5188 Z-0.145 I0.0192 J-0.0015
X-48.3334 Y-1.4812 I0.0041 J0.0188
X-48.3416 Y-1.5188 I-0.0041 J-0.0188
X-48.3301 Y-1.5115 I0.0021 J0.0094
G1 X-48.3285 Y-1.5038
X-48.3278 Y-1.5008 Z-0.1447
X-48.3272 Y-1.4979 Z-0.1438
X-48.3266 Y-1.4952 Z-0.1423
X-48.3261 Y-1.4929 Z-0.1404
X-48.3257 Y-1.491 Z-0.138
X-48.3254 Y-1.4895 Z-0.1353
X-48.3252 Y-1.4887 Z-0.1323
X-48.3251 Y-1.4884 Z-0.1292
G0 Z0.4
X-48.8279 Y-1.514
Z0.13
G1 Z0.0658 F40.
G19 G3 Y-1.4982 Z0.05 J0.0158 K0.
G1 Y-1.4904
G17 G3 X-48.8375 Y-1.4807 I-0.0096 J0.
Y-1.5192 Z0.0397 I0. J-0.0192
Y-1.4808 Z0.0294 I0. J0.0192
X-48.8427 Y-1.5185 Z0.02 I0. J-0.0192
X-48.8323 Y-1.4815 Z0.0097 I0.0052 J0.0185
X-48.8427 Y-1.5185 Z-0.0006 I-0.0052 J-0.0185
X-48.8274 Y-1.4836 Z-0.01 I0.0052 J0.0185
X-48.8476 Y-1.5164 Z-0.0203 I-0.0101 J-0.0164
X-48.8226 Y-1.5122 Z-0.025 I0.0101 J0.0164
X-48.8524 Y-1.4878 Z-0.0353 I-0.0149 J0.0122
X-48.8516 Y-1.5131 Z-0.04 I0.0149 J-0.0122
X-48.8234 Y-1.4869 Z-0.0503 I0.0141 J0.0131
X-48.8485 Y-1.4842 Z-0.055 I-0.0141 J-0.0131
X-48.8265 Y-1.5158 Z-0.0653 I0.011 J-0.0158
X-48.8204 Y-1.4912 Z-0.07 I-0.011 J0.0158
X-48.8546 Y-1.5088 Z-0.0803 I-0.0171 J-0.0088
X-48.8312 Y-1.5182 Z-0.085 I0.0171 J0.0088
X-48.8438 Y-1.4818 Z-0.0953 I-0.0063 J0.0182
X-48.8312 Y-1.5182 Z-0.1056 I0.0063 J-0.0182
X-48.8438 Y-1.4818 Z-0.1159 I-0.0063 J0.0182
X-48.8312 Y-1.5182 Z-0.1262 I0.0063 J-0.0182
X-48.8183 Y-1.5015 Z-0.13 I-0.0063 J0.0182
X-48.8567 Y-1.4985 Z-0.1403 I-0.0192 J0.0015
X-48.8416 Y-1.5188 Z-0.145 I0.0192 J-0.0015
X-48.8334 Y-1.4812 I0.0041 J0.0188
X-48.8416 Y-1.5188 I-0.0041 J-0.0188
X-48.8301 Y-1.5115 I0.002 J0.0094
G1 X-48.8285 Y-1.5038
X-48.8278 Y-1.5008 Z-0.1447
X-48.8272 Y-1.4979 Z-0.1438
X-48.8266 Y-1.4952 Z-0.1423
X-48.8261 Y-1.4929 Z-0.1404
X-48.8257 Y-1.491 Z-0.138
X-48.8254 Y-1.4895 Z-0.1353
X-48.8252 Y-1.4887 Z-0.1323
X-48.8251 Y-1.4884 Z-0.1292
G0 Z0.4
X-49.3279 Y-1.514
Z0.13
G1 Z0.0658 F40.
G19 G3 Y-1.4982 Z0.05 J0.0158 K0.
G1 Y-1.4904
G17 G3 X-49.3375 Y-1.4807 I-0.0096 J0.
Y-1.5193 Z0.0397 I0. J-0.0192
X-49.3184 Y-1.5026 Z0.035 I0. J0.0193
X-49.3566 Y-1.4974 Z0.0247 I-0.0191 J0.0026
X-49.3427 Y-1.5185 Z0.02 I0.0191 J-0.0026
X-49.3323 Y-1.4815 Z0.0097 I0.0052 J0.0185
X-49.3427 Y-1.5185 Z-0.0006 I-0.0052 J-0.0185
X-49.3275 Y-1.4836 Z-0.01 I0.0052 J0.0185
X-49.3475 Y-1.5164 Z-0.0203 I-0.01 J-0.0164
X-49.3226 Y-1.5122 Z-0.025 I0.01 J0.0164
X-49.3524 Y-1.4878 Z-0.0353 I-0.0149 J0.0122
X-49.3226 Y-1.5122 Z-0.0456 I0.0149 J-0.0122
X-49.3485 Y-1.4842 Z-0.055 I-0.0149 J0.0122
X-49.3265 Y-1.5158 Z-0.0653 I0.011 J-0.0158
X-49.3204 Y-1.4912 Z-0.07 I-0.011 J0.0158
X-49.3546 Y-1.5088 Z-0.0803 I-0.0171 J-0.0088
X-49.3312 Y-1.5182 Z-0.085 I0.0171 J0.0088
X-49.3438 Y-1.4818 Z-0.0953 I-0.0063 J0.0182
X-49.3312 Y-1.5182 Z-0.1056 I0.0063 J-0.0182
X-49.3438 Y-1.4818 Z-0.1159 I-0.0063 J0.0182
X-49.3312 Y-1.5182 Z-0.1262 I0.0063 J-0.0182
X-49.3183 Y-1.5015 Z-0.13 I-0.0063 J0.0182
X-49.3567 Y-1.4985 Z-0.1403 I-0.0192 J0.0015
X-49.3416 Y-1.5188 Z-0.145 I0.0192 J-0.0015
X-49.3334 Y-1.4812 I0.0041 J0.0188
X-49.3416 Y-1.5188 I-0.0041 J-0.0188
X-49.3301 Y-1.5115 I0.0021 J0.0094
G1 X-49.3285 Y-1.5038
X-49.3278 Y-1.5008 Z-0.1447
X-49.3272 Y-1.4979 Z-0.1438
X-49.3266 Y-1.4952 Z-0.1423
X-49.3261 Y-1.4929 Z-0.1404
X-49.3257 Y-1.491 Z-0.138
X-49.3254 Y-1.4895 Z-0.1353
X-49.3252 Y-1.4887 Z-0.1323
X-49.3251 Y-1.4884 Z-0.1292
G0 Z0.4
X-49.8279 Y-1.514
Z0.13
G1 Z0.0658 F40.
G19 G3 Y-1.4982 Z0.05 J0.0158 K0.
G1 Y-1.4904
G17 G3 X-49.8375 Y-1.4807 I-0.0096 J0.
Y-1.5192 Z0.0397 I0. J-0.0192
Y-1.4808 Z0.0294 I0. J0.0192
X-49.8427 Y-1.5185 Z0.02 I0. J-0.0192
X-49.8323 Y-1.4815 Z0.0097 I0.0052 J0.0185
X-49.8427 Y-1.5185 Z-0.0006 I-0.0052 J-0.0185
X-49.8274 Y-1.4836 Z-0.01 I0.0052 J0.0185
X-49.8476 Y-1.5164 Z-0.0203 I-0.0101 J-0.0164
X-49.8226 Y-1.5122 Z-0.025 I0.0101 J0.0164
X-49.8524 Y-1.4878 Z-0.0353 I-0.0149 J0.0122
X-49.8516 Y-1.5131 Z-0.04 I0.0149 J-0.0122
X-49.8234 Y-1.4869 Z-0.0503 I0.0141 J0.0131
X-49.8485 Y-1.4842 Z-0.055 I-0.0141 J-0.0131
X-49.8265 Y-1.5158 Z-0.0653 I0.011 J-0.0158
X-49.8204 Y-1.4912 Z-0.07 I-0.011 J0.0158
X-49.8546 Y-1.5088 Z-0.0803 I-0.0171 J-0.0088
X-49.8312 Y-1.5182 Z-0.085 I0.0171 J0.0088
X-49.8438 Y-1.4818 Z-0.0953 I-0.0063 J0.0182
X-49.8312 Y-1.5182 Z-0.1056 I0.0063 J-0.0182
X-49.8438 Y-1.4818 Z-0.1159 I-0.0063 J0.0182
X-49.8312 Y-1.5182 Z-0.1262 I0.0063 J-0.0182
X-49.8183 Y-1.5015 Z-0.13 I-0.0063 J0.0182
X-49.8567 Y-1.4985 Z-0.1403 I-0.0192 J0.0015
X-49.8416 Y-1.5188 Z-0.145 I0.0192 J-0.0015
X-49.8334 Y-1.4812 I0.0041 J0.0188
X-49.8416 Y-1.5188 I-0.0041 J-0.0188
X-49.8301 Y-1.5115 I0.0021 J0.0094
G1 X-49.8285 Y-1.5038
X-49.8278 Y-1.5008 Z-0.1447
X-49.8272 Y-1.4979 Z-0.1438
X-49.8266 Y-1.4952 Z-0.1423
X-49.8261 Y-1.4929 Z-0.1404
X-49.8257 Y-1.491 Z-0.138
X-49.8254 Y-1.4895 Z-0.1353
X-49.8252 Y-1.4887 Z-0.1323
X-49.8251 Y-1.4884 Z-0.1292
G0 Z0.4
X-50.3279 Y-1.514
Z0.13
G1 Z0.0658 F40.
G19 G3 Y-1.4982 Z0.05 J0.0158 K0.
G1 Y-1.4904
G17 G3 X-50.3375 Y-1.4807 I-0.0096 J0.
Y-1.5192 Z0.0397 I0. J-0.0192
Y-1.4808 Z0.0294 I0. J0.0192
X-50.3427 Y-1.5185 Z0.02 I0. J-0.0192
X-50.3323 Y-1.4815 Z0.0097 I0.0052 J0.0185
X-50.3427 Y-1.5185 Z-0.0006 I-0.0052 J-0.0185
X-50.3274 Y-1.4836 Z-0.01 I0.0052 J0.0185
X-50.3476 Y-1.5164 Z-0.0203 I-0.0101 J-0.0164
X-50.3226 Y-1.5122 Z-0.025 I0.0101 J0.0164
X-50.3524 Y-1.4878 Z-0.0353 I-0.0149 J0.0122
X-50.3226 Y-1.5122 Z-0.0456 I0.0149 J-0.0122
X-50.3485 Y-1.4842 Z-0.055 I-0.0149 J0.0122
X-50.3265 Y-1.5158 Z-0.0653 I0.011 J-0.0158
X-50.3204 Y-1.4912 Z-0.07 I-0.011 J0.0158
X-50.3546 Y-1.5088 Z-0.0803 I-0.0171 J-0.0088
X-50.3312 Y-1.5182 Z-0.085 I0.0171 J0.0088
X-50.3438 Y-1.4818 Z-0.0953 I-0.0063 J0.0182
X-50.3312 Y-1.5182 Z-0.1056 I0.0063 J-0.0182
X-50.3438 Y-1.4818 Z-0.1159 I-0.0063 J0.0182
X-50.3312 Y-1.5182 Z-0.1262 I0.0063 J-0.0182
X-50.3183 Y-1.5015 Z-0.13 I-0.0063 J0.0182
X-50.3567 Y-1.4985 Z-0.1403 I-0.0192 J0.0015
X-50.3416 Y-1.5188 Z-0.145 I0.0192 J-0.0015
X-50.3334 Y-1.4812 I0.0041 J0.0188
X-50.3416 Y-1.5188 I-0.0041 J-0.0188
X-50.3301 Y-1.5115 I0.002 J0.0094
G1 X-50.3285 Y-1.5038
X-50.3278 Y-1.5008 Z-0.1447
X-50.3272 Y-1.4979 Z-0.1438
X-50.3266 Y-1.4952 Z-0.1423
X-50.3261 Y-1.4929 Z-0.1404
X-50.3257 Y-1.491 Z-0.138
X-50.3254 Y-1.4895 Z-0.1353
X-50.3252 Y-1.4887 Z-0.1323
X-50.3251 Y-1.4884 Z-0.1292
G0 Z0.4
X-50.8279 Y-1.514
Z0.13
G1 Z0.0658 F40.
G19 G3 Y-1.4982 Z0.05 J0.0158 K0.
G1 Y-1.4904
G17 G3 X-50.8375 Y-1.4807 I-0.0096 J0.
Y-1.5193 Z0.0397 I0. J-0.0192
Y-1.4807 Z0.0294 I0. J0.0193
X-50.8427 Y-1.5185 Z0.02 I0. J-0.0193
X-50.8323 Y-1.4815 Z0.0097 I0.0052 J0.0185
X-50.8551 Y-1.4923 Z0.005 I-0.0052 J-0.0185
X-50.8199 Y-1.5077 Z-0.0053 I0.0176 J-0.0077
X-50.8274 Y-1.4836 Z-0.01 I-0.0176 J0.0077
X-50.8475 Y-1.5164 Z-0.0203 I-0.01 J-0.0164
X-50.8226 Y-1.5122 Z-0.025 I0.01 J0.0164
X-50.8524 Y-1.4878 Z-0.0353 I-0.0149 J0.0122
X-50.8226 Y-1.5122 Z-0.0456 I0.0149 J-0.0122
X-50.8485 Y-1.4842 Z-0.055 I-0.0149 J0.0122
X-50.8265 Y-1.5158 Z-0.0653 I0.011 J-0.0158
X-50.8204 Y-1.4912 Z-0.07 I-0.011 J0.0158
X-50.8546 Y-1.5088 Z-0.0803 I-0.0171 J-0.0088
X-50.8312 Y-1.5182 Z-0.085 I0.0171 J0.0088
X-50.8438 Y-1.4818 Z-0.0953 I-0.0063 J0.0182
X-50.8312 Y-1.5182 Z-0.1056 I0.0063 J-0.0182
X-50.8438 Y-1.4818 Z-0.1159 I-0.0063 J0.0182
X-50.8312 Y-1.5182 Z-0.1262 I0.0063 J-0.0182
X-50.8183 Y-1.5015 Z-0.13 I-0.0063 J0.0182
X-50.8567 Y-1.4985 Z-0.1403 I-0.0192 J0.0015
X-50.8416 Y-1.5188 Z-0.145 I0.0192 J-0.0015
X-50.8334 Y-1.4812 I0.0041 J0.0188
X-50.8416 Y-1.5188 I-0.0041 J-0.0188
X-50.8301 Y-1.5115 I0.0021 J0.0094
G1 X-50.8285 Y-1.5038
X-50.8278 Y-1.5008 Z-0.1447
X-50.8272 Y-1.4979 Z-0.1438
X-50.8266 Y-1.4952 Z-0.1423
X-50.8261 Y-1.4929 Z-0.1404
X-50.8257 Y-1.491 Z-0.138
X-50.8254 Y-1.4895 Z-0.1353
X-50.8252 Y-1.4887 Z-0.1323
X-50.8251 Y-1.4884 Z-0.1292
G0 Z0.4
X-51.3279 Y-1.514
Z0.13
G1 Z0.0658 F40.
G19 G3 Y-1.4982 Z0.05 J0.0158 K0.
G1 Y-1.4904
G17 G3 X-51.3375 Y-1.4807 I-0.0096 J0.
Y-1.5192 Z0.0397 I0. J-0.0192
Y-1.4808 Z0.0294 I0. J0.0192
X-51.3427 Y-1.5185 Z0.02 I0. J-0.0192
X-51.3323 Y-1.4815 Z0.0097 I0.0052 J0.0185
X-51.3427 Y-1.5185 Z-0.0006 I-0.0052 J-0.0185
X-51.3274 Y-1.4836 Z-0.01 I0.0052 J0.0185
X-51.3476 Y-1.5164 Z-0.0203 I-0.0101 J-0.0164
X-51.3226 Y-1.5122 Z-0.025 I0.0101 J0.0164
X-51.3524 Y-1.4878 Z-0.0353 I-0.0149 J0.0122
X-51.3516 Y-1.5131 Z-0.04 I0.0149 J-0.0122
X-51.3234 Y-1.4869 Z-0.0503 I0.0141 J0.0131
X-51.3485 Y-1.4842 Z-0.055 I-0.0141 J-0.0131
X-51.3265 Y-1.5158 Z-0.0653 I0.011 J-0.0158
X-51.3204 Y-1.4912 Z-0.07 I-0.011 J0.0158
X-51.3546 Y-1.5088 Z-0.0803 I-0.0171 J-0.0088
X-51.3312 Y-1.5182 Z-0.085 I0.0171 J0.0088
X-51.3438 Y-1.4818 Z-0.0953 I-0.0063 J0.0182
X-51.3312 Y-1.5182 Z-0.1056 I0.0063 J-0.0182
X-51.3438 Y-1.4818 Z-0.1159 I-0.0063 J0.0182
X-51.3312 Y-1.5182 Z-0.1262 I0.0063 J-0.0182
X-51.3183 Y-1.5015 Z-0.13 I-0.0063 J0.0182
X-51.3567 Y-1.4985 Z-0.1403 I-0.0192 J0.0015
X-51.3416 Y-1.5188 Z-0.145 I0.0192 J-0.0015
X-51.3334 Y-1.4812 I0.0041 J0.0188
X-51.3416 Y-1.5188 I-0.0041 J-0.0188
X-51.3301 Y-1.5115 I0.002 J0.0094
G1 X-51.3285 Y-1.5038
X-51.3278 Y-1.5008 Z-0.1447
X-51.3272 Y-1.4979 Z-0.1438
X-51.3266 Y-1.4952 Z-0.1423
X-51.3261 Y-1.4929 Z-0.1404
X-51.3257 Y-1.491 Z-0.138
X-51.3254 Y-1.4895 Z-0.1353
X-51.3252 Y-1.4887 Z-0.1323
X-51.3251 Y-1.4884 Z-0.1292
G0 Z0.4
X-51.8279 Y-1.514
Z0.13
G1 Z0.0658 F40.
G19 G3 Y-1.4982 Z0.05 J0.0158 K0.
G1 Y-1.4904
G17 G3 X-51.8375 Y-1.4807 I-0.0096 J0.
Y-1.5193 Z0.0397 I0. J-0.0192
X-51.8184 Y-1.5026 Z0.035 I0. J0.0193
X-51.8566 Y-1.4974 Z0.0247 I-0.0191 J0.0026
X-51.8427 Y-1.5185 Z0.02 I0.0191 J-0.0026
X-51.8323 Y-1.4815 Z0.0097 I0.0052 J0.0185
X-51.8427 Y-1.5185 Z-0.0006 I-0.0052 J-0.0185
X-51.8275 Y-1.4836 Z-0.01 I0.0052 J0.0185
X-51.8475 Y-1.5164 Z-0.0203 I-0.01 J-0.0164
X-51.8226 Y-1.5122 Z-0.025 I0.01 J0.0164
X-51.8524 Y-1.4878 Z-0.0353 I-0.0149 J0.0122
X-51.8226 Y-1.5122 Z-0.0456 I0.0149 J-0.0122
X-51.8485 Y-1.4842 Z-0.055 I-0.0149 J0.0122
X-51.8265 Y-1.5158 Z-0.0653 I0.011 J-0.0158
X-51.8204 Y-1.4912 Z-0.07 I-0.011 J0.0158
X-51.8546 Y-1.5088 Z-0.0803 I-0.0171 J-0.0088
X-51.8312 Y-1.5182 Z-0.085 I0.0171 J0.0088
X-51.8438 Y-1.4818 Z-0.0953 I-0.0063 J0.0182
X-51.8312 Y-1.5182 Z-0.1056 I0.0063 J-0.0182
X-51.8438 Y-1.4818 Z-0.1159 I-0.0063 J0.0182
X-51.8312 Y-1.5182 Z-0.1262 I0.0063 J-0.0182
X-51.8183 Y-1.5015 Z-0.13 I-0.0063 J0.0182
X-51.8567 Y-1.4985 Z-0.1403 I-0.0192 J0.0015
X-51.8416 Y-1.5188 Z-0.145 I0.0192 J-0.0015
X-51.8334 Y-1.4812 I0.0041 J0.0188
X-51.8416 Y-1.5188 I-0.0041 J-0.0188
X-51.8301 Y-1.5115 I0.0021 J0.0094
G1 X-51.8285 Y-1.5038
X-51.8278 Y-1.5008 Z-0.1447
X-51.8272 Y-1.4979 Z-0.1438
X-51.8266 Y-1.4952 Z-0.1423
X-51.8261 Y-1.4929 Z-0.1404
X-51.8257 Y-1.491 Z-0.138
X-51.8254 Y-1.4895 Z-0.1353
X-51.8252 Y-1.4887 Z-0.1323
X-51.8251 Y-1.4884 Z-0.1292
G0 Z0.4
X-52.3279 Y-1.514
Z0.13
G1 Z0.0658 F40.
G19 G3 Y-1.4982 Z0.05 J0.0158 K0.
G1 Y-1.4904
G17 G3 X-52.3375 Y-1.4807 I-0.0096 J0.
Y-1.5192 Z0.0397 I0. J-0.0192
Y-1.4808 Z0.0294 I0. J0.0192
X-52.3427 Y-1.5185 Z0.02 I0. J-0.0192
X-52.3323 Y-1.4815 Z0.0097 I0.0052 J0.0185
X-52.3427 Y-1.5185 Z-0.0006 I-0.0052 J-0.0185
X-52.3274 Y-1.4836 Z-0.01 I0.0052 J0.0185
X-52.3476 Y-1.5164 Z-0.0203 I-0.0101 J-0.0164
X-52.3226 Y-1.5122 Z-0.025 I0.0101 J0.0164
X-52.3524 Y-1.4878 Z-0.0353 I-0.0149 J0.0122
X-52.3516 Y-1.5131 Z-0.04 I0.0149 J-0.0122
X-52.3234 Y-1.4869 Z-0.0503 I0.0141 J0.0131
X-52.3485 Y-1.4842 Z-0.055 I-0.0141 J-0.0131
X-52.3265 Y-1.5158 Z-0.0653 I0.011 J-0.0158
X-52.3204 Y-1.4912 Z-0.07 I-0.011 J0.0158
X-52.3546 Y-1.5088 Z-0.0803 I-0.0171 J-0.0088
X-52.3312 Y-1.5182 Z-0.085 I0.0171 J0.0088
X-52.3438 Y-1.4818 Z-0.0953 I-0.0063 J0.0182
X-52.3312 Y-1.5182 Z-0.1056 I0.0063 J-0.0182
X-52.3438 Y-1.4818 Z-0.1159 I-0.0063 J0.0182
X-52.3312 Y-1.5182 Z-0.1262 I0.0063 J-0.0182
X-52.3183 Y-1.5015 Z-0.13 I-0.0063 J0.0182
X-52.3567 Y-1.4985 Z-0.1403 I-0.0192 J0.0015
X-52.3416 Y-1.5188 Z-0.145 I0.0192 J-0.0015
X-52.3334 Y-1.4812 I0.0041 J0.0188
X-52.3416 Y-1.5188 I-0.0041 J-0.0188
X-52.3301 Y-1.5115 I0.0021 J0.0094
G1 X-52.3285 Y-1.5038
X-52.3278 Y-1.5008 Z-0.1447
X-52.3272 Y-1.4979 Z-0.1438
X-52.3266 Y-1.4952 Z-0.1423
X-52.3261 Y-1.4929 Z-0.1404
X-52.3257 Y-1.491 Z-0.138
X-52.3254 Y-1.4895 Z-0.1353
X-52.3252 Y-1.4887 Z-0.1323
X-52.3251 Y-1.4884 Z-0.1292
G0 Z0.4
X-52.8279 Y-1.514
Z0.13
G1 Z0.0658 F40.
G19 G3 Y-1.4982 Z0.05 J0.0158 K0.
G1 Y-1.4904
G17 G3 X-52.8375 Y-1.4807 I-0.0096 J0.
Y-1.5192 Z0.0397 I0. J-0.0192
Y-1.4808 Z0.0294 I0. J0.0192
X-52.8427 Y-1.5185 Z0.02 I0. J-0.0192
X-52.8323 Y-1.4815 Z0.0097 I0.0052 J0.0185
X-52.8427 Y-1.5185 Z-0.0006 I-0.0052 J-0.0185
X-52.8274 Y-1.4836 Z-0.01 I0.0052 J0.0185
X-52.8476 Y-1.5164 Z-0.0203 I-0.0101 J-0.0164
X-52.8226 Y-1.5122 Z-0.025 I0.0101 J0.0164
X-52.8524 Y-1.4878 Z-0.0353 I-0.0149 J0.0122
X-52.8226 Y-1.5122 Z-0.0456 I0.0149 J-0.0122
X-52.8485 Y-1.4842 Z-0.055 I-0.0149 J0.0122
X-52.8265 Y-1.5158 Z-0.0653 I0.011 J-0.0158
X-52.8204 Y-1.4912 Z-0.07 I-0.011 J0.0158
X-52.8546 Y-1.5088 Z-0.0803 I-0.0171 J-0.0088
X-52.8312 Y-1.5182 Z-0.085 I0.0171 J0.0088
X-52.8438 Y-1.4818 Z-0.0953 I-0.0063 J0.0182
X-52.8312 Y-1.5182 Z-0.1056 I0.0063 J-0.0182
X-52.8438 Y-1.4818 Z-0.1159 I-0.0063 J0.0182
X-52.8312 Y-1.5182 Z-0.1262 I0.0063 J-0.0182
X-52.8183 Y-1.5015 Z-0.13 I-0.0063 J0.0182
X-52.8567 Y-1.4985 Z-0.1403 I-0.0192 J0.0015
X-52.8416 Y-1.5188 Z-0.145 I0.0192 J-0.0015
X-52.8334 Y-1.4812 I0.0041 J0.0188
X-52.8416 Y-1.5188 I-0.0041 J-0.0188
X-52.8301 Y-1.5115 I0.002 J0.0094
G1 X-52.8285 Y-1.5038
X-52.8278 Y-1.5008 Z-0.1447
X-52.8272 Y-1.4979 Z-0.1438
X-52.8266 Y-1.4952 Z-0.1423
X-52.8261 Y-1.4929 Z-0.1404
X-52.8257 Y-1.491 Z-0.138
X-52.8254 Y-1.4895 Z-0.1353
X-52.8252 Y-1.4887 Z-0.1323
X-52.8251 Y-1.4884 Z-0.1292
G0 Z0.4
X-53.3279 Y-1.514
Z0.13
G1 Z0.0658 F40.
G19 G3 Y-1.4982 Z0.05 J0.0158 K0.
G1 Y-1.4904
G17 G3 X-53.3375 Y-1.4807 I-0.0096 J0.
Y-1.5193 Z0.0397 I0. J-0.0192
Y-1.4807 Z0.0294 I0. J0.0193
X-53.3427 Y-1.5185 Z0.02 I0. J-0.0193
X-53.3323 Y-1.4815 Z0.0097 I0.0052 J0.0185
X-53.3551 Y-1.4923 Z0.005 I-0.0052 J-0.0185
X-53.3199 Y-1.5077 Z-0.0053 I0.0176 J-0.0077
X-53.3274 Y-1.4836 Z-0.01 I-0.0176 J0.0077
X-53.3475 Y-1.5164 Z-0.0203 I-0.01 J-0.0164
X-53.3226 Y-1.5122 Z-0.025 I0.01 J0.0164
X-53.3524 Y-1.4878 Z-0.0353 I-0.0149 J0.0122
X-53.3226 Y-1.5122 Z-0.0456 I0.0149 J-0.0122
X-53.3485 Y-1.4842 Z-0.055 I-0.0149 J0.0122
X-53.3265 Y-1.5158 Z-0.0653 I0.011 J-0.0158
X-53.3204 Y-1.4912 Z-0.07 I-0.011 J0.0158
X-53.3546 Y-1.5088 Z-0.0803 I-0.0171 J-0.0088
X-53.3312 Y-1.5182 Z-0.085 I0.0171 J0.0088
X-53.3438 Y-1.4818 Z-0.0953 I-0.0063 J0.0182
X-53.3312 Y-1.5182 Z-0.1056 I0.0063 J-0.0182
X-53.3438 Y-1.4818 Z-0.1159 I-0.0063 J0.0182
X-53.3312 Y-1.5182 Z-0.1262 I0.0063 J-0.0182
X-53.3183 Y-1.5015 Z-0.13 I-0.0063 J0.0182
X-53.3567 Y-1.4985 Z-0.1403 I-0.0192 J0.0015
X-53.3416 Y-1.5188 Z-0.145 I0.0192 J-0.0015
X-53.3334 Y-1.4812 I0.0041 J0.0188
X-53.3416 Y-1.5188 I-0.0041 J-0.0188
X-53.3301 Y-1.5115 I0.0021 J0.0094
G1 X-53.3285 Y-1.5038
X-53.3278 Y-1.5008 Z-0.1447
X-53.3272 Y-1.4979 Z-0.1438
X-53.3266 Y-1.4952 Z-0.1423
X-53.3261 Y-1.4929 Z-0.1404
X-53.3257 Y-1.491 Z-0.138
X-53.3254 Y-1.4895 Z-0.1353
X-53.3252 Y-1.4887 Z-0.1323
X-53.3251 Y-1.4884 Z-0.1292
G0 Z0.4
X-53.8279 Y-1.514
Z0.13
G1 Z0.0658 F40.
G19 G3 Y-1.4982 Z0.05 J0.0158 K0.
G1 Y-1.4904
G17 G3 X-53.8375 Y-1.4807 I-0.0096 J0.
Y-1.5192 Z0.0397 I0. J-0.0192
Y-1.4808 Z0.0294 I0. J0.0192
X-53.8427 Y-1.5185 Z0.02 I0. J-0.0192
X-53.8323 Y-1.4815 Z0.0097 I0.0052 J0.0185
X-53.8427 Y-1.5185 Z-0.0006 I-0.0052 J-0.0185
X-53.8274 Y-1.4836 Z-0.01 I0.0052 J0.0185
X-53.8476 Y-1.5164 Z-0.0203 I-0.0101 J-0.0164
X-53.8226 Y-1.5122 Z-0.025 I0.0101 J0.0164
X-53.8524 Y-1.4878 Z-0.0353 I-0.0149 J0.0122
X-53.8516 Y-1.5131 Z-0.04 I0.0149 J-0.0122
X-53.8234 Y-1.4869 Z-0.0503 I0.0141 J0.0131
X-53.8485 Y-1.4842 Z-0.055 I-0.0141 J-0.0131
X-53.8265 Y-1.5158 Z-0.0653 I0.011 J-0.0158
X-53.8204 Y-1.4912 Z-0.07 I-0.011 J0.0158
X-53.8546 Y-1.5088 Z-0.0803 I-0.0171 J-0.0088
X-53.8312 Y-1.5182 Z-0.085 I0.0171 J0.0088
X-53.8438 Y-1.4818 Z-0.0953 I-0.0063 J0.0182
X-53.8312 Y-1.5182 Z-0.1056 I0.0063 J-0.0182
X-53.8438 Y-1.4818 Z-0.1159 I-0.0063 J0.0182
X-53.8312 Y-1.5182 Z-0.1262 I0.0063 J-0.0182
X-53.8183 Y-1.5015 Z-0.13 I-0.0063 J0.0182
X-53.8567 Y-1.4985 Z-0.1403 I-0.0192 J0.0015
X-53.8416 Y-1.5188 Z-0.145 I0.0192 J-0.0015
X-53.8334 Y-1.4812 I0.0041 J0.0188
X-53.8416 Y-1.5188 I-0.0041 J-0.0188
X-53.8301 Y-1.5115 I0.002 J0.0094
G1 X-53.8285 Y-1.5038
X-53.8278 Y-1.5008 Z-0.1447
X-53.8272 Y-1.4979 Z-0.1438
X-53.8266 Y-1.4952 Z-0.1423
X-53.8261 Y-1.4929 Z-0.1404
X-53.8257 Y-1.491 Z-0.138
X-53.8254 Y-1.4895 Z-0.1353
X-53.8252 Y-1.4887 Z-0.1323
X-53.8251 Y-1.4884 Z-0.1292
G0 Z0.4
X-54.3279 Y-1.514
Z0.13
G1 Z0.0658 F40.
G19 G3 Y-1.4982 Z0.05 J0.0158 K0.
G1 Y-1.4904
G17 G3 X-54.3375 Y-1.4807 I-0.0096 J0.
Y-1.5193 Z0.0397 I0. J-0.0192
X-54.3184 Y-1.5026 Z0.035 I0. J0.0193
X-54.3566 Y-1.4974 Z0.0247 I-0.0191 J0.0026
X-54.3427 Y-1.5185 Z0.02 I0.0191 J-0.0026
X-54.3323 Y-1.4815 Z0.0097 I0.0052 J0.0185
X-54.3427 Y-1.5185 Z-0.0006 I-0.0052 J-0.0185
X-54.3275 Y-1.4836 Z-0.01 I0.0052 J0.0185
X-54.3475 Y-1.5164 Z-0.0203 I-0.01 J-0.0164
X-54.3226 Y-1.5122 Z-0.025 I0.01 J0.0164
X-54.3524 Y-1.4878 Z-0.0353 I-0.0149 J0.0122
X-54.3226 Y-1.5122 Z-0.0456 I0.0149 J-0.0122
X-54.3485 Y-1.4842 Z-0.055 I-0.0149 J0.0122
X-54.3265 Y-1.5158 Z-0.0653 I0.011 J-0.0158
X-54.3204 Y-1.4912 Z-0.07 I-0.011 J0.0158
X-54.3546 Y-1.5088 Z-0.0803 I-0.0171 J-0.0088
X-54.3312 Y-1.5182 Z-0.085 I0.0171 J0.0088
X-54.3438 Y-1.4818 Z-0.0953 I-0.0063 J0.0182
X-54.3312 Y-1.5182 Z-0.1056 I0.0063 J-0.0182
X-54.3438 Y-1.4818 Z-0.1159 I-0.0063 J0.0182
X-54.3312 Y-1.5182 Z-0.1262 I0.0063 J-0.0182
X-54.3183 Y-1.5015 Z-0.13 I-0.0063 J0.0182
X-54.3567 Y-1.4985 Z-0.1403 I-0.0192 J0.0015
X-54.3416 Y-1.5188 Z-0.145 I0.0192 J-0.0015
X-54.3334 Y-1.4812 I0.0041 J0.0188
X-54.3416 Y-1.5188 I-0.0041 J-0.0188
X-54.3301 Y-1.5115 I0.0021 J0.0094
G1 X-54.3285 Y-1.5038
X-54.3278 Y-1.5008 Z-0.1447
X-54.3272 Y-1.4979 Z-0.1438
X-54.3266 Y-1.4952 Z-0.1423
X-54.3261 Y-1.4929 Z-0.1404
X-54.3257 Y-1.491 Z-0.138
X-54.3254 Y-1.4895 Z-0.1353
X-54.3252 Y-1.4887 Z-0.1323
X-54.3251 Y-1.4884 Z-0.1292
G0 Z0.4
X-54.8279 Y-1.514
Z0.13
G1 Z0.0658 F40.
G19 G3 Y-1.4982 Z0.05 J0.0158 K0.
G1 Y-1.4904
G17 G3 X-54.8375 Y-1.4807 I-0.0096 J0.
Y-1.5192 Z0.0397 I0. J-0.0192
Y-1.4808 Z0.0294 I0. J0.0192
X-54.8427 Y-1.5185 Z0.02 I0. J-0.0192
X-54.8323 Y-1.4815 Z0.0097 I0.0052 J0.0185
X-54.8427 Y-1.5185 Z-0.0006 I-0.0052 J-0.0185
X-54.8274 Y-1.4836 Z-0.01 I0.0052 J0.0185
X-54.8476 Y-1.5164 Z-0.0203 I-0.0101 J-0.0164
X-54.8226 Y-1.5122 Z-0.025 I0.0101 J0.0164
X-54.8524 Y-1.4878 Z-0.0353 I-0.0149 J0.0122
X-54.8516 Y-1.5131 Z-0.04 I0.0149 J-0.0122
X-54.8234 Y-1.4869 Z-0.0503 I0.0141 J0.0131
X-54.8485 Y-1.4842 Z-0.055 I-0.0141 J-0.0131
X-54.8265 Y-1.5158 Z-0.0653 I0.011 J-0.0158
X-54.8204 Y-1.4912 Z-0.07 I-0.011 J0.0158
X-54.8546 Y-1.5088 Z-0.0803 I-0.0171 J-0.0088
X-54.8312 Y-1.5182 Z-0.085 I0.0171 J0.0088
X-54.8438 Y-1.4818 Z-0.0953 I-0.0063 J0.0182
X-54.8312 Y-1.5182 Z-0.1056 I0.0063 J-0.0182
X-54.8438 Y-1.4818 Z-0.1159 I-0.0063 J0.0182
X-54.8312 Y-1.5182 Z-0.1262 I0.0063 J-0.0182
X-54.8183 Y-1.5015 Z-0.13 I-0.0063 J0.0182
X-54.8567 Y-1.4985 Z-0.1403 I-0.0192 J0.0015
X-54.8416 Y-1.5188 Z-0.145 I0.0192 J-0.0015
X-54.8334 Y-1.4812 I0.0041 J0.0188
X-54.8416 Y-1.5188 I-0.0041 J-0.0188
X-54.8301 Y-1.5115 I0.0021 J0.0094
G1 X-54.8285 Y-1.5038
X-54.8278 Y-1.5008 Z-0.1447
X-54.8272 Y-1.4979 Z-0.1438
X-54.8266 Y-1.4952 Z-0.1423
X-54.8261 Y-1.4929 Z-0.1404
X-54.8257 Y-1.491 Z-0.138
X-54.8254 Y-1.4895 Z-0.1353
X-54.8252 Y-1.4887 Z-0.1323
X-54.8251 Y-1.4884 Z-0.1292
G0 Z0.4
X-55.3279 Y-1.514
Z0.13
G1 Z0.0658 F40.
G19 G3 Y-1.4982 Z0.05 J0.0158 K0.
G1 Y-1.4904
G17 G3 X-55.3375 Y-1.4807 I-0.0096 J0.
Y-1.5192 Z0.0397 I0. J-0.0192
Y-1.4808 Z0.0294 I0. J0.0192
X-55.3427 Y-1.5185 Z0.02 I0. J-0.0192
X-55.3323 Y-1.4815 Z0.0097 I0.0052 J0.0185
X-55.3427 Y-1.5185 Z-0.0006 I-0.0052 J-0.0185
X-55.3274 Y-1.4836 Z-0.01 I0.0052 J0.0185
X-55.3476 Y-1.5164 Z-0.0203 I-0.0101 J-0.0164
X-55.3226 Y-1.5122 Z-0.025 I0.0101 J0.0164
X-55.3524 Y-1.4878 Z-0.0353 I-0.0149 J0.0122
X-55.3226 Y-1.5122 Z-0.0456 I0.0149 J-0.0122
X-55.3485 Y-1.4842 Z-0.055 I-0.0149 J0.0122
X-55.3265 Y-1.5158 Z-0.0653 I0.011 J-0.0158
X-55.3204 Y-1.4912 Z-0.07 I-0.011 J0.0158
X-55.3546 Y-1.5088 Z-0.0803 I-0.0171 J-0.0088
X-55.3312 Y-1.5182 Z-0.085 I0.0171 J0.0088
X-55.3438 Y-1.4818 Z-0.0953 I-0.0063 J0.0182
X-55.3312 Y-1.5182 Z-0.1056 I0.0063 J-0.0182
X-55.3438 Y-1.4818 Z-0.1159 I-0.0063 J0.0182
X-55.3312 Y-1.5182 Z-0.1262 I0.0063 J-0.0182
X-55.3183 Y-1.5015 Z-0.13 I-0.0063 J0.0182
X-55.3567 Y-1.4985 Z-0.1403 I-0.0192 J0.0015
X-55.3416 Y-1.5188 Z-0.145 I0.0192 J-0.0015
X-55.3334 Y-1.4812 I0.0041 J0.0188
X-55.3416 Y-1.5188 I-0.0041 J-0.0188
X-55.3301 Y-1.5115 I0.002 J0.0094
G1 X-55.3285 Y-1.5038
X-55.3278 Y-1.5008 Z-0.1447
X-55.3272 Y-1.4979 Z-0.1438
X-55.3266 Y-1.4952 Z-0.1423
X-55.3261 Y-1.4929 Z-0.1404
X-55.3257 Y-1.491 Z-0.138
X-55.3254 Y-1.4895 Z-0.1353
X-55.3252 Y-1.4887 Z-0.1323
X-55.3251 Y-1.4884 Z-0.1292
G0 Z0.4
X-55.8279 Y-1.514
Z0.13
G1 Z0.0658 F40.
G19 G3 Y-1.4982 Z0.05 J0.0158 K0.
G1 Y-1.4904
G17 G3 X-55.8375 Y-1.4807 I-0.0096 J0.
Y-1.5193 Z0.0397 I0. J-0.0192
Y-1.4807 Z0.0294 I0. J0.0193
X-55.8427 Y-1.5185 Z0.02 I0. J-0.0193
X-55.8323 Y-1.4815 Z0.0097 I0.0052 J0.0185
X-55.8551 Y-1.4923 Z0.005 I-0.0052 J-0.0185
X-55.8199 Y-1.5077 Z-0.0053 I0.0176 J-0.0077
X-55.8274 Y-1.4836 Z-0.01 I-0.0176 J0.0077
X-55.8475 Y-1.5164 Z-0.0203 I-0.01 J-0.0164
X-55.8226 Y-1.5122 Z-0.025 I0.01 J0.0164
X-55.8524 Y-1.4878 Z-0.0353 I-0.0149 J0.0122
X-55.8226 Y-1.5122 Z-0.0456 I0.0149 J-0.0122
X-55.8485 Y-1.4842 Z-0.055 I-0.0149 J0.0122
X-55.8265 Y-1.5158 Z-0.0653 I0.011 J-0.0158
X-55.8204 Y-1.4912 Z-0.07 I-0.011 J0.0158
X-55.8546 Y-1.5088 Z-0.0803 I-0.0171 J-0.0088
X-55.8312 Y-1.5182 Z-0.085 I0.0171 J0.0088
X-55.8438 Y-1.4818 Z-0.0953 I-0.0063 J0.0182
X-55.8312 Y-1.5182 Z-0.1056 I0.0063 J-0.0182
X-55.8438 Y-1.4818 Z-0.1159 I-0.0063 J0.0182
X-55.8312 Y-1.5182 Z-0.1262 I0.0063 J-0.0182
X-55.8183 Y-1.5015 Z-0.13 I-0.0063 J0.0182
X-55.8567 Y-1.4985 Z-0.1403 I-0.0192 J0.0015
X-55.8416 Y-1.5188 Z-0.145 I0.0192 J-0.0015
X-55.8334 Y-1.4812 I0.0041 J0.0188
X-55.8416 Y-1.5188 I-0.0041 J-0.0188
X-55.8301 Y-1.5115 I0.0021 J0.0094
G1 X-55.8285 Y-1.5038
X-55.8278 Y-1.5008 Z-0.1447
X-55.8272 Y-1.4979 Z-0.1438
X-55.8266 Y-1.4952 Z-0.1423
X-55.8261 Y-1.4929 Z-0.1404
X-55.8257 Y-1.491 Z-0.138
X-55.8254 Y-1.4895 Z-0.1353
X-55.8252 Y-1.4887 Z-0.1323
X-55.8251 Y-1.4884 Z-0.1292
G0 Z0.4
X-56.3279 Y-1.514
Z0.13
G1 Z0.0658 F40.
G19 G3 Y-1.4982 Z0.05 J0.0158 K0.
G1 Y-1.4904
G17 G3 X-56.3375 Y-1.4807 I-0.0096 J0.
Y-1.5192 Z0.0397 I0. J-0.0192
Y-1.4808 Z0.0294 I0. J0.0192
X-56.3427 Y-1.5185 Z0.02 I0. J-0.0192
X-56.3323 Y-1.4815 Z0.0097 I0.0052 J0.0185
X-56.3427 Y-1.5185 Z-0.0006 I-0.0052 J-0.0185
X-56.3274 Y-1.4836 Z-0.01 I0.0052 J0.0185
X-56.3476 Y-1.5164 Z-0.0203 I-0.0101 J-0.0164
X-56.3226 Y-1.5122 Z-0.025 I0.0101 J0.0164
X-56.3524 Y-1.4878 Z-0.0353 I-0.0149 J0.0122
X-56.3516 Y-1.5131 Z-0.04 I0.0149 J-0.0122
X-56.3234 Y-1.4869 Z-0.0503 I0.0141 J0.0131
X-56.3485 Y-1.4842 Z-0.055 I-0.0141 J-0.0131
X-56.3265 Y-1.5158 Z-0.0653 I0.011 J-0.0158
X-56.3204 Y-1.4912 Z-0.07 I-0.011 J0.0158
X-56.3546 Y-1.5088 Z-0.0803 I-0.0171 J-0.0088
X-56.3312 Y-1.5182 Z-0.085 I0.0171 J0.0088
X-56.3438 Y-1.4818 Z-0.0953 I-0.0063 J0.0182
X-56.3312 Y-1.5182 Z-0.1056 I0.0063 J-0.0182
X-56.3438 Y-1.4818 Z-0.1159 I-0.0063 J0.0182
X-56.3312 Y-1.5182 Z-0.1262 I0.0063 J-0.0182
X-56.3183 Y-1.5015 Z-0.13 I-0.0063 J0.0182
X-56.3567 Y-1.4985 Z-0.1403 I-0.0192 J0.0015
X-56.3416 Y-1.5188 Z-0.145 I0.0192 J-0.0015
X-56.3334 Y-1.4812 I0.0041 J0.0188
X-56.3416 Y-1.5188 I-0.0041 J-0.0188
X-56.3301 Y-1.5115 I0.002 J0.0094
G1 X-56.3285 Y-1.5038
X-56.3278 Y-1.5008 Z-0.1447
X-56.3272 Y-1.4979 Z-0.1438
X-56.3266 Y-1.4952 Z-0.1423
X-56.3261 Y-1.4929 Z-0.1404
X-56.3257 Y-1.491 Z-0.138
X-56.3254 Y-1.4895 Z-0.1353
X-56.3252 Y-1.4887 Z-0.1323
X-56.3251 Y-1.4884 Z-0.1292
G0 Z0.4
X-56.8279 Y-1.514
Z0.13
G1 Z0.0658 F40.
G19 G3 Y-1.4982 Z0.05 J0.0158 K0.
G1 Y-1.4904
G17 G3 X-56.8375 Y-1.4807 I-0.0096 J0.
Y-1.5193 Z0.0397 I0. J-0.0192
X-56.8184 Y-1.5026 Z0.035 I0. J0.0193
X-56.8566 Y-1.4974 Z0.0247 I-0.0191 J0.0026
X-56.8427 Y-1.5185 Z0.02 I0.0191 J-0.0026
X-56.8323 Y-1.4815 Z0.0097 I0.0052 J0.0185
X-56.8427 Y-1.5185 Z-0.0006 I-0.0052 J-0.0185
X-56.8275 Y-1.4836 Z-0.01 I0.0052 J0.0185
X-56.8475 Y-1.5164 Z-0.0203 I-0.01 J-0.0164
X-56.8226 Y-1.5122 Z-0.025 I0.01 J0.0164
X-56.8524 Y-1.4878 Z-0.0353 I-0.0149 J0.0122
X-56.8226 Y-1.5122 Z-0.0456 I0.0149 J-0.0122
X-56.8485 Y-1.4842 Z-0.055 I-0.0149 J0.0122
X-56.8265 Y-1.5158 Z-0.0653 I0.011 J-0.0158
X-56.8204 Y-1.4912 Z-0.07 I-0.011 J0.0158
X-56.8546 Y-1.5088 Z-0.0803 I-0.0171 J-0.0088
X-56.8312 Y-1.5182 Z-0.085 I0.0171 J0.0088
X-56.8438 Y-1.4818 Z-0.0953 I-0.0063 J0.0182
X-56.8312 Y-1.5182 Z-0.1056 I0.0063 J-0.0182
X-56.8438 Y-1.4818 Z-0.1159 I-0.0063 J0.0182
X-56.8312 Y-1.5182 Z-0.1262 I0.0063 J-0.0182
X-56.8183 Y-1.5015 Z-0.13 I-0.0063 J0.0182
X-56.8567 Y-1.4985 Z-0.1403 I-0.0192 J0.0015
X-56.8416 Y-1.5188 Z-0.145 I0.0192 J-0.0015
X-56.8334 Y-1.4812 I0.0041 J0.0188
X-56.8416 Y-1.5188 I-0.0041 J-0.0188
X-56.8301 Y-1.5115 I0.0021 J0.0094
G1 X-56.8285 Y-1.5038
X-56.8278 Y-1.5008 Z-0.1447
X-56.8272 Y-1.4979 Z-0.1438
X-56.8266 Y-1.4952 Z-0.1423
X-56.8261 Y-1.4929 Z-0.1404
X-56.8257 Y-1.491 Z-0.138
X-56.8254 Y-1.4895 Z-0.1353
X-56.8252 Y-1.4887 Z-0.1323
X-56.8251 Y-1.4884 Z-0.1292
G0 Z0.4
X-57.3279 Y-1.514
Z0.13
G1 Z0.0658 F40.
G19 G3 Y-1.4982 Z0.05 J0.0158 K0.
G1 Y-1.4904
G17 G3 X-57.3375 Y-1.4807 I-0.0096 J0.
Y-1.5192 Z0.0397 I0. J-0.0192
Y-1.4808 Z0.0294 I0. J0.0192
X-57.3427 Y-1.5185 Z0.02 I0. J-0.0192
X-57.3323 Y-1.4815 Z0.0097 I0.0052 J0.0185
X-57.3427 Y-1.5185 Z-0.0006 I-0.0052 J-0.0185
X-57.3274 Y-1.4836 Z-0.01 I0.0052 J0.0185
X-57.3476 Y-1.5164 Z-0.0203 I-0.0101 J-0.0164
X-57.3226 Y-1.5122 Z-0.025 I0.0101 J0.0164
X-57.3524 Y-1.4878 Z-0.0353 I-0.0149 J0.0122
X-57.3516 Y-1.5131 Z-0.04 I0.0149 J-0.0122
X-57.3234 Y-1.4869 Z-0.0503 I0.0141 J0.0131
X-57.3485 Y-1.4842 Z-0.055 I-0.0141 J-0.0131
X-57.3265 Y-1.5158 Z-0.0653 I0.011 J-0.0158
X-57.3204 Y-1.4912 Z-0.07 I-0.011 J0.0158
X-57.3546 Y-1.5088 Z-0.0803 I-0.0171 J-0.0088
X-57.3312 Y-1.5182 Z-0.085 I0.0171 J0.0088
X-57.3438 Y-1.4818 Z-0.0953 I-0.0063 J0.0182
X-57.3312 Y-1.5182 Z-0.1056 I0.0063 J-0.0182
X-57.3438 Y-1.4818 Z-0.1159 I-0.0063 J0.0182
X-57.3312 Y-1.5182 Z-0.1262 I0.0063 J-0.0182
X-57.3183 Y-1.5015 Z-0.13 I-0.0063 J0.0182
X-57.3567 Y-1.4985 Z-0.1403 I-0.0192 J0.0015
X-57.3416 Y-1.5188 Z-0.145 I0.0192 J-0.0015
X-57.3334 Y-1.4812 I0.0041 J0.0188
X-57.3416 Y-1.5188 I-0.0041 J-0.0188
X-57.3301 Y-1.5115 I0.0021 J0.0094
G1 X-57.3285 Y-1.5038
X-57.3278 Y-1.5008 Z-0.1447
X-57.3272 Y-1.4979 Z-0.1438
X-57.3266 Y-1.4952 Z-0.1423
X-57.3261 Y-1.4929 Z-0.1404
X-57.3257 Y-1.491 Z-0.138
X-57.3254 Y-1.4895 Z-0.1353
X-57.3252 Y-1.4887 Z-0.1323
X-57.3251 Y-1.4884 Z-0.1292
G0 Z0.4
X-57.8279 Y-1.514
Z0.13
G1 Z0.0658 F40.
G19 G3 Y-1.4982 Z0.05 J0.0158 K0.
G1 Y-1.4904
G17 G3 X-57.8375 Y-1.4807 I-0.0096 J0.
Y-1.5192 Z0.0397 I0. J-0.0192
Y-1.4808 Z0.0294 I0. J0.0192
X-57.8427 Y-1.5185 Z0.02 I0. J-0.0192
X-57.8323 Y-1.4815 Z0.0097 I0.0052 J0.0185
X-57.8427 Y-1.5185 Z-0.0006 I-0.0052 J-0.0185
X-57.8274 Y-1.4836 Z-0.01 I0.0052 J0.0185
X-57.8476 Y-1.5164 Z-0.0203 I-0.0101 J-0.0164
X-57.8226 Y-1.5122 Z-0.025 I0.0101 J0.0164
X-57.8524 Y-1.4878 Z-0.0353 I-0.0149 J0.0122
X-57.8226 Y-1.5122 Z-0.0456 I0.0149 J-0.0122
X-57.8485 Y-1.4842 Z-0.055 I-0.0149 J0.0122
X-57.8265 Y-1.5158 Z-0.0653 I0.011 J-0.0158
X-57.8204 Y-1.4912 Z-0.07 I-0.011 J0.0158
X-57.8546 Y-1.5088 Z-0.0803 I-0.0171 J-0.0088
X-57.8312 Y-1.5182 Z-0.085 I0.0171 J0.0088
X-57.8438 Y-1.4818 Z-0.0953 I-0.0063 J0.0182
X-57.8312 Y-1.5182 Z-0.1056 I0.0063 J-0.0182
X-57.8438 Y-1.4818 Z-0.1159 I-0.0063 J0.0182
X-57.8312 Y-1.5182 Z-0.1262 I0.0063 J-0.0182
X-57.8183 Y-1.5015 Z-0.13 I-0.0063 J0.0182
X-57.8567 Y-1.4985 Z-0.1403 I-0.0192 J0.0015
X-57.8416 Y-1.5188 Z-0.145 I0.0192 J-0.0015
X-57.8334 Y-1.4812 I0.0041 J0.0188
X-57.8416 Y-1.5188 I-0.0041 J-0.0188
X-57.8301 Y-1.5115 I0.002 J0.0094
G1 X-57.8285 Y-1.5038
X-57.8278 Y-1.5008 Z-0.1447
X-57.8272 Y-1.4979 Z-0.1438
X-57.8266 Y-1.4952 Z-0.1423
X-57.8261 Y-1.4929 Z-0.1404
X-57.8257 Y-1.491 Z-0.138
X-57.8254 Y-1.4895 Z-0.1353
X-57.8252 Y-1.4887 Z-0.1323
X-57.8251 Y-1.4884 Z-0.1292
G0 Z0.4
X-57.8279 Y-0.514
Z0.13
G1 Z0.0658 F40.
G19 G3 Y-0.4983 Z0.05 J0.0158 K0.
G1 Y-0.4904
G17 G3 X-57.8375 Y-0.4808 I-0.0096 J0.
Y-0.5192 Z0.0397 I0. J-0.0192
Y-0.4808 Z0.0294 I0. J0.0192
X-57.8427 Y-0.5185 Z0.02 I0. J-0.0192
X-57.8323 Y-0.4815 Z0.0097 I0.0052 J0.0185
X-57.8427 Y-0.5185 Z-0.0006 I-0.0052 J-0.0185
X-57.8274 Y-0.4836 Z-0.01 I0.0052 J0.0185
X-57.8476 Y-0.5164 Z-0.0203 I-0.0101 J-0.0164
X-57.8226 Y-0.5122 Z-0.025 I0.0101 J0.0164
X-57.8524 Y-0.4878 Z-0.0353 I-0.0149 J0.0122
X-57.8226 Y-0.5122 Z-0.0456 I0.0149 J-0.0122
X-57.8485 Y-0.4842 Z-0.055 I-0.0149 J0.0122
X-57.8265 Y-0.5158 Z-0.0653 I0.011 J-0.0158
X-57.8485 Y-0.4842 Z-0.0756 I-0.011 J0.0158
X-57.8312 Y-0.5182 Z-0.085 I0.011 J-0.0158
X-57.8438 Y-0.4818 Z-0.0953 I-0.0063 J0.0182
X-57.8564 Y-0.5038 Z-0.1 I0.0063 J-0.0182
X-57.8186 Y-0.4962 Z-0.1103 I0.0189 J0.0038
X-57.8564 Y-0.5038 Z-0.1206 I-0.0189 J-0.0038
X-57.8186 Y-0.4962 Z-0.1309 I0.0189 J0.0038
X-57.8564 Y-0.5038 Z-0.1412 I-0.0189 J-0.0038
X-57.8416 Y-0.5188 Z-0.145 I0.0189 J0.0038
X-57.8334 Y-0.4812 I0.0041 J0.0188
X-57.8416 Y-0.5188 I-0.0041 J-0.0188
X-57.8301 Y-0.5115 I0.002 J0.0094
G1 X-57.8285 Y-0.5038
X-57.8278 Y-0.5008 Z-0.1447
X-57.8272 Y-0.4979 Z-0.1438
X-57.8266 Y-0.4952 Z-0.1423
X-57.8261 Y-0.4929 Z-0.1404
X-57.8257 Y-0.491 Z-0.138
X-57.8254 Y-0.4895 Z-0.1353
X-57.8252 Y-0.4887 Z-0.1323
X-57.8251 Y-0.4884 Z-0.1292
G0 Z0.4
X-57.3279 Y-0.514
Z0.13
G1 Z0.0658 F40.
G19 G3 Y-0.4983 Z0.05 J0.0158 K0.
G1 Y-0.4904
G17 G3 X-57.3375 Y-0.4808 I-0.0096 J0.
Y-0.5192 Z0.0397 I0. J-0.0192
Y-0.4808 Z0.0294 I0. J0.0192
X-57.3427 Y-0.5185 Z0.02 I0. J-0.0192
X-57.3323 Y-0.4815 Z0.0097 I0.0052 J0.0185
X-57.3427 Y-0.5185 Z-0.0006 I-0.0052 J-0.0185
X-57.3274 Y-0.4836 Z-0.01 I0.0052 J0.0185
X-57.3476 Y-0.5164 Z-0.0203 I-0.0101 J-0.0164
X-57.3226 Y-0.5122 Z-0.025 I0.0101 J0.0164
X-57.3524 Y-0.4878 Z-0.0353 I-0.0149 J0.0122
X-57.3516 Y-0.5131 Z-0.04 I0.0149 J-0.0122
X-57.3234 Y-0.4869 Z-0.0503 I0.0141 J0.0131
X-57.3485 Y-0.4842 Z-0.055 I-0.0141 J-0.0131
X-57.3265 Y-0.5158 Z-0.0653 I0.011 J-0.0158
X-57.3485 Y-0.4842 Z-0.0756 I-0.011 J0.0158
X-57.3312 Y-0.5182 Z-0.085 I0.011 J-0.0158
X-57.3438 Y-0.4818 Z-0.0953 I-0.0063 J0.0182
X-57.3312 Y-0.5182 Z-0.1056 I0.0063 J-0.0182
X-57.3438 Y-0.4818 Z-0.1159 I-0.0063 J0.0182
X-57.3312 Y-0.5182 Z-0.1262 I0.0063 J-0.0182
X-57.3183 Y-0.5015 Z-0.13 I-0.0063 J0.0182
X-57.3567 Y-0.4985 Z-0.1403 I-0.0192 J0.0015
X-57.3416 Y-0.5188 Z-0.145 I0.0192 J-0.0015
X-57.3334 Y-0.4812 I0.0041 J0.0188
X-57.3416 Y-0.5188 I-0.0041 J-0.0188
X-57.3301 Y-0.5115 I0.0021 J0.0094
G1 X-57.3285 Y-0.5038
X-57.3278 Y-0.5008 Z-0.1447
X-57.3272 Y-0.4979 Z-0.1438
X-57.3266 Y-0.4952 Z-0.1423
X-57.3261 Y-0.4929 Z-0.1404
X-57.3257 Y-0.491 Z-0.138
X-57.3254 Y-0.4895 Z-0.1353
X-57.3252 Y-0.4887 Z-0.1323
X-57.3251 Y-0.4884 Z-0.1292
G0 Z0.4
X-56.8279 Y-0.514
Z0.13
G1 Z0.0658 F40.
G19 G3 Y-0.4983 Z0.05 J0.0158 K0.
G1 Y-0.4904
G17 G3 X-56.8375 Y-0.4808 I-0.0096 J0.
Y-0.5193 Z0.0397 I0. J-0.0192
X-56.8184 Y-0.5026 Z0.035 I0. J0.0193
X-56.8566 Y-0.4974 Z0.0247 I-0.0191 J0.0026
X-56.8427 Y-0.5185 Z0.02 I0.0191 J-0.0026
X-56.8323 Y-0.4815 Z0.0097 I0.0052 J0.0185
X-56.8427 Y-0.5185 Z-0.0006 I-0.0052 J-0.0185
X-56.8275 Y-0.4836 Z-0.01 I0.0052 J0.0185
X-56.8475 Y-0.5164 Z-0.0203 I-0.01 J-0.0164
X-56.8226 Y-0.5122 Z-0.025 I0.01 J0.0164
X-56.8524 Y-0.4878 Z-0.0353 I-0.0149 J0.0122
X-56.8226 Y-0.5122 Z-0.0456 I0.0149 J-0.0122
X-56.8485 Y-0.4842 Z-0.055 I-0.0149 J0.0122
X-56.8265 Y-0.5158 Z-0.0653 I0.011 J-0.0158
X-56.8204 Y-0.4912 Z-0.07 I-0.011 J0.0158
X-56.8546 Y-0.5088 Z-0.0803 I-0.0171 J-0.0088
X-56.8312 Y-0.5182 Z-0.085 I0.0171 J0.0088
X-56.8438 Y-0.4818 Z-0.0953 I-0.0063 J0.0182
X-56.8312 Y-0.5182 Z-0.1056 I0.0063 J-0.0182
X-56.8438 Y-0.4818 Z-0.1159 I-0.0063 J0.0182
X-56.8312 Y-0.5182 Z-0.1262 I0.0063 J-0.0182
X-56.8183 Y-0.5015 Z-0.13 I-0.0063 J0.0182
X-56.8567 Y-0.4985 Z-0.1403 I-0.0192 J0.0015
X-56.8416 Y-0.5188 Z-0.145 I0.0192 J-0.0015
X-56.8334 Y-0.4812 I0.0041 J0.0188
X-56.8416 Y-0.5188 I-0.0041 J-0.0188
X-56.8301 Y-0.5115 I0.0021 J0.0094
G1 X-56.8285 Y-0.5038
X-56.8278 Y-0.5008 Z-0.1447
X-56.8272 Y-0.4979 Z-0.1438
X-56.8266 Y-0.4952 Z-0.1423
X-56.8261 Y-0.4929 Z-0.1404
X-56.8257 Y-0.491 Z-0.138
X-56.8254 Y-0.4895 Z-0.1353
X-56.8252 Y-0.4887 Z-0.1323
X-56.8251 Y-0.4884 Z-0.1292
G0 Z0.4
X-56.3279 Y-0.514
Z0.13
G1 Z0.0658 F40.
G19 G3 Y-0.4983 Z0.05 J0.0158 K0.
G1 Y-0.4904
G17 G3 X-56.3375 Y-0.4808 I-0.0096 J0.
Y-0.5192 Z0.0397 I0. J-0.0192
Y-0.4808 Z0.0294 I0. J0.0192
X-56.3427 Y-0.5185 Z0.02 I0. J-0.0192
X-56.3323 Y-0.4815 Z0.0097 I0.0052 J0.0185
X-56.3427 Y-0.5185 Z-0.0006 I-0.0052 J-0.0185
X-56.3274 Y-0.4836 Z-0.01 I0.0052 J0.0185
X-56.3476 Y-0.5164 Z-0.0203 I-0.0101 J-0.0164
X-56.3226 Y-0.5122 Z-0.025 I0.0101 J0.0164
X-56.3524 Y-0.4878 Z-0.0353 I-0.0149 J0.0122
X-56.3516 Y-0.5131 Z-0.04 I0.0149 J-0.0122
X-56.3234 Y-0.4869 Z-0.0503 I0.0141 J0.0131
X-56.3485 Y-0.4842 Z-0.055 I-0.0141 J-0.0131
X-56.3265 Y-0.5158 Z-0.0653 I0.011 J-0.0158
X-56.3485 Y-0.4842 Z-0.0756 I-0.011 J0.0158
X-56.3312 Y-0.5182 Z-0.085 I0.011 J-0.0158
X-56.3438 Y-0.4818 Z-0.0953 I-0.0063 J0.0182
X-56.3312 Y-0.5182 Z-0.1056 I0.0063 J-0.0182
X-56.3438 Y-0.4818 Z-0.1159 I-0.0063 J0.0182
X-56.3312 Y-0.5182 Z-0.1262 I0.0063 J-0.0182
X-56.3183 Y-0.5015 Z-0.13 I-0.0063 J0.0182
X-56.3567 Y-0.4985 Z-0.1403 I-0.0192 J0.0015
X-56.3416 Y-0.5188 Z-0.145 I0.0192 J-0.0015
X-56.3334 Y-0.4812 I0.0041 J0.0188
X-56.3416 Y-0.5188 I-0.0041 J-0.0188
X-56.3301 Y-0.5115 I0.002 J0.0094
G1 X-56.3285 Y-0.5038
X-56.3278 Y-0.5008 Z-0.1447
X-56.3272 Y-0.4979 Z-0.1438
X-56.3266 Y-0.4952 Z-0.1423
X-56.3261 Y-0.4929 Z-0.1404
X-56.3257 Y-0.491 Z-0.138
X-56.3254 Y-0.4895 Z-0.1353
X-56.3252 Y-0.4887 Z-0.1323
X-56.3251 Y-0.4884 Z-0.1292
G0 Z0.4
X-55.8279 Y-0.514
Z0.13
G1 Z0.0658 F40.
G19 G3 Y-0.4983 Z0.05 J0.0158 K0.
G1 Y-0.4904
G17 G3 X-55.8375 Y-0.4808 I-0.0096 J0.
Y-0.5193 Z0.0397 I0. J-0.0192
Y-0.4807 Z0.0294 I0. J0.0193
X-55.8427 Y-0.5185 Z0.02 I0. J-0.0193
X-55.8323 Y-0.4815 Z0.0097 I0.0052 J0.0185
X-55.8551 Y-0.4923 Z0.005 I-0.0052 J-0.0185
X-55.8199 Y-0.5077 Z-0.0053 I0.0176 J-0.0077
X-55.8274 Y-0.4836 Z-0.01 I-0.0176 J0.0077
X-55.8475 Y-0.5164 Z-0.0203 I-0.01 J-0.0164
X-55.8226 Y-0.5122 Z-0.025 I0.01 J0.0164
X-55.8524 Y-0.4878 Z-0.0353 I-0.0149 J0.0122
X-55.8226 Y-0.5122 Z-0.0456 I0.0149 J-0.0122
X-55.8485 Y-0.4842 Z-0.055 I-0.0149 J0.0122
X-55.8265 Y-0.5158 Z-0.0653 I0.011 J-0.0158
X-55.8204 Y-0.4912 Z-0.07 I-0.011 J0.0158
X-55.8546 Y-0.5088 Z-0.0803 I-0.0171 J-0.0088
X-55.8312 Y-0.5182 Z-0.085 I0.0171 J0.0088
X-55.8438 Y-0.4818 Z-0.0953 I-0.0063 J0.0182
X-55.8312 Y-0.5182 Z-0.1056 I0.0063 J-0.0182
X-55.8438 Y-0.4818 Z-0.1159 I-0.0063 J0.0182
X-55.8312 Y-0.5182 Z-0.1262 I0.0063 J-0.0182
X-55.8183 Y-0.5015 Z-0.13 I-0.0063 J0.0182
X-55.8567 Y-0.4985 Z-0.1403 I-0.0192 J0.0015
X-55.8416 Y-0.5188 Z-0.145 I0.0192 J-0.0015
X-55.8334 Y-0.4812 I0.0041 J0.0188
X-55.8416 Y-0.5188 I-0.0041 J-0.0188
X-55.8301 Y-0.5115 I0.0021 J0.0094
G1 X-55.8285 Y-0.5038
X-55.8278 Y-0.5008 Z-0.1447
X-55.8272 Y-0.4979 Z-0.1438
X-55.8266 Y-0.4952 Z-0.1423
X-55.8261 Y-0.4929 Z-0.1404
X-55.8257 Y-0.491 Z-0.138
X-55.8254 Y-0.4895 Z-0.1353
X-55.8252 Y-0.4887 Z-0.1323
X-55.8251 Y-0.4884 Z-0.1292
G0 Z0.4
X-55.3279 Y-0.514
Z0.13
G1 Z0.0658 F40.
G19 G3 Y-0.4983 Z0.05 J0.0158 K0.
G1 Y-0.4904
G17 G3 X-55.3375 Y-0.4808 I-0.0096 J0.
Y-0.5192 Z0.0397 I0. J-0.0192
Y-0.4808 Z0.0294 I0. J0.0192
X-55.3427 Y-0.5185 Z0.02 I0. J-0.0192
X-55.3323 Y-0.4815 Z0.0097 I0.0052 J0.0185
X-55.3427 Y-0.5185 Z-0.0006 I-0.0052 J-0.0185
X-55.3274 Y-0.4836 Z-0.01 I0.0052 J0.0185
X-55.3476 Y-0.5164 Z-0.0203 I-0.0101 J-0.0164
X-55.3226 Y-0.5122 Z-0.025 I0.0101 J0.0164
X-55.3524 Y-0.4878 Z-0.0353 I-0.0149 J0.0122
X-55.3226 Y-0.5122 Z-0.0456 I0.0149 J-0.0122
X-55.3485 Y-0.4842 Z-0.055 I-0.0149 J0.0122
X-55.3265 Y-0.5158 Z-0.0653 I0.011 J-0.0158
X-55.3485 Y-0.4842 Z-0.0756 I-0.011 J0.0158
X-55.3312 Y-0.5182 Z-0.085 I0.011 J-0.0158
X-55.3438 Y-0.4818 Z-0.0953 I-0.0063 J0.0182
X-55.3564 Y-0.5038 Z-0.1 I0.0063 J-0.0182
X-55.3186 Y-0.4962 Z-0.1103 I0.0189 J0.0038
X-55.3564 Y-0.5038 Z-0.1206 I-0.0189 J-0.0038
X-55.3186 Y-0.4962 Z-0.1309 I0.0189 J0.0038
X-55.3564 Y-0.5038 Z-0.1412 I-0.0189 J-0.0038
X-55.3416 Y-0.5188 Z-0.145 I0.0189 J0.0038
X-55.3334 Y-0.4812 I0.0041 J0.0188
X-55.3416 Y-0.5188 I-0.0041 J-0.0188
X-55.3301 Y-0.5115 I0.002 J0.0094
G1 X-55.3285 Y-0.5038
X-55.3278 Y-0.5008 Z-0.1447
X-55.3272 Y-0.4979 Z-0.1438
X-55.3266 Y-0.4952 Z-0.1423
X-55.3261 Y-0.4929 Z-0.1404
X-55.3257 Y-0.491 Z-0.138
X-55.3254 Y-0.4895 Z-0.1353
X-55.3252 Y-0.4887 Z-0.1323
X-55.3251 Y-0.4884 Z-0.1292
G0 Z0.4
X-54.8279 Y-0.514
Z0.13
G1 Z0.0658 F40.
G19 G3 Y-0.4983 Z0.05 J0.0158 K0.
G1 Y-0.4904
G17 G3 X-54.8375 Y-0.4808 I-0.0096 J0.
Y-0.5192 Z0.0397 I0. J-0.0192
Y-0.4808 Z0.0294 I0. J0.0192
X-54.8427 Y-0.5185 Z0.02 I0. J-0.0192
X-54.8323 Y-0.4815 Z0.0097 I0.0052 J0.0185
X-54.8427 Y-0.5185 Z-0.0006 I-0.0052 J-0.0185
X-54.8274 Y-0.4836 Z-0.01 I0.0052 J0.0185
X-54.8476 Y-0.5164 Z-0.0203 I-0.0101 J-0.0164
X-54.8226 Y-0.5122 Z-0.025 I0.0101 J0.0164
X-54.8524 Y-0.4878 Z-0.0353 I-0.0149 J0.0122
X-54.8516 Y-0.5131 Z-0.04 I0.0149 J-0.0122
X-54.8234 Y-0.4869 Z-0.0503 I0.0141 J0.0131
X-54.8485 Y-0.4842 Z-0.055 I-0.0141 J-0.0131
X-54.8265 Y-0.5158 Z-0.0653 I0.011 J-0.0158
X-54.8485 Y-0.4842 Z-0.0756 I-0.011 J0.0158
X-54.8312 Y-0.5182 Z-0.085 I0.011 J-0.0158
X-54.8438 Y-0.4818 Z-0.0953 I-0.0063 J0.0182
X-54.8312 Y-0.5182 Z-0.1056 I0.0063 J-0.0182
X-54.8438 Y-0.4818 Z-0.1159 I-0.0063 J0.0182
X-54.8312 Y-0.5182 Z-0.1262 I0.0063 J-0.0182
X-54.8183 Y-0.5015 Z-0.13 I-0.0063 J0.0182
X-54.8567 Y-0.4985 Z-0.1403 I-0.0192 J0.0015
X-54.8416 Y-0.5188 Z-0.145 I0.0192 J-0.0015
X-54.8334 Y-0.4812 I0.0041 J0.0188
X-54.8416 Y-0.5188 I-0.0041 J-0.0188
X-54.8301 Y-0.5115 I0.0021 J0.0094
G1 X-54.8285 Y-0.5038
X-54.8278 Y-0.5008 Z-0.1447
X-54.8272 Y-0.4979 Z-0.1438
X-54.8266 Y-0.4952 Z-0.1423
X-54.8261 Y-0.4929 Z-0.1404
X-54.8257 Y-0.491 Z-0.138
X-54.8254 Y-0.4895 Z-0.1353
X-54.8252 Y-0.4887 Z-0.1323
X-54.8251 Y-0.4884 Z-0.1292
G0 Z0.4
X-54.3279 Y-0.514
Z0.13
G1 Z0.0658 F40.
G19 G3 Y-0.4983 Z0.05 J0.0158 K0.
G1 Y-0.4904
G17 G3 X-54.3375 Y-0.4808 I-0.0096 J0.
Y-0.5193 Z0.0397 I0. J-0.0192
X-54.3184 Y-0.5026 Z0.035 I0. J0.0193
X-54.3566 Y-0.4974 Z0.0247 I-0.0191 J0.0026
X-54.3427 Y-0.5185 Z0.02 I0.0191 J-0.0026
X-54.3323 Y-0.4815 Z0.0097 I0.0052 J0.0185
X-54.3427 Y-0.5185 Z-0.0006 I-0.0052 J-0.0185
X-54.3275 Y-0.4836 Z-0.01 I0.0052 J0.0185
X-54.3475 Y-0.5164 Z-0.0203 I-0.01 J-0.0164
X-54.3226 Y-0.5122 Z-0.025 I0.01 J0.0164
X-54.3524 Y-0.4878 Z-0.0353 I-0.0149 J0.0122
X-54.3226 Y-0.5122 Z-0.0456 I0.0149 J-0.0122
X-54.3485 Y-0.4842 Z-0.055 I-0.0149 J0.0122
X-54.3265 Y-0.5158 Z-0.0653 I0.011 J-0.0158
X-54.3204 Y-0.4912 Z-0.07 I-0.011 J0.0158
X-54.3546 Y-0.5088 Z-0.0803 I-0.0171 J-0.0088
X-54.3312 Y-0.5182 Z-0.085 I0.0171 J0.0088
X-54.3438 Y-0.4818 Z-0.0953 I-0.0063 J0.0182
X-54.3312 Y-0.5182 Z-0.1056 I0.0063 J-0.0182
X-54.3438 Y-0.4818 Z-0.1159 I-0.0063 J0.0182
X-54.3312 Y-0.5182 Z-0.1262 I0.0063 J-0.0182
X-54.3183 Y-0.5015 Z-0.13 I-0.0063 J0.0182
X-54.3567 Y-0.4985 Z-0.1403 I-0.0192 J0.0015
X-54.3416 Y-0.5188 Z-0.145 I0.0192 J-0.0015
X-54.3334 Y-0.4812 I0.0041 J0.0188
X-54.3416 Y-0.5188 I-0.0041 J-0.0188
X-54.3301 Y-0.5115 I0.0021 J0.0094
G1 X-54.3285 Y-0.5038
X-54.3278 Y-0.5008 Z-0.1447
X-54.3272 Y-0.4979 Z-0.1438
X-54.3266 Y-0.4952 Z-0.1423
X-54.3261 Y-0.4929 Z-0.1404
X-54.3257 Y-0.491 Z-0.138
X-54.3254 Y-0.4895 Z-0.1353
X-54.3252 Y-0.4887 Z-0.1323
X-54.3251 Y-0.4884 Z-0.1292
G0 Z0.4
X-53.8279 Y-0.514
Z0.13
G1 Z0.0658 F40.
G19 G3 Y-0.4983 Z0.05 J0.0158 K0.
G1 Y-0.4904
G17 G3 X-53.8375 Y-0.4808 I-0.0096 J0.
Y-0.5192 Z0.0397 I0. J-0.0192
Y-0.4808 Z0.0294 I0. J0.0192
X-53.8427 Y-0.5185 Z0.02 I0. J-0.0192
X-53.8323 Y-0.4815 Z0.0097 I0.0052 J0.0185
X-53.8427 Y-0.5185 Z-0.0006 I-0.0052 J-0.0185
X-53.8274 Y-0.4836 Z-0.01 I0.0052 J0.0185
X-53.8476 Y-0.5164 Z-0.0203 I-0.0101 J-0.0164
X-53.8226 Y-0.5122 Z-0.025 I0.0101 J0.0164
X-53.8524 Y-0.4878 Z-0.0353 I-0.0149 J0.0122
X-53.8516 Y-0.5131 Z-0.04 I0.0149 J-0.0122
X-53.8234 Y-0.4869 Z-0.0503 I0.0141 J0.0131
X-53.8485 Y-0.4842 Z-0.055 I-0.0141 J-0.0131
X-53.8265 Y-0.5158 Z-0.0653 I0.011 J-0.0158
X-53.8485 Y-0.4842 Z-0.0756 I-0.011 J0.0158
X-53.8312 Y-0.5182 Z-0.085 I0.011 J-0.0158
X-53.8438 Y-0.4818 Z-0.0953 I-0.0063 J0.0182
X-53.8312 Y-0.5182 Z-0.1056 I0.0063 J-0.0182
X-53.8438 Y-0.4818 Z-0.1159 I-0.0063 J0.0182
X-53.8312 Y-0.5182 Z-0.1262 I0.0063 J-0.0182
X-53.8183 Y-0.5015 Z-0.13 I-0.0063 J0.0182
X-53.8567 Y-0.4985 Z-0.1403 I-0.0192 J0.0015
X-53.8416 Y-0.5188 Z-0.145 I0.0192 J-0.0015
X-53.8334 Y-0.4812 I0.0041 J0.0188
X-53.8416 Y-0.5188 I-0.0041 J-0.0188
X-53.8301 Y-0.5115 I0.002 J0.0094
G1 X-53.8285 Y-0.5038
X-53.8278 Y-0.5008 Z-0.1447
X-53.8272 Y-0.4979 Z-0.1438
X-53.8266 Y-0.4952 Z-0.1423
X-53.8261 Y-0.4929 Z-0.1404
X-53.8257 Y-0.491 Z-0.138
X-53.8254 Y-0.4895 Z-0.1353
X-53.8252 Y-0.4887 Z-0.1323
X-53.8251 Y-0.4884 Z-0.1292
G0 Z0.4
X-53.3279 Y-0.514
Z0.13
G1 Z0.0658 F40.
G19 G3 Y-0.4983 Z0.05 J0.0158 K0.
G1 Y-0.4904
G17 G3 X-53.3375 Y-0.4808 I-0.0096 J0.
Y-0.5193 Z0.0397 I0. J-0.0192
Y-0.4807 Z0.0294 I0. J0.0193
X-53.3427 Y-0.5185 Z0.02 I0. J-0.0193
X-53.3323 Y-0.4815 Z0.0097 I0.0052 J0.0185
X-53.3551 Y-0.4923 Z0.005 I-0.0052 J-0.0185
X-53.3199 Y-0.5077 Z-0.0053 I0.0176 J-0.0077
X-53.3274 Y-0.4836 Z-0.01 I-0.0176 J0.0077
X-53.3475 Y-0.5164 Z-0.0203 I-0.01 J-0.0164
X-53.3226 Y-0.5122 Z-0.025 I0.01 J0.0164
X-53.3524 Y-0.4878 Z-0.0353 I-0.0149 J0.0122
X-53.3226 Y-0.5122 Z-0.0456 I0.0149 J-0.0122
X-53.3485 Y-0.4842 Z-0.055 I-0.0149 J0.0122
X-53.3265 Y-0.5158 Z-0.0653 I0.011 J-0.0158
X-53.3204 Y-0.4912 Z-0.07 I-0.011 J0.0158
X-53.3546 Y-0.5088 Z-0.0803 I-0.0171 J-0.0088
X-53.3312 Y-0.5182 Z-0.085 I0.0171 J0.0088
X-53.3438 Y-0.4818 Z-0.0953 I-0.0063 J0.0182
X-53.3312 Y-0.5182 Z-0.1056 I0.0063 J-0.0182
X-53.3438 Y-0.4818 Z-0.1159 I-0.0063 J0.0182
X-53.3312 Y-0.5182 Z-0.1262 I0.0063 J-0.0182
X-53.3183 Y-0.5015 Z-0.13 I-0.0063 J0.0182
X-53.3567 Y-0.4985 Z-0.1403 I-0.0192 J0.0015
X-53.3416 Y-0.5188 Z-0.145 I0.0192 J-0.0015
X-53.3334 Y-0.4812 I0.0041 J0.0188
X-53.3416 Y-0.5188 I-0.0041 J-0.0188
X-53.3301 Y-0.5115 I0.0021 J0.0094
G1 X-53.3285 Y-0.5038
X-53.3278 Y-0.5008 Z-0.1447
X-53.3272 Y-0.4979 Z-0.1438
X-53.3266 Y-0.4952 Z-0.1423
X-53.3261 Y-0.4929 Z-0.1404
X-53.3257 Y-0.491 Z-0.138
X-53.3254 Y-0.4895 Z-0.1353
X-53.3252 Y-0.4887 Z-0.1323
X-53.3251 Y-0.4884 Z-0.1292
G0 Z0.4
X-52.8279 Y-0.514
Z0.13
G1 Z0.0658 F40.
G19 G3 Y-0.4983 Z0.05 J0.0158 K0.
G1 Y-0.4904
G17 G3 X-52.8375 Y-0.4808 I-0.0096 J0.
Y-0.5192 Z0.0397 I0. J-0.0192
Y-0.4808 Z0.0294 I0. J0.0192
X-52.8427 Y-0.5185 Z0.02 I0. J-0.0192
X-52.8323 Y-0.4815 Z0.0097 I0.0052 J0.0185
X-52.8427 Y-0.5185 Z-0.0006 I-0.0052 J-0.0185
X-52.8274 Y-0.4836 Z-0.01 I0.0052 J0.0185
X-52.8476 Y-0.5164 Z-0.0203 I-0.0101 J-0.0164
X-52.8226 Y-0.5122 Z-0.025 I0.0101 J0.0164
X-52.8524 Y-0.4878 Z-0.0353 I-0.0149 J0.0122
X-52.8226 Y-0.5122 Z-0.0456 I0.0149 J-0.0122
X-52.8485 Y-0.4842 Z-0.055 I-0.0149 J0.0122
X-52.8265 Y-0.5158 Z-0.0653 I0.011 J-0.0158
X-52.8485 Y-0.4842 Z-0.0756 I-0.011 J0.0158
X-52.8312 Y-0.5182 Z-0.085 I0.011 J-0.0158
X-52.8438 Y-0.4818 Z-0.0953 I-0.0063 J0.0182
X-52.8564 Y-0.5038 Z-0.1 I0.0063 J-0.0182
X-52.8186 Y-0.4962 Z-0.1103 I0.0189 J0.0038
X-52.8564 Y-0.5038 Z-0.1206 I-0.0189 J-0.0038
X-52.8186 Y-0.4962 Z-0.1309 I0.0189 J0.0038
X-52.8564 Y-0.5038 Z-0.1412 I-0.0189 J-0.0038
X-52.8416 Y-0.5188 Z-0.145 I0.0189 J0.0038
X-52.8334 Y-0.4812 I0.0041 J0.0188
X-52.8416 Y-0.5188 I-0.0041 J-0.0188
X-52.8301 Y-0.5115 I0.002 J0.0094
G1 X-52.8285 Y-0.5038
X-52.8278 Y-0.5008 Z-0.1447
X-52.8272 Y-0.4979 Z-0.1438
X-52.8266 Y-0.4952 Z-0.1423
X-52.8261 Y-0.4929 Z-0.1404
X-52.8257 Y-0.491 Z-0.138
X-52.8254 Y-0.4895 Z-0.1353
X-52.8252 Y-0.4887 Z-0.1323
X-52.8251 Y-0.4884 Z-0.1292
G0 Z0.4
X-52.3279 Y-0.514
Z0.13
G1 Z0.0658 F40.
G19 G3 Y-0.4983 Z0.05 J0.0158 K0.
G1 Y-0.4904
G17 G3 X-52.3375 Y-0.4808 I-0.0096 J0.
Y-0.5192 Z0.0397 I0. J-0.0192
Y-0.4808 Z0.0294 I0. J0.0192
X-52.3427 Y-0.5185 Z0.02 I0. J-0.0192
X-52.3323 Y-0.4815 Z0.0097 I0.0052 J0.0185
X-52.3427 Y-0.5185 Z-0.0006 I-0.0052 J-0.0185
X-52.3274 Y-0.4836 Z-0.01 I0.0052 J0.0185
X-52.3476 Y-0.5164 Z-0.0203 I-0.0101 J-0.0164
X-52.3226 Y-0.5122 Z-0.025 I0.0101 J0.0164
X-52.3524 Y-0.4878 Z-0.0353 I-0.0149 J0.0122
X-52.3516 Y-0.5131 Z-0.04 I0.0149 J-0.0122
X-52.3234 Y-0.4869 Z-0.0503 I0.0141 J0.0131
X-52.3485 Y-0.4842 Z-0.055 I-0.0141 J-0.0131
X-52.3265 Y-0.5158 Z-0.0653 I0.011 J-0.0158
X-52.3485 Y-0.4842 Z-0.0756 I-0.011 J0.0158
X-52.3312 Y-0.5182 Z-0.085 I0.011 J-0.0158
X-52.3438 Y-0.4818 Z-0.0953 I-0.0063 J0.0182
X-52.3312 Y-0.5182 Z-0.1056 I0.0063 J-0.0182
X-52.3438 Y-0.4818 Z-0.1159 I-0.0063 J0.0182
X-52.3312 Y-0.5182 Z-0.1262 I0.0063 J-0.0182
X-52.3183 Y-0.5015 Z-0.13 I-0.0063 J0.0182
X-52.3567 Y-0.4985 Z-0.1403 I-0.0192 J0.0015
X-52.3416 Y-0.5188 Z-0.145 I0.0192 J-0.0015
X-52.3334 Y-0.4812 I0.0041 J0.0188
X-52.3416 Y-0.5188 I-0.0041 J-0.0188
X-52.3301 Y-0.5115 I0.0021 J0.0094
G1 X-52.3285 Y-0.5038
X-52.3278 Y-0.5008 Z-0.1447
X-52.3272 Y-0.4979 Z-0.1438
X-52.3266 Y-0.4952 Z-0.1423
X-52.3261 Y-0.4929 Z-0.1404
X-52.3257 Y-0.491 Z-0.138
X-52.3254 Y-0.4895 Z-0.1353
X-52.3252 Y-0.4887 Z-0.1323
X-52.3251 Y-0.4884 Z-0.1292
G0 Z0.4
X-51.8279 Y-0.514
Z0.13
G1 Z0.0658 F40.
G19 G3 Y-0.4983 Z0.05 J0.0158 K0.
G1 Y-0.4904
G17 G3 X-51.8375 Y-0.4808 I-0.0096 J0.
Y-0.5193 Z0.0397 I0. J-0.0192
X-51.8184 Y-0.5026 Z0.035 I0. J0.0193
X-51.8566 Y-0.4974 Z0.0247 I-0.0191 J0.0026
X-51.8427 Y-0.5185 Z0.02 I0.0191 J-0.0026
X-51.8323 Y-0.4815 Z0.0097 I0.0052 J0.0185
X-51.8427 Y-0.5185 Z-0.0006 I-0.0052 J-0.0185
X-51.8275 Y-0.4836 Z-0.01 I0.0052 J0.0185
X-51.8475 Y-0.5164 Z-0.0203 I-0.01 J-0.0164
X-51.8226 Y-0.5122 Z-0.025 I0.01 J0.0164
X-51.8524 Y-0.4878 Z-0.0353 I-0.0149 J0.0122
X-51.8226 Y-0.5122 Z-0.0456 I0.0149 J-0.0122
X-51.8485 Y-0.4842 Z-0.055 I-0.0149 J0.0122
X-51.8265 Y-0.5158 Z-0.0653 I0.011 J-0.0158
X-51.8204 Y-0.4912 Z-0.07 I-0.011 J0.0158
X-51.8546 Y-0.5088 Z-0.0803 I-0.0171 J-0.0088
X-51.8312 Y-0.5182 Z-0.085 I0.0171 J0.0088
X-51.8438 Y-0.4818 Z-0.0953 I-0.0063 J0.0182
X-51.8312 Y-0.5182 Z-0.1056 I0.0063 J-0.0182
X-51.8438 Y-0.4818 Z-0.1159 I-0.0063 J0.0182
X-51.8312 Y-0.5182 Z-0.1262 I0.0063 J-0.0182
X-51.8183 Y-0.5015 Z-0.13 I-0.0063 J0.0182
X-51.8567 Y-0.4985 Z-0.1403 I-0.0192 J0.0015
X-51.8416 Y-0.5188 Z-0.145 I0.0192 J-0.0015
X-51.8334 Y-0.4812 I0.0041 J0.0188
X-51.8416 Y-0.5188 I-0.0041 J-0.0188
X-51.8301 Y-0.5115 I0.0021 J0.0094
G1 X-51.8285 Y-0.5038
X-51.8278 Y-0.5008 Z-0.1447
X-51.8272 Y-0.4979 Z-0.1438
X-51.8266 Y-0.4952 Z-0.1423
X-51.8261 Y-0.4929 Z-0.1404
X-51.8257 Y-0.491 Z-0.138
X-51.8254 Y-0.4895 Z-0.1353
X-51.8252 Y-0.4887 Z-0.1323
X-51.8251 Y-0.4884 Z-0.1292
G0 Z0.4
X-51.3279 Y-0.514
Z0.13
G1 Z0.0658 F40.
G19 G3 Y-0.4983 Z0.05 J0.0158 K0.
G1 Y-0.4904
G17 G3 X-51.3375 Y-0.4808 I-0.0096 J0.
Y-0.5192 Z0.0397 I0. J-0.0192
Y-0.4808 Z0.0294 I0. J0.0192
X-51.3427 Y-0.5185 Z0.02 I0. J-0.0192
X-51.3323 Y-0.4815 Z0.0097 I0.0052 J0.0185
X-51.3427 Y-0.5185 Z-0.0006 I-0.0052 J-0.0185
X-51.3274 Y-0.4836 Z-0.01 I0.0052 J0.0185
X-51.3476 Y-0.5164 Z-0.0203 I-0.0101 J-0.0164
X-51.3226 Y-0.5122 Z-0.025 I0.0101 J0.0164
X-51.3524 Y-0.4878 Z-0.0353 I-0.0149 J0.0122
X-51.3516 Y-0.5131 Z-0.04 I0.0149 J-0.0122
X-51.3234 Y-0.4869 Z-0.0503 I0.0141 J0.0131
X-51.3485 Y-0.4842 Z-0.055 I-0.0141 J-0.0131
X-51.3265 Y-0.5158 Z-0.0653 I0.011 J-0.0158
X-51.3485 Y-0.4842 Z-0.0756 I-0.011 J0.0158
X-51.3312 Y-0.5182 Z-0.085 I0.011 J-0.0158
X-51.3438 Y-0.4818 Z-0.0953 I-0.0063 J0.0182
X-51.3312 Y-0.5182 Z-0.1056 I0.0063 J-0.0182
X-51.3438 Y-0.4818 Z-0.1159 I-0.0063 J0.0182
X-51.3312 Y-0.5182 Z-0.1262 I0.0063 J-0.0182
X-51.3183 Y-0.5015 Z-0.13 I-0.0063 J0.0182
X-51.3567 Y-0.4985 Z-0.1403 I-0.0192 J0.0015
X-51.3416 Y-0.5188 Z-0.145 I0.0192 J-0.0015
X-51.3334 Y-0.4812 I0.0041 J0.0188
X-51.3416 Y-0.5188 I-0.0041 J-0.0188
X-51.3301 Y-0.5115 I0.002 J0.0094
G1 X-51.3285 Y-0.5038
X-51.3278 Y-0.5008 Z-0.1447
X-51.3272 Y-0.4979 Z-0.1438
X-51.3266 Y-0.4952 Z-0.1423
X-51.3261 Y-0.4929 Z-0.1404
X-51.3257 Y-0.491 Z-0.138
X-51.3254 Y-0.4895 Z-0.1353
X-51.3252 Y-0.4887 Z-0.1323
X-51.3251 Y-0.4884 Z-0.1292
G0 Z0.4
X-50.8279 Y-0.514
Z0.13
G1 Z0.0658 F40.
G19 G3 Y-0.4983 Z0.05 J0.0158 K0.
G1 Y-0.4904
G17 G3 X-50.8375 Y-0.4808 I-0.0096 J0.
Y-0.5193 Z0.0397 I0. J-0.0192
Y-0.4807 Z0.0294 I0. J0.0193
X-50.8427 Y-0.5185 Z0.02 I0. J-0.0193
X-50.8323 Y-0.4815 Z0.0097 I0.0052 J0.0185
X-50.8551 Y-0.4923 Z0.005 I-0.0052 J-0.0185
X-50.8199 Y-0.5077 Z-0.0053 I0.0176 J-0.0077
X-50.8274 Y-0.4836 Z-0.01 I-0.0176 J0.0077
X-50.8475 Y-0.5164 Z-0.0203 I-0.01 J-0.0164
X-50.8226 Y-0.5122 Z-0.025 I0.01 J0.0164
X-50.8524 Y-0.4878 Z-0.0353 I-0.0149 J0.0122
X-50.8226 Y-0.5122 Z-0.0456 I0.0149 J-0.0122
X-50.8485 Y-0.4842 Z-0.055 I-0.0149 J0.0122
X-50.8265 Y-0.5158 Z-0.0653 I0.011 J-0.0158
X-50.8204 Y-0.4912 Z-0.07 I-0.011 J0.0158
X-50.8546 Y-0.5088 Z-0.0803 I-0.0171 J-0.0088
X-50.8312 Y-0.5182 Z-0.085 I0.0171 J0.0088
X-50.8438 Y-0.4818 Z-0.0953 I-0.0063 J0.0182
X-50.8312 Y-0.5182 Z-0.1056 I0.0063 J-0.0182
X-50.8438 Y-0.4818 Z-0.1159 I-0.0063 J0.0182
X-50.8312 Y-0.5182 Z-0.1262 I0.0063 J-0.0182
X-50.8183 Y-0.5015 Z-0.13 I-0.0063 J0.0182
X-50.8567 Y-0.4985 Z-0.1403 I-0.0192 J0.0015
X-50.8416 Y-0.5188 Z-0.145 I0.0192 J-0.0015
X-50.8334 Y-0.4812 I0.0041 J0.0188
X-50.8416 Y-0.5188 I-0.0041 J-0.0188
X-50.8301 Y-0.5115 I0.0021 J0.0094
G1 X-50.8285 Y-0.5038
X-50.8278 Y-0.5008 Z-0.1447
X-50.8272 Y-0.4979 Z-0.1438
X-50.8266 Y-0.4952 Z-0.1423
X-50.8261 Y-0.4929 Z-0.1404
X-50.8257 Y-0.491 Z-0.138
X-50.8254 Y-0.4895 Z-0.1353
X-50.8252 Y-0.4887 Z-0.1323
X-50.8251 Y-0.4884 Z-0.1292
G0 Z0.4
X-50.3279 Y-0.514
Z0.13
G1 Z0.0658 F40.
G19 G3 Y-0.4983 Z0.05 J0.0158 K0.
G1 Y-0.4904
G17 G3 X-50.3375 Y-0.4808 I-0.0096 J0.
Y-0.5192 Z0.0397 I0. J-0.0192
Y-0.4808 Z0.0294 I0. J0.0192
X-50.3427 Y-0.5185 Z0.02 I0. J-0.0192
X-50.3323 Y-0.4815 Z0.0097 I0.0052 J0.0185
X-50.3427 Y-0.5185 Z-0.0006 I-0.0052 J-0.0185
X-50.3274 Y-0.4836 Z-0.01 I0.0052 J0.0185
X-50.3476 Y-0.5164 Z-0.0203 I-0.0101 J-0.0164
X-50.3226 Y-0.5122 Z-0.025 I0.0101 J0.0164
X-50.3524 Y-0.4878 Z-0.0353 I-0.0149 J0.0122
X-50.3226 Y-0.5122 Z-0.0456 I0.0149 J-0.0122
X-50.3485 Y-0.4842 Z-0.055 I-0.0149 J0.0122
X-50.3265 Y-0.5158 Z-0.0653 I0.011 J-0.0158
X-50.3485 Y-0.4842 Z-0.0756 I-0.011 J0.0158
X-50.3312 Y-0.5182 Z-0.085 I0.011 J-0.0158
X-50.3438 Y-0.4818 Z-0.0953 I-0.0063 J0.0182
X-50.3564 Y-0.5038 Z-0.1 I0.0063 J-0.0182
X-50.3186 Y-0.4962 Z-0.1103 I0.0189 J0.0038
X-50.3564 Y-0.5038 Z-0.1206 I-0.0189 J-0.0038
X-50.3186 Y-0.4962 Z-0.1309 I0.0189 J0.0038
X-50.3564 Y-0.5038 Z-0.1412 I-0.0189 J-0.0038
X-50.3416 Y-0.5188 Z-0.145 I0.0189 J0.0038
X-50.3334 Y-0.4812 I0.0041 J0.0188
X-50.3416 Y-0.5188 I-0.0041 J-0.0188
X-50.3301 Y-0.5115 I0.002 J0.0094
G1 X-50.3285 Y-0.5038
X-50.3278 Y-0.5008 Z-0.1447
X-50.3272 Y-0.4979 Z-0.1438
X-50.3266 Y-0.4952 Z-0.1423
X-50.3261 Y-0.4929 Z-0.1404
X-50.3257 Y-0.491 Z-0.138
X-50.3254 Y-0.4895 Z-0.1353
X-50.3252 Y-0.4887 Z-0.1323
X-50.3251 Y-0.4884 Z-0.1292
G0 Z0.4
X-49.8279 Y-0.514
Z0.13
G1 Z0.0658 F40.
G19 G3 Y-0.4983 Z0.05 J0.0158 K0.
G1 Y-0.4904
G17 G3 X-49.8375 Y-0.4808 I-0.0096 J0.
Y-0.5192 Z0.0397 I0. J-0.0192
Y-0.4808 Z0.0294 I0. J0.0192
X-49.8427 Y-0.5185 Z0.02 I0. J-0.0192
X-49.8323 Y-0.4815 Z0.0097 I0.0052 J0.0185
X-49.8427 Y-0.5185 Z-0.0006 I-0.0052 J-0.0185
X-49.8274 Y-0.4836 Z-0.01 I0.0052 J0.0185
X-49.8476 Y-0.5164 Z-0.0203 I-0.0101 J-0.0164
X-49.8226 Y-0.5122 Z-0.025 I0.0101 J0.0164
X-49.8524 Y-0.4878 Z-0.0353 I-0.0149 J0.0122
X-49.8516 Y-0.5131 Z-0.04 I0.0149 J-0.0122
X-49.8234 Y-0.4869 Z-0.0503 I0.0141 J0.0131
X-49.8485 Y-0.4842 Z-0.055 I-0.0141 J-0.0131
X-49.8265 Y-0.5158 Z-0.0653 I0.011 J-0.0158
X-49.8485 Y-0.4842 Z-0.0756 I-0.011 J0.0158
X-49.8312 Y-0.5182 Z-0.085 I0.011 J-0.0158
X-49.8438 Y-0.4818 Z-0.0953 I-0.0063 J0.0182
X-49.8312 Y-0.5182 Z-0.1056 I0.0063 J-0.0182
X-49.8438 Y-0.4818 Z-0.1159 I-0.0063 J0.0182
X-49.8312 Y-0.5182 Z-0.1262 I0.0063 J-0.0182
X-49.8183 Y-0.5015 Z-0.13 I-0.0063 J0.0182
X-49.8567 Y-0.4985 Z-0.1403 I-0.0192 J0.0015
X-49.8416 Y-0.5188 Z-0.145 I0.0192 J-0.0015
X-49.8334 Y-0.4812 I0.0041 J0.0188
X-49.8416 Y-0.5188 I-0.0041 J-0.0188
X-49.8301 Y-0.5115 I0.0021 J0.0094
G1 X-49.8285 Y-0.5038
X-49.8278 Y-0.5008 Z-0.1447
X-49.8272 Y-0.4979 Z-0.1438
X-49.8266 Y-0.4952 Z-0.1423
X-49.8261 Y-0.4929 Z-0.1404
X-49.8257 Y-0.491 Z-0.138
X-49.8254 Y-0.4895 Z-0.1353
X-49.8252 Y-0.4887 Z-0.1323
X-49.8251 Y-0.4884 Z-0.1292
G0 Z0.4
X-49.3279 Y-0.514
Z0.13
G1 Z0.0658 F40.
G19 G3 Y-0.4983 Z0.05 J0.0158 K0.
G1 Y-0.4904
G17 G3 X-49.3375 Y-0.4808 I-0.0096 J0.
Y-0.5193 Z0.0397 I0. J-0.0192
X-49.3184 Y-0.5026 Z0.035 I0. J0.0193
X-49.3566 Y-0.4974 Z0.0247 I-0.0191 J0.0026
X-49.3427 Y-0.5185 Z0.02 I0.0191 J-0.0026
X-49.3323 Y-0.4815 Z0.0097 I0.0052 J0.0185
X-49.3427 Y-0.5185 Z-0.0006 I-0.0052 J-0.0185
X-49.3275 Y-0.4836 Z-0.01 I0.0052 J0.0185
X-49.3475 Y-0.5164 Z-0.0203 I-0.01 J-0.0164
X-49.3226 Y-0.5122 Z-0.025 I0.01 J0.0164
X-49.3524 Y-0.4878 Z-0.0353 I-0.0149 J0.0122
X-49.3226 Y-0.5122 Z-0.0456 I0.0149 J-0.0122
X-49.3485 Y-0.4842 Z-0.055 I-0.0149 J0.0122
X-49.3265 Y-0.5158 Z-0.0653 I0.011 J-0.0158
X-49.3204 Y-0.4912 Z-0.07 I-0.011 J0.0158
X-49.3546 Y-0.5088 Z-0.0803 I-0.0171 J-0.0088
X-49.3312 Y-0.5182 Z-0.085 I0.0171 J0.0088
X-49.3438 Y-0.4818 Z-0.0953 I-0.0063 J0.0182
X-49.3312 Y-0.5182 Z-0.1056 I0.0063 J-0.0182
X-49.3438 Y-0.4818 Z-0.1159 I-0.0063 J0.0182
X-49.3312 Y-0.5182 Z-0.1262 I0.0063 J-0.0182
X-49.3183 Y-0.5015 Z-0.13 I-0.0063 J0.0182
X-49.3567 Y-0.4985 Z-0.1403 I-0.0192 J0.0015
X-49.3416 Y-0.5188 Z-0.145 I0.0192 J-0.0015
X-49.3334 Y-0.4812 I0.0041 J0.0188
X-49.3416 Y-0.5188 I-0.0041 J-0.0188
X-49.3301 Y-0.5115 I0.0021 J0.0094
G1 X-49.3285 Y-0.5038
X-49.3278 Y-0.5008 Z-0.1447
X-49.3272 Y-0.4979 Z-0.1438
X-49.3266 Y-0.4952 Z-0.1423
X-49.3261 Y-0.4929 Z-0.1404
X-49.3257 Y-0.491 Z-0.138
X-49.3254 Y-0.4895 Z-0.1353
X-49.3252 Y-0.4887 Z-0.1323
X-49.3251 Y-0.4884 Z-0.1292
G0 Z0.4
X-48.8279 Y-0.514
Z0.13
G1 Z0.0658 F40.
G19 G3 Y-0.4983 Z0.05 J0.0158 K0.
G1 Y-0.4904
G17 G3 X-48.8375 Y-0.4808 I-0.0096 J0.
Y-0.5192 Z0.0397 I0. J-0.0192
Y-0.4808 Z0.0294 I0. J0.0192
X-48.8427 Y-0.5185 Z0.02 I0. J-0.0192
X-48.8323 Y-0.4815 Z0.0097 I0.0052 J0.0185
X-48.8427 Y-0.5185 Z-0.0006 I-0.0052 J-0.0185
X-48.8274 Y-0.4836 Z-0.01 I0.0052 J0.0185
X-48.8476 Y-0.5164 Z-0.0203 I-0.0101 J-0.0164
X-48.8226 Y-0.5122 Z-0.025 I0.0101 J0.0164
X-48.8524 Y-0.4878 Z-0.0353 I-0.0149 J0.0122
X-48.8516 Y-0.5131 Z-0.04 I0.0149 J-0.0122
X-48.8234 Y-0.4869 Z-0.0503 I0.0141 J0.0131
X-48.8485 Y-0.4842 Z-0.055 I-0.0141 J-0.0131
X-48.8265 Y-0.5158 Z-0.0653 I0.011 J-0.0158
X-48.8485 Y-0.4842 Z-0.0756 I-0.011 J0.0158
X-48.8312 Y-0.5182 Z-0.085 I0.011 J-0.0158
X-48.8438 Y-0.4818 Z-0.0953 I-0.0063 J0.0182
X-48.8312 Y-0.5182 Z-0.1056 I0.0063 J-0.0182
X-48.8438 Y-0.4818 Z-0.1159 I-0.0063 J0.0182
X-48.8312 Y-0.5182 Z-0.1262 I0.0063 J-0.0182
X-48.8183 Y-0.5015 Z-0.13 I-0.0063 J0.0182
X-48.8567 Y-0.4985 Z-0.1403 I-0.0192 J0.0015
X-48.8416 Y-0.5188 Z-0.145 I0.0192 J-0.0015
X-48.8334 Y-0.4812 I0.0041 J0.0188
X-48.8416 Y-0.5188 I-0.0041 J-0.0188
X-48.8301 Y-0.5115 I0.002 J0.0094
G1 X-48.8285 Y-0.5038
X-48.8278 Y-0.5008 Z-0.1447
X-48.8272 Y-0.4979 Z-0.1438
X-48.8266 Y-0.4952 Z-0.1423
X-48.8261 Y-0.4929 Z-0.1404
X-48.8257 Y-0.491 Z-0.138
X-48.8254 Y-0.4895 Z-0.1353
X-48.8252 Y-0.4887 Z-0.1323
X-48.8251 Y-0.4884 Z-0.1292
G0 Z0.4
X-48.3279 Y-0.514
Z0.13
G1 Z0.0658 F40.
G19 G3 Y-0.4983 Z0.05 J0.0158 K0.
G1 Y-0.4904
G17 G3 X-48.3375 Y-0.4808 I-0.0096 J0.
Y-0.5193 Z0.0397 I0. J-0.0192
Y-0.4807 Z0.0294 I0. J0.0193
X-48.3427 Y-0.5185 Z0.02 I0. J-0.0193
X-48.3323 Y-0.4815 Z0.0097 I0.0052 J0.0185
X-48.3551 Y-0.4923 Z0.005 I-0.0052 J-0.0185
X-48.3199 Y-0.5077 Z-0.0053 I0.0176 J-0.0077
X-48.3274 Y-0.4836 Z-0.01 I-0.0176 J0.0077
X-48.3475 Y-0.5164 Z-0.0203 I-0.01 J-0.0164
X-48.3226 Y-0.5122 Z-0.025 I0.01 J0.0164
X-48.3524 Y-0.4878 Z-0.0353 I-0.0149 J0.0122
X-48.3226 Y-0.5122 Z-0.0456 I0.0149 J-0.0122
X-48.3485 Y-0.4842 Z-0.055 I-0.0149 J0.0122
X-48.3265 Y-0.5158 Z-0.0653 I0.011 J-0.0158
X-48.3204 Y-0.4912 Z-0.07 I-0.011 J0.0158
X-48.3546 Y-0.5088 Z-0.0803 I-0.0171 J-0.0088
X-48.3312 Y-0.5182 Z-0.085 I0.0171 J0.0088
X-48.3438 Y-0.4818 Z-0.0953 I-0.0063 J0.0182
X-48.3312 Y-0.5182 Z-0.1056 I0.0063 J-0.0182
X-48.3438 Y-0.4818 Z-0.1159 I-0.0063 J0.0182
X-48.3312 Y-0.5182 Z-0.1262 I0.0063 J-0.0182
X-48.3183 Y-0.5015 Z-0.13 I-0.0063 J0.0182
X-48.3567 Y-0.4985 Z-0.1403 I-0.0192 J0.0015
X-48.3416 Y-0.5188 Z-0.145 I0.0192 J-0.0015
X-48.3334 Y-0.4812 I0.0041 J0.0188
X-48.3416 Y-0.5188 I-0.0041 J-0.0188
X-48.3301 Y-0.5115 I0.0021 J0.0094
G1 X-48.3285 Y-0.5038
X-48.3278 Y-0.5008 Z-0.1447
X-48.3272 Y-0.4979 Z-0.1438
X-48.3266 Y-0.4952 Z-0.1423
X-48.3261 Y-0.4929 Z-0.1404
X-48.3257 Y-0.491 Z-0.138
X-48.3254 Y-0.4895 Z-0.1353
X-48.3252 Y-0.4887 Z-0.1323
X-48.3251 Y-0.4884 Z-0.1292
G0 Z0.4
X-47.8279 Y-0.514
Z0.13
G1 Z0.0658 F40.
G19 G3 Y-0.4983 Z0.05 J0.0158 K0.
G1 Y-0.4904
G17 G3 X-47.8375 Y-0.4808 I-0.0096 J0.
Y-0.5192 Z0.0397 I0. J-0.0192
Y-0.4808 Z0.0294 I0. J0.0192
X-47.8427 Y-0.5185 Z0.02 I0. J-0.0192
X-47.8323 Y-0.4815 Z0.0097 I0.0052 J0.0185
X-47.8427 Y-0.5185 Z-0.0006 I-0.0052 J-0.0185
X-47.8274 Y-0.4836 Z-0.01 I0.0052 J0.0185
X-47.8476 Y-0.5164 Z-0.0203 I-0.0101 J-0.0164
X-47.8226 Y-0.5122 Z-0.025 I0.0101 J0.0164
X-47.8524 Y-0.4878 Z-0.0353 I-0.0149 J0.0122
X-47.8226 Y-0.5122 Z-0.0456 I0.0149 J-0.0122
X-47.8485 Y-0.4842 Z-0.055 I-0.0149 J0.0122
X-47.8265 Y-0.5158 Z-0.0653 I0.011 J-0.0158
X-47.8485 Y-0.4842 Z-0.0756 I-0.011 J0.0158
X-47.8312 Y-0.5182 Z-0.085 I0.011 J-0.0158
X-47.8438 Y-0.4818 Z-0.0953 I-0.0063 J0.0182
X-47.8564 Y-0.5038 Z-0.1 I0.0063 J-0.0182
X-47.8186 Y-0.4962 Z-0.1103 I0.0189 J0.0038
X-47.8564 Y-0.5038 Z-0.1206 I-0.0189 J-0.0038
X-47.8186 Y-0.4962 Z-0.1309 I0.0189 J0.0038
X-47.8564 Y-0.5038 Z-0.1412 I-0.0189 J-0.0038
X-47.8416 Y-0.5188 Z-0.145 I0.0189 J0.0038
X-47.8334 Y-0.4812 I0.0041 J0.0188
X-47.8416 Y-0.5188 I-0.0041 J-0.0188
X-47.8301 Y-0.5115 I0.002 J0.0094
G1 X-47.8285 Y-0.5038
X-47.8278 Y-0.5008 Z-0.1447
X-47.8272 Y-0.4979 Z-0.1438
X-47.8266 Y-0.4952 Z-0.1423
X-47.8261 Y-0.4929 Z-0.1404
X-47.8257 Y-0.491 Z-0.138
X-47.8254 Y-0.4895 Z-0.1353
X-47.8252 Y-0.4887 Z-0.1323
X-47.8251 Y-0.4884 Z-0.1292
G0 Z0.4
X-47.3279 Y-0.514
Z0.13
G1 Z0.0658 F40.
G19 G3 Y-0.4983 Z0.05 J0.0158 K0.
G1 Y-0.4904
G17 G3 X-47.3375 Y-0.4808 I-0.0096 J0.
Y-0.5192 Z0.0397 I0. J-0.0192
Y-0.4808 Z0.0294 I0. J0.0192
X-47.3427 Y-0.5185 Z0.02 I0. J-0.0192
X-47.3323 Y-0.4815 Z0.0097 I0.0052 J0.0185
X-47.3427 Y-0.5185 Z-0.0006 I-0.0052 J-0.0185
X-47.3274 Y-0.4836 Z-0.01 I0.0052 J0.0185
X-47.3476 Y-0.5164 Z-0.0203 I-0.0101 J-0.0164
X-47.3226 Y-0.5122 Z-0.025 I0.0101 J0.0164
X-47.3524 Y-0.4878 Z-0.0353 I-0.0149 J0.0122
X-47.3516 Y-0.5131 Z-0.04 I0.0149 J-0.0122
X-47.3234 Y-0.4869 Z-0.0503 I0.0141 J0.0131
X-47.3485 Y-0.4842 Z-0.055 I-0.0141 J-0.0131
X-47.3265 Y-0.5158 Z-0.0653 I0.011 J-0.0158
X-47.3485 Y-0.4842 Z-0.0756 I-0.011 J0.0158
X-47.3312 Y-0.5182 Z-0.085 I0.011 J-0.0158
X-47.3438 Y-0.4818 Z-0.0953 I-0.0063 J0.0182
X-47.3312 Y-0.5182 Z-0.1056 I0.0063 J-0.0182
X-47.3438 Y-0.4818 Z-0.1159 I-0.0063 J0.0182
X-47.3312 Y-0.5182 Z-0.1262 I0.0063 J-0.0182
X-47.3183 Y-0.5015 Z-0.13 I-0.0063 J0.0182
X-47.3567 Y-0.4985 Z-0.1403 I-0.0192 J0.0015
X-47.3416 Y-0.5188 Z-0.145 I0.0192 J-0.0015
X-47.3334 Y-0.4812 I0.0041 J0.0188
X-47.3416 Y-0.5188 I-0.0041 J-0.0188
X-47.3301 Y-0.5115 I0.0021 J0.0094
G1 X-47.3285 Y-0.5038
X-47.3278 Y-0.5008 Z-0.1447
X-47.3272 Y-0.4979 Z-0.1438
X-47.3266 Y-0.4952 Z-0.1423
X-47.3261 Y-0.4929 Z-0.1404
X-47.3257 Y-0.491 Z-0.138
X-47.3254 Y-0.4895 Z-0.1353
X-47.3252 Y-0.4887 Z-0.1323
X-47.3251 Y-0.4884 Z-0.1292
G0 Z0.4
X-46.8279 Y-0.514
Z0.13
G1 Z0.0658 F40.
G19 G3 Y-0.4983 Z0.05 J0.0158 K0.
G1 Y-0.4904
G17 G3 X-46.8375 Y-0.4808 I-0.0096 J0.
Y-0.5193 Z0.0397 I0. J-0.0192
X-46.8184 Y-0.5026 Z0.035 I0. J0.0193
X-46.8566 Y-0.4974 Z0.0247 I-0.0191 J0.0026
X-46.8427 Y-0.5185 Z0.02 I0.0191 J-0.0026
X-46.8323 Y-0.4815 Z0.0097 I0.0052 J0.0185
X-46.8427 Y-0.5185 Z-0.0006 I-0.0052 J-0.0185
X-46.8275 Y-0.4836 Z-0.01 I0.0052 J0.0185
X-46.8475 Y-0.5164 Z-0.0203 I-0.01 J-0.0164
X-46.8226 Y-0.5122 Z-0.025 I0.01 J0.0164
X-46.8524 Y-0.4878 Z-0.0353 I-0.0149 J0.0122
X-46.8226 Y-0.5122 Z-0.0456 I0.0149 J-0.0122
X-46.8485 Y-0.4842 Z-0.055 I-0.0149 J0.0122
X-46.8265 Y-0.5158 Z-0.0653 I0.011 J-0.0158
X-46.8204 Y-0.4912 Z-0.07 I-0.011 J0.0158
X-46.8546 Y-0.5088 Z-0.0803 I-0.0171 J-0.0088
X-46.8312 Y-0.5182 Z-0.085 I0.0171 J0.0088
X-46.8438 Y-0.4818 Z-0.0953 I-0.0063 J0.0182
X-46.8312 Y-0.5182 Z-0.1056 I0.0063 J-0.0182
X-46.8438 Y-0.4818 Z-0.1159 I-0.0063 J0.0182
X-46.8312 Y-0.5182 Z-0.1262 I0.0063 J-0.0182
X-46.8183 Y-0.5015 Z-0.13 I-0.0063 J0.0182
X-46.8567 Y-0.4985 Z-0.1403 I-0.0192 J0.0015
X-46.8416 Y-0.5188 Z-0.145 I0.0192 J-0.0015
X-46.8334 Y-0.4812 I0.0041 J0.0188
X-46.8416 Y-0.5188 I-0.0041 J-0.0188
X-46.8301 Y-0.5115 I0.0021 J0.0094
G1 X-46.8285 Y-0.5038
X-46.8278 Y-0.5008 Z-0.1447
X-46.8272 Y-0.4979 Z-0.1438
X-46.8266 Y-0.4952 Z-0.1423
X-46.8261 Y-0.4929 Z-0.1404
X-46.8257 Y-0.491 Z-0.138
X-46.8254 Y-0.4895 Z-0.1353
X-46.8252 Y-0.4887 Z-0.1323
X-46.8251 Y-0.4884 Z-0.1292
G0 Z0.4
X-46.3279 Y-0.514
Z0.13
G1 Z0.0658 F40.
G19 G3 Y-0.4983 Z0.05 J0.0158 K0.
G1 Y-0.4904
G17 G3 X-46.3375 Y-0.4808 I-0.0096 J0.
Y-0.5192 Z0.0397 I0. J-0.0192
Y-0.4808 Z0.0294 I0. J0.0192
X-46.3427 Y-0.5185 Z0.02 I0. J-0.0192
X-46.3323 Y-0.4815 Z0.0097 I0.0052 J0.0185
X-46.3427 Y-0.5185 Z-0.0006 I-0.0052 J-0.0185
X-46.3274 Y-0.4836 Z-0.01 I0.0052 J0.0185
X-46.3476 Y-0.5164 Z-0.0203 I-0.0101 J-0.0164
X-46.3226 Y-0.5122 Z-0.025 I0.0101 J0.0164
X-46.3524 Y-0.4878 Z-0.0353 I-0.0149 J0.0122
X-46.3516 Y-0.5131 Z-0.04 I0.0149 J-0.0122
X-46.3234 Y-0.4869 Z-0.0503 I0.0141 J0.0131
X-46.3485 Y-0.4842 Z-0.055 I-0.0141 J-0.0131
X-46.3265 Y-0.5158 Z-0.0653 I0.011 J-0.0158
X-46.3485 Y-0.4842 Z-0.0756 I-0.011 J0.0158
X-46.3312 Y-0.5182 Z-0.085 I0.011 J-0.0158
X-46.3438 Y-0.4818 Z-0.0953 I-0.0063 J0.0182
X-46.3312 Y-0.5182 Z-0.1056 I0.0063 J-0.0182
X-46.3438 Y-0.4818 Z-0.1159 I-0.0063 J0.0182
X-46.3312 Y-0.5182 Z-0.1262 I0.0063 J-0.0182
X-46.3183 Y-0.5015 Z-0.13 I-0.0063 J0.0182
X-46.3567 Y-0.4985 Z-0.1403 I-0.0192 J0.0015
X-46.3416 Y-0.5188 Z-0.145 I0.0192 J-0.0015
X-46.3334 Y-0.4812 I0.0041 J0.0188
X-46.3416 Y-0.5188 I-0.0041 J-0.0188
X-46.3301 Y-0.5115 I0.002 J0.0094
G1 X-46.3285 Y-0.5038
X-46.3278 Y-0.5008 Z-0.1447
X-46.3272 Y-0.4979 Z-0.1438
X-46.3266 Y-0.4952 Z-0.1423
X-46.3261 Y-0.4929 Z-0.1404
X-46.3257 Y-0.491 Z-0.138
X-46.3254 Y-0.4895 Z-0.1353
X-46.3252 Y-0.4887 Z-0.1323
X-46.3251 Y-0.4884 Z-0.1292
G0 Z0.4
X-45.8279 Y-0.514
Z0.13
G1 Z0.0658 F40.
G19 G3 Y-0.4983 Z0.05 J0.0158 K0.
G1 Y-0.4904
G17 G3 X-45.8375 Y-0.4808 I-0.0096 J0.
Y-0.5193 Z0.0397 I0. J-0.0192
Y-0.4807 Z0.0294 I0. J0.0193
X-45.8427 Y-0.5185 Z0.02 I0. J-0.0193
X-45.8323 Y-0.4815 Z0.0097 I0.0052 J0.0185
X-45.8551 Y-0.4923 Z0.005 I-0.0052 J-0.0185
X-45.8199 Y-0.5077 Z-0.0053 I0.0176 J-0.0077
X-45.8274 Y-0.4836 Z-0.01 I-0.0176 J0.0077
X-45.8475 Y-0.5164 Z-0.0203 I-0.01 J-0.0164
X-45.8226 Y-0.5122 Z-0.025 I0.01 J0.0164
X-45.8524 Y-0.4878 Z-0.0353 I-0.0149 J0.0122
X-45.8226 Y-0.5122 Z-0.0456 I0.0149 J-0.0122
X-45.8485 Y-0.4842 Z-0.055 I-0.0149 J0.0122
X-45.8265 Y-0.5158 Z-0.0653 I0.011 J-0.0158
X-45.8204 Y-0.4912 Z-0.07 I-0.011 J0.0158
X-45.8546 Y-0.5088 Z-0.0803 I-0.0171 J-0.0088
X-45.8312 Y-0.5182 Z-0.085 I0.0171 J0.0088
X-45.8438 Y-0.4818 Z-0.0953 I-0.0063 J0.0182
X-45.8312 Y-0.5182 Z-0.1056 I0.0063 J-0.0182
X-45.8438 Y-0.4818 Z-0.1159 I-0.0063 J0.0182
X-45.8312 Y-0.5182 Z-0.1262 I0.0063 J-0.0182
X-45.8183 Y-0.5015 Z-0.13 I-0.0063 J0.0182
X-45.8567 Y-0.4985 Z-0.1403 I-0.0192 J0.0015
X-45.8416 Y-0.5188 Z-0.145 I0.0192 J-0.0015
X-45.8334 Y-0.4812 I0.0041 J0.0188
X-45.8416 Y-0.5188 I-0.0041 J-0.0188
X-45.8301 Y-0.5115 I0.0021 J0.0094
G1 X-45.8285 Y-0.5038
X-45.8278 Y-0.5008 Z-0.1447
X-45.8272 Y-0.4979 Z-0.1438
X-45.8266 Y-0.4952 Z-0.1423
X-45.8261 Y-0.4929 Z-0.1404
X-45.8257 Y-0.491 Z-0.138
X-45.8254 Y-0.4895 Z-0.1353
X-45.8252 Y-0.4887 Z-0.1323
X-45.8251 Y-0.4884 Z-0.1292
G0 Z0.4
X-45.3279 Y-0.514
Z0.13
G1 Z0.0658 F40.
G19 G3 Y-0.4983 Z0.05 J0.0158 K0.
G1 Y-0.4904
G17 G3 X-45.3375 Y-0.4808 I-0.0096 J0.
Y-0.5192 Z0.0397 I0. J-0.0192
Y-0.4808 Z0.0294 I0. J0.0192
X-45.3427 Y-0.5185 Z0.02 I0. J-0.0192
X-45.3323 Y-0.4815 Z0.0097 I0.0052 J0.0185
X-45.3427 Y-0.5185 Z-0.0006 I-0.0052 J-0.0185
X-45.3274 Y-0.4836 Z-0.01 I0.0052 J0.0185
X-45.3476 Y-0.5164 Z-0.0203 I-0.0101 J-0.0164
X-45.3226 Y-0.5122 Z-0.025 I0.0101 J0.0164
X-45.3524 Y-0.4878 Z-0.0353 I-0.0149 J0.0122
X-45.3226 Y-0.5122 Z-0.0456 I0.0149 J-0.0122
X-45.3485 Y-0.4842 Z-0.055 I-0.0149 J0.0122
X-45.3265 Y-0.5158 Z-0.0653 I0.011 J-0.0158
X-45.3485 Y-0.4842 Z-0.0756 I-0.011 J0.0158
X-45.3312 Y-0.5182 Z-0.085 I0.011 J-0.0158
X-45.3438 Y-0.4818 Z-0.0953 I-0.0063 J0.0182
X-45.3564 Y-0.5038 Z-0.1 I0.0063 J-0.0182
X-45.3186 Y-0.4962 Z-0.1103 I0.0189 J0.0038
X-45.3564 Y-0.5038 Z-0.1206 I-0.0189 J-0.0038
X-45.3186 Y-0.4962 Z-0.1309 I0.0189 J0.0038
X-45.3564 Y-0.5038 Z-0.1412 I-0.0189 J-0.0038
X-45.3416 Y-0.5188 Z-0.145 I0.0189 J0.0038
X-45.3334 Y-0.4812 I0.0041 J0.0188
X-45.3416 Y-0.5188 I-0.0041 J-0.0188
X-45.3301 Y-0.5115 I0.002 J0.0094
G1 X-45.3285 Y-0.5038
X-45.3278 Y-0.5008 Z-0.1447
X-45.3272 Y-0.4979 Z-0.1438
X-45.3266 Y-0.4952 Z-0.1423
X-45.3261 Y-0.4929 Z-0.1404
X-45.3257 Y-0.491 Z-0.138
X-45.3254 Y-0.4895 Z-0.1353
X-45.3252 Y-0.4887 Z-0.1323
X-45.3251 Y-0.4884 Z-0.1292
G0 Z0.4
X-44.8279 Y-0.514
Z0.13
G1 Z0.0658 F40.
G19 G3 Y-0.4983 Z0.05 J0.0158 K0.
G1 Y-0.4904
G17 G3 X-44.8375 Y-0.4808 I-0.0096 J0.
Y-0.5192 Z0.0397 I0. J-0.0192
Y-0.4808 Z0.0294 I0. J0.0192
X-44.8427 Y-0.5185 Z0.02 I0. J-0.0192
X-44.8323 Y-0.4815 Z0.0097 I0.0052 J0.0185
X-44.8427 Y-0.5185 Z-0.0006 I-0.0052 J-0.0185
X-44.8274 Y-0.4836 Z-0.01 I0.0052 J0.0185
X-44.8476 Y-0.5164 Z-0.0203 I-0.0101 J-0.0164
X-44.8226 Y-0.5122 Z-0.025 I0.0101 J0.0164
X-44.8524 Y-0.4878 Z-0.0353 I-0.0149 J0.0122
X-44.8516 Y-0.5131 Z-0.04 I0.0149 J-0.0122
X-44.8234 Y-0.4869 Z-0.0503 I0.0141 J0.0131
X-44.8485 Y-0.4842 Z-0.055 I-0.0141 J-0.0131
X-44.8265 Y-0.5158 Z-0.0653 I0.011 J-0.0158
X-44.8485 Y-0.4842 Z-0.0756 I-0.011 J0.0158
X-44.8312 Y-0.5182 Z-0.085 I0.011 J-0.0158
X-44.8438 Y-0.4818 Z-0.0953 I-0.0063 J0.0182
X-44.8312 Y-0.5182 Z-0.1056 I0.0063 J-0.0182
X-44.8438 Y-0.4818 Z-0.1159 I-0.0063 J0.0182
X-44.8312 Y-0.5182 Z-0.1262 I0.0063 J-0.0182
X-44.8183 Y-0.5015 Z-0.13 I-0.0063 J0.0182
X-44.8567 Y-0.4985 Z-0.1403 I-0.0192 J0.0015
X-44.8416 Y-0.5188 Z-0.145 I0.0192 J-0.0015
X-44.8334 Y-0.4812 I0.0041 J0.0188
X-44.8416 Y-0.5188 I-0.0041 J-0.0188
X-44.8301 Y-0.5115 I0.0021 J0.0094
G1 X-44.8285 Y-0.5038
X-44.8278 Y-0.5008 Z-0.1447
X-44.8272 Y-0.4979 Z-0.1438
X-44.8266 Y-0.4952 Z-0.1423
X-44.8261 Y-0.4929 Z-0.1404
X-44.8257 Y-0.491 Z-0.138
X-44.8254 Y-0.4895 Z-0.1353
X-44.8252 Y-0.4887 Z-0.1323
X-44.8251 Y-0.4884 Z-0.1292
G0 Z0.4
X-44.3279 Y-0.514
Z0.13
G1 Z0.0658 F40.
G19 G3 Y-0.4983 Z0.05 J0.0158 K0.
G1 Y-0.4904
G17 G3 X-44.3375 Y-0.4808 I-0.0096 J0.
Y-0.5193 Z0.0397 I0. J-0.0192
X-44.3184 Y-0.5026 Z0.035 I0. J0.0193
X-44.3566 Y-0.4974 Z0.0247 I-0.0191 J0.0026
X-44.3427 Y-0.5185 Z0.02 I0.0191 J-0.0026
X-44.3323 Y-0.4815 Z0.0097 I0.0052 J0.0185
X-44.3427 Y-0.5185 Z-0.0006 I-0.0052 J-0.0185
X-44.3275 Y-0.4836 Z-0.01 I0.0052 J0.0185
X-44.3475 Y-0.5164 Z-0.0203 I-0.01 J-0.0164
X-44.3226 Y-0.5122 Z-0.025 I0.01 J0.0164
X-44.3524 Y-0.4878 Z-0.0353 I-0.0149 J0.0122
X-44.3226 Y-0.5122 Z-0.0456 I0.0149 J-0.0122
X-44.3485 Y-0.4842 Z-0.055 I-0.0149 J0.0122
X-44.3265 Y-0.5158 Z-0.0653 I0.011 J-0.0158
X-44.3204 Y-0.4912 Z-0.07 I-0.011 J0.0158
X-44.3546 Y-0.5088 Z-0.0803 I-0.0171 J-0.0088
X-44.3312 Y-0.5182 Z-0.085 I0.0171 J0.0088
X-44.3438 Y-0.4818 Z-0.0953 I-0.0063 J0.0182
X-44.3312 Y-0.5182 Z-0.1056 I0.0063 J-0.0182
X-44.3438 Y-0.4818 Z-0.1159 I-0.0063 J0.0182
X-44.3312 Y-0.5182 Z-0.1262 I0.0063 J-0.0182
X-44.3183 Y-0.5015 Z-0.13 I-0.0063 J0.0182
X-44.3567 Y-0.4985 Z-0.1403 I-0.0192 J0.0015
X-44.3416 Y-0.5188 Z-0.145 I0.0192 J-0.0015
X-44.3334 Y-0.4812 I0.0041 J0.0188
X-44.3416 Y-0.5188 I-0.0041 J-0.0188
X-44.3301 Y-0.5115 I0.0021 J0.0094
G1 X-44.3285 Y-0.5038
X-44.3278 Y-0.5008 Z-0.1447
X-44.3272 Y-0.4979 Z-0.1438
X-44.3266 Y-0.4952 Z-0.1423
X-44.3261 Y-0.4929 Z-0.1404
X-44.3257 Y-0.491 Z-0.138
X-44.3254 Y-0.4895 Z-0.1353
X-44.3252 Y-0.4887 Z-0.1323
X-44.3251 Y-0.4884 Z-0.1292
G0 Z0.4
X-43.8279 Y-0.514
Z0.13
G1 Z0.0658 F40.
G19 G3 Y-0.4983 Z0.05 J0.0158 K0.
G1 Y-0.4904
G17 G3 X-43.8375 Y-0.4808 I-0.0096 J0.
Y-0.5192 Z0.0397 I0. J-0.0192
Y-0.4808 Z0.0294 I0. J0.0192
X-43.8427 Y-0.5185 Z0.02 I0. J-0.0192
X-43.8323 Y-0.4815 Z0.0097 I0.0052 J0.0185
X-43.8427 Y-0.5185 Z-0.0006 I-0.0052 J-0.0185
X-43.8274 Y-0.4836 Z-0.01 I0.0052 J0.0185
X-43.8476 Y-0.5164 Z-0.0203 I-0.0101 J-0.0164
X-43.8226 Y-0.5122 Z-0.025 I0.0101 J0.0164
X-43.8524 Y-0.4878 Z-0.0353 I-0.0149 J0.0122
X-43.8516 Y-0.5131 Z-0.04 I0.0149 J-0.0122
X-43.8234 Y-0.4869 Z-0.0503 I0.0141 J0.0131
X-43.8485 Y-0.4842 Z-0.055 I-0.0141 J-0.0131
X-43.8265 Y-0.5158 Z-0.0653 I0.011 J-0.0158
X-43.8485 Y-0.4842 Z-0.0756 I-0.011 J0.0158
X-43.8312 Y-0.5182 Z-0.085 I0.011 J-0.0158
X-43.8438 Y-0.4818 Z-0.0953 I-0.0063 J0.0182
X-43.8312 Y-0.5182 Z-0.1056 I0.0063 J-0.0182
X-43.8438 Y-0.4818 Z-0.1159 I-0.0063 J0.0182
X-43.8312 Y-0.5182 Z-0.1262 I0.0063 J-0.0182
X-43.8183 Y-0.5015 Z-0.13 I-0.0063 J0.0182
X-43.8567 Y-0.4985 Z-0.1403 I-0.0192 J0.0015
X-43.8416 Y-0.5188 Z-0.145 I0.0192 J-0.0015
X-43.8334 Y-0.4812 I0.0041 J0.0188
X-43.8416 Y-0.5188 I-0.0041 J-0.0188
X-43.8301 Y-0.5115 I0.002 J0.0094
G1 X-43.8285 Y-0.5038
X-43.8278 Y-0.5008 Z-0.1447
X-43.8272 Y-0.4979 Z-0.1438
X-43.8266 Y-0.4952 Z-0.1423
X-43.8261 Y-0.4929 Z-0.1404
X-43.8257 Y-0.491 Z-0.138
X-43.8254 Y-0.4895 Z-0.1353
X-43.8252 Y-0.4887 Z-0.1323
X-43.8251 Y-0.4884 Z-0.1292
G0 Z0.4
X-43.3279 Y-0.514
Z0.13
G1 Z0.0658 F40.
G19 G3 Y-0.4983 Z0.05 J0.0158 K0.
G1 Y-0.4904
G17 G3 X-43.3375 Y-0.4808 I-0.0096 J0.
Y-0.5193 Z0.0397 I0. J-0.0192
Y-0.4807 Z0.0294 I0. J0.0193
X-43.3427 Y-0.5185 Z0.02 I0. J-0.0193
X-43.3323 Y-0.4815 Z0.0097 I0.0052 J0.0185
X-43.3551 Y-0.4923 Z0.005 I-0.0052 J-0.0185
X-43.3199 Y-0.5077 Z-0.0053 I0.0176 J-0.0077
X-43.3274 Y-0.4836 Z-0.01 I-0.0176 J0.0077
X-43.3475 Y-0.5164 Z-0.0203 I-0.01 J-0.0164
X-43.3226 Y-0.5122 Z-0.025 I0.01 J0.0164
X-43.3524 Y-0.4878 Z-0.0353 I-0.0149 J0.0122
X-43.3226 Y-0.5122 Z-0.0456 I0.0149 J-0.0122
X-43.3485 Y-0.4842 Z-0.055 I-0.0149 J0.0122
X-43.3265 Y-0.5158 Z-0.0653 I0.011 J-0.0158
X-43.3204 Y-0.4912 Z-0.07 I-0.011 J0.0158
X-43.3546 Y-0.5088 Z-0.0803 I-0.0171 J-0.0088
X-43.3312 Y-0.5182 Z-0.085 I0.0171 J0.0088
X-43.3438 Y-0.4818 Z-0.0953 I-0.0063 J0.0182
X-43.3312 Y-0.5182 Z-0.1056 I0.0063 J-0.0182
X-43.3438 Y-0.4818 Z-0.1159 I-0.0063 J0.0182
X-43.3312 Y-0.5182 Z-0.1262 I0.0063 J-0.0182
X-43.3183 Y-0.5015 Z-0.13 I-0.0063 J0.0182
X-43.3567 Y-0.4985 Z-0.1403 I-0.0192 J0.0015
X-43.3416 Y-0.5188 Z-0.145 I0.0192 J-0.0015
X-43.3334 Y-0.4812 I0.0041 J0.0188
X-43.3416 Y-0.5188 I-0.0041 J-0.0188
X-43.3301 Y-0.5115 I0.0021 J0.0094
G1 X-43.3285 Y-0.5038
X-43.3278 Y-0.5008 Z-0.1447
X-43.3272 Y-0.4979 Z-0.1438
X-43.3266 Y-0.4952 Z-0.1423
X-43.3261 Y-0.4929 Z-0.1404
X-43.3257 Y-0.491 Z-0.138
X-43.3254 Y-0.4895 Z-0.1353
X-43.3252 Y-0.4887 Z-0.1323
X-43.3251 Y-0.4884 Z-0.1292
G0 Z0.4
X-42.8279 Y-0.514
Z0.13
G1 Z0.0658 F40.
G19 G3 Y-0.4983 Z0.05 J0.0158 K0.
G1 Y-0.4904
G17 G3 X-42.8375 Y-0.4808 I-0.0096 J0.
Y-0.5192 Z0.0397 I0. J-0.0192
Y-0.4808 Z0.0294 I0. J0.0192
X-42.8427 Y-0.5185 Z0.02 I0. J-0.0192
X-42.8323 Y-0.4815 Z0.0097 I0.0052 J0.0185
X-42.8427 Y-0.5185 Z-0.0006 I-0.0052 J-0.0185
X-42.8274 Y-0.4836 Z-0.01 I0.0052 J0.0185
X-42.8476 Y-0.5164 Z-0.0203 I-0.0101 J-0.0164
X-42.8226 Y-0.5122 Z-0.025 I0.0101 J0.0164
X-42.8524 Y-0.4878 Z-0.0353 I-0.0149 J0.0122
X-42.8226 Y-0.5122 Z-0.0456 I0.0149 J-0.0122
X-42.8485 Y-0.4842 Z-0.055 I-0.0149 J0.0122
X-42.8265 Y-0.5158 Z-0.0653 I0.011 J-0.0158
X-42.8485 Y-0.4842 Z-0.0756 I-0.011 J0.0158
X-42.8312 Y-0.5182 Z-0.085 I0.011 J-0.0158
X-42.8438 Y-0.4818 Z-0.0953 I-0.0063 J0.0182
X-42.8564 Y-0.5038 Z-0.1 I0.0063 J-0.0182
X-42.8186 Y-0.4962 Z-0.1103 I0.0189 J0.0038
X-42.8564 Y-0.5038 Z-0.1206 I-0.0189 J-0.0038
X-42.8186 Y-0.4962 Z-0.1309 I0.0189 J0.0038
X-42.8564 Y-0.5038 Z-0.1412 I-0.0189 J-0.0038
X-42.8416 Y-0.5188 Z-0.145 I0.0189 J0.0038
X-42.8334 Y-0.4812 I0.0041 J0.0188
X-42.8416 Y-0.5188 I-0.0041 J-0.0188
X-42.8301 Y-0.5115 I0.002 J0.0094
G1 X-42.8285 Y-0.5038
X-42.8278 Y-0.5008 Z-0.1447
X-42.8272 Y-0.4979 Z-0.1438
X-42.8266 Y-0.4952 Z-0.1423
X-42.8261 Y-0.4929 Z-0.1404
X-42.8257 Y-0.491 Z-0.138
X-42.8254 Y-0.4895 Z-0.1353
X-42.8252 Y-0.4887 Z-0.1323
X-42.8251 Y-0.4884 Z-0.1292
G0 Z0.4
X-42.3279 Y-0.514
Z0.13
G1 Z0.0658 F40.
G19 G3 Y-0.4983 Z0.05 J0.0158 K0.
G1 Y-0.4904
G17 G3 X-42.3375 Y-0.4808 I-0.0096 J0.
Y-0.5192 Z0.0397 I0. J-0.0192
Y-0.4808 Z0.0294 I0. J0.0192
X-42.3427 Y-0.5185 Z0.02 I0. J-0.0192
X-42.3323 Y-0.4815 Z0.0097 I0.0052 J0.0185
X-42.3427 Y-0.5185 Z-0.0006 I-0.0052 J-0.0185
X-42.3274 Y-0.4836 Z-0.01 I0.0052 J0.0185
X-42.3476 Y-0.5164 Z-0.0203 I-0.0101 J-0.0164
X-42.3226 Y-0.5122 Z-0.025 I0.0101 J0.0164
X-42.3524 Y-0.4878 Z-0.0353 I-0.0149 J0.0122
X-42.3516 Y-0.5131 Z-0.04 I0.0149 J-0.0122
X-42.3234 Y-0.4869 Z-0.0503 I0.0141 J0.0131
X-42.3485 Y-0.4842 Z-0.055 I-0.0141 J-0.0131
X-42.3265 Y-0.5158 Z-0.0653 I0.011 J-0.0158
X-42.3485 Y-0.4842 Z-0.0756 I-0.011 J0.0158
X-42.3312 Y-0.5182 Z-0.085 I0.011 J-0.0158
X-42.3438 Y-0.4818 Z-0.0953 I-0.0063 J0.0182
X-42.3312 Y-0.5182 Z-0.1056 I0.0063 J-0.0182
X-42.3438 Y-0.4818 Z-0.1159 I-0.0063 J0.0182
X-42.3312 Y-0.5182 Z-0.1262 I0.0063 J-0.0182
X-42.3183 Y-0.5015 Z-0.13 I-0.0063 J0.0182
X-42.3567 Y-0.4985 Z-0.1403 I-0.0192 J0.0015
X-42.3416 Y-0.5188 Z-0.145 I0.0192 J-0.0015
X-42.3334 Y-0.4812 I0.0041 J0.0188
X-42.3416 Y-0.5188 I-0.0041 J-0.0188
X-42.3301 Y-0.5115 I0.0021 J0.0094
G1 X-42.3285 Y-0.5038
X-42.3278 Y-0.5008 Z-0.1447
X-42.3272 Y-0.4979 Z-0.1438
X-42.3266 Y-0.4952 Z-0.1423
X-42.3261 Y-0.4929 Z-0.1404
X-42.3257 Y-0.491 Z-0.138
X-42.3254 Y-0.4895 Z-0.1353
X-42.3252 Y-0.4887 Z-0.1323
X-42.3251 Y-0.4884 Z-0.1292
G0 Z0.4
X-41.8279 Y-0.514
Z0.13
G1 Z0.0658 F40.
G19 G3 Y-0.4983 Z0.05 J0.0158 K0.
G1 Y-0.4904
G17 G3 X-41.8375 Y-0.4808 I-0.0096 J0.
Y-0.5193 Z0.0397 I0. J-0.0192
X-41.8184 Y-0.5026 Z0.035 I0. J0.0193
X-41.8566 Y-0.4974 Z0.0247 I-0.0191 J0.0026
X-41.8427 Y-0.5185 Z0.02 I0.0191 J-0.0026
X-41.8323 Y-0.4815 Z0.0097 I0.0052 J0.0185
X-41.8427 Y-0.5185 Z-0.0006 I-0.0052 J-0.0185
X-41.8275 Y-0.4836 Z-0.01 I0.0052 J0.0185
X-41.8475 Y-0.5164 Z-0.0203 I-0.01 J-0.0164
X-41.8226 Y-0.5122 Z-0.025 I0.01 J0.0164
X-41.8524 Y-0.4878 Z-0.0353 I-0.0149 J0.0122
X-41.8226 Y-0.5122 Z-0.0456 I0.0149 J-0.0122
X-41.8485 Y-0.4842 Z-0.055 I-0.0149 J0.0122
X-41.8265 Y-0.5158 Z-0.0653 I0.011 J-0.0158
X-41.8204 Y-0.4912 Z-0.07 I-0.011 J0.0158
X-41.8546 Y-0.5088 Z-0.0803 I-0.0171 J-0.0088
X-41.8312 Y-0.5182 Z-0.085 I0.0171 J0.0088
X-41.8438 Y-0.4818 Z-0.0953 I-0.0063 J0.0182
X-41.8312 Y-0.5182 Z-0.1056 I0.0063 J-0.0182
X-41.8438 Y-0.4818 Z-0.1159 I-0.0063 J0.0182
X-41.8312 Y-0.5182 Z-0.1262 I0.0063 J-0.0182
X-41.8183 Y-0.5015 Z-0.13 I-0.0063 J0.0182
X-41.8567 Y-0.4985 Z-0.1403 I-0.0192 J0.0015
X-41.8416 Y-0.5188 Z-0.145 I0.0192 J-0.0015
X-41.8334 Y-0.4812 I0.0041 J0.0188
X-41.8416 Y-0.5188 I-0.0041 J-0.0188
X-41.8301 Y-0.5115 I0.0021 J0.0094
G1 X-41.8285 Y-0.5038
X-41.8278 Y-0.5008 Z-0.1447
X-41.8272 Y-0.4979 Z-0.1438
X-41.8266 Y-0.4952 Z-0.1423
X-41.8261 Y-0.4929 Z-0.1404
X-41.8257 Y-0.491 Z-0.138
X-41.8254 Y-0.4895 Z-0.1353
X-41.8252 Y-0.4887 Z-0.1323
X-41.8251 Y-0.4884 Z-0.1292
G0 Z0.4
X-41.3279 Y-0.514
Z0.13
G1 Z0.0658 F40.
G19 G3 Y-0.4983 Z0.05 J0.0158 K0.
G1 Y-0.4904
G17 G3 X-41.3375 Y-0.4808 I-0.0096 J0.
Y-0.5192 Z0.0397 I0. J-0.0192
Y-0.4808 Z0.0294 I0. J0.0192
X-41.3427 Y-0.5185 Z0.02 I0. J-0.0192
X-41.3323 Y-0.4815 Z0.0097 I0.0052 J0.0185
X-41.3427 Y-0.5185 Z-0.0006 I-0.0052 J-0.0185
X-41.3274 Y-0.4836 Z-0.01 I0.0052 J0.0185
X-41.3476 Y-0.5164 Z-0.0203 I-0.0101 J-0.0164
X-41.3226 Y-0.5122 Z-0.025 I0.0101 J0.0164
X-41.3524 Y-0.4878 Z-0.0353 I-0.0149 J0.0122
X-41.3516 Y-0.5131 Z-0.04 I0.0149 J-0.0122
X-41.3234 Y-0.4869 Z-0.0503 I0.0141 J0.0131
X-41.3485 Y-0.4842 Z-0.055 I-0.0141 J-0.0131
X-41.3265 Y-0.5158 Z-0.0653 I0.011 J-0.0158
X-41.3485 Y-0.4842 Z-0.0756 I-0.011 J0.0158
X-41.3312 Y-0.5182 Z-0.085 I0.011 J-0.0158
X-41.3438 Y-0.4818 Z-0.0953 I-0.0063 J0.0182
X-41.3312 Y-0.5182 Z-0.1056 I0.0063 J-0.0182
X-41.3438 Y-0.4818 Z-0.1159 I-0.0063 J0.0182
X-41.3312 Y-0.5182 Z-0.1262 I0.0063 J-0.0182
X-41.3183 Y-0.5015 Z-0.13 I-0.0063 J0.0182
X-41.3567 Y-0.4985 Z-0.1403 I-0.0192 J0.0015
X-41.3416 Y-0.5188 Z-0.145 I0.0192 J-0.0015
X-41.3334 Y-0.4812 I0.0041 J0.0188
X-41.3416 Y-0.5188 I-0.0041 J-0.0188
X-41.3301 Y-0.5115 I0.002 J0.0094
G1 X-41.3285 Y-0.5038
X-41.3278 Y-0.5008 Z-0.1447
X-41.3272 Y-0.4979 Z-0.1438
X-41.3266 Y-0.4952 Z-0.1423
X-41.3261 Y-0.4929 Z-0.1404
X-41.3257 Y-0.491 Z-0.138
X-41.3254 Y-0.4895 Z-0.1353
X-41.3252 Y-0.4887 Z-0.1323
X-41.3251 Y-0.4884 Z-0.1292
G0 Z0.4
X-40.8279 Y-0.514
Z0.13
G1 Z0.0658 F40.
G19 G3 Y-0.4983 Z0.05 J0.0158 K0.
G1 Y-0.4904
G17 G3 X-40.8375 Y-0.4808 I-0.0096 J0.
Y-0.5193 Z0.0397 I0. J-0.0192
Y-0.4807 Z0.0294 I0. J0.0193
X-40.8427 Y-0.5185 Z0.02 I0. J-0.0193
X-40.8323 Y-0.4815 Z0.0097 I0.0052 J0.0185
X-40.8551 Y-0.4923 Z0.005 I-0.0052 J-0.0185
X-40.8199 Y-0.5077 Z-0.0053 I0.0176 J-0.0077
X-40.8274 Y-0.4836 Z-0.01 I-0.0176 J0.0077
X-40.8475 Y-0.5164 Z-0.0203 I-0.01 J-0.0164
X-40.8226 Y-0.5122 Z-0.025 I0.01 J0.0164
X-40.8524 Y-0.4878 Z-0.0353 I-0.0149 J0.0122
X-40.8226 Y-0.5122 Z-0.0456 I0.0149 J-0.0122
X-40.8485 Y-0.4842 Z-0.055 I-0.0149 J0.0122
X-40.8265 Y-0.5158 Z-0.0653 I0.011 J-0.0158
X-40.8204 Y-0.4912 Z-0.07 I-0.011 J0.0158
X-40.8546 Y-0.5088 Z-0.0803 I-0.0171 J-0.0088
X-40.8312 Y-0.5182 Z-0.085 I0.0171 J0.0088
X-40.8438 Y-0.4818 Z-0.0953 I-0.0063 J0.0182
X-40.8312 Y-0.5182 Z-0.1056 I0.0063 J-0.0182
X-40.8438 Y-0.4818 Z-0.1159 I-0.0063 J0.0182
X-40.8312 Y-0.5182 Z-0.1262 I0.0063 J-0.0182
X-40.8183 Y-0.5015 Z-0.13 I-0.0063 J0.0182
X-40.8567 Y-0.4985 Z-0.1403 I-0.0192 J0.0015
X-40.8416 Y-0.5188 Z-0.145 I0.0192 J-0.0015
X-40.8334 Y-0.4812 I0.0041 J0.0188
X-40.8416 Y-0.5188 I-0.0041 J-0.0188
X-40.8301 Y-0.5115 I0.0021 J0.0094
G1 X-40.8285 Y-0.5038
X-40.8278 Y-0.5008 Z-0.1447
X-40.8272 Y-0.4979 Z-0.1438
X-40.8266 Y-0.4952 Z-0.1423
X-40.8261 Y-0.4929 Z-0.1404
X-40.8257 Y-0.491 Z-0.138
X-40.8254 Y-0.4895 Z-0.1353
X-40.8252 Y-0.4887 Z-0.1323
X-40.8251 Y-0.4884 Z-0.1292
G0 Z0.4
X-40.3279 Y-0.514
Z0.13
G1 Z0.0658 F40.
G19 G3 Y-0.4983 Z0.05 J0.0158 K0.
G1 Y-0.4904
G17 G3 X-40.3375 Y-0.4808 I-0.0096 J0.
Y-0.5192 Z0.0397 I0. J-0.0192
Y-0.4808 Z0.0294 I0. J0.0192
X-40.3427 Y-0.5185 Z0.02 I0. J-0.0192
X-40.3323 Y-0.4815 Z0.0097 I0.0052 J0.0185
X-40.3427 Y-0.5185 Z-0.0006 I-0.0052 J-0.0185
X-40.3274 Y-0.4836 Z-0.01 I0.0052 J0.0185
X-40.3476 Y-0.5164 Z-0.0203 I-0.0101 J-0.0164
X-40.3226 Y-0.5122 Z-0.025 I0.0101 J0.0164
X-40.3524 Y-0.4878 Z-0.0353 I-0.0149 J0.0122
X-40.3226 Y-0.5122 Z-0.0456 I0.0149 J-0.0122
X-40.3485 Y-0.4842 Z-0.055 I-0.0149 J0.0122
X-40.3265 Y-0.5158 Z-0.0653 I0.011 J-0.0158
X-40.3485 Y-0.4842 Z-0.0756 I-0.011 J0.0158
X-40.3312 Y-0.5182 Z-0.085 I0.011 J-0.0158
X-40.3438 Y-0.4818 Z-0.0953 I-0.0063 J0.0182
X-40.3564 Y-0.5038 Z-0.1 I0.0063 J-0.0182
X-40.3186 Y-0.4962 Z-0.1103 I0.0189 J0.0038
X-40.3564 Y-0.5038 Z-0.1206 I-0.0189 J-0.0038
X-40.3186 Y-0.4962 Z-0.1309 I0.0189 J0.0038
X-40.3564 Y-0.5038 Z-0.1412 I-0.0189 J-0.0038
X-40.3416 Y-0.5188 Z-0.145 I0.0189 J0.0038
X-40.3334 Y-0.4812 I0.0041 J0.0188
X-40.3416 Y-0.5188 I-0.0041 J-0.0188
X-40.3301 Y-0.5115 I0.002 J0.0094
G1 X-40.3285 Y-0.5038
X-40.3278 Y-0.5008 Z-0.1447
X-40.3272 Y-0.4979 Z-0.1438
X-40.3266 Y-0.4952 Z-0.1423
X-40.3261 Y-0.4929 Z-0.1404
X-40.3257 Y-0.491 Z-0.138
X-40.3254 Y-0.4895 Z-0.1353
X-40.3252 Y-0.4887 Z-0.1323
X-40.3251 Y-0.4884 Z-0.1292
G0 Z0.4
X-39.8279 Y-0.514
Z0.13
G1 Z0.0658 F40.
G19 G3 Y-0.4983 Z0.05 J0.0158 K0.
G1 Y-0.4904
G17 G3 X-39.8375 Y-0.4808 I-0.0096 J0.
Y-0.5192 Z0.0397 I0. J-0.0192
Y-0.4808 Z0.0294 I0. J0.0192
Y-0.5192 Z0.0191 I0. J-0.0192
Y-0.4808 Z0.0088 I0. J0.0192
Y-0.5192 Z-0.0015 I0. J-0.0192
Y-0.4808 Z-0.0118 I0. J0.0192
Y-0.5192 Z-0.0221 I0. J-0.0192
Y-0.4808 Z-0.0324 I0. J0.0192
Y-0.5192 Z-0.0427 I0. J-0.0192
Y-0.4808 Z-0.053 I0. J0.0192
Y-0.5192 Z-0.0633 I0. J-0.0192
Y-0.4808 Z-0.0736 I0. J0.0192
Y-0.5192 Z-0.0839 I0. J-0.0192
Y-0.4808 Z-0.0942 I0. J0.0192
Y-0.5192 Z-0.1045 I0. J-0.0192
Y-0.4808 Z-0.1148 I0. J0.0192
Y-0.5192 Z-0.1251 I0. J-0.0192
Y-0.4808 Z-0.1354 I0. J0.0192
X-39.8416 Y-0.5188 Z-0.145 I0. J-0.0192
X-39.8334 Y-0.4812 I0.0041 J0.0188
X-39.8416 Y-0.5188 I-0.0041 J-0.0188
X-39.8301 Y-0.5115 I0.002 J0.0094
G1 X-39.8285 Y-0.5038
X-39.8278 Y-0.5008 Z-0.1447
X-39.8272 Y-0.4979 Z-0.1438
X-39.8266 Y-0.4952 Z-0.1423
X-39.8261 Y-0.4929 Z-0.1404
X-39.8257 Y-0.491 Z-0.138
X-39.8254 Y-0.4895 Z-0.1353
X-39.8252 Y-0.4887 Z-0.1323
X-39.8251 Y-0.4884 Z-0.1292
G0 Z0.4
X-39.3279 Y-0.514
Z0.13
G1 Z0.0658 F40.
G19 G3 Y-0.4983 Z0.05 J0.0158 K0.
G1 Y-0.4904
G17 G3 X-39.3375 Y-0.4808 I-0.0096 J0.
Y-0.5192 Z0.0397 I0. J-0.0192
Y-0.4808 Z0.0294 I0. J0.0192
Y-0.5192 Z0.0191 I0. J-0.0192
Y-0.4808 Z0.0088 I0. J0.0192
Y-0.5192 Z-0.0015 I0. J-0.0192
Y-0.4808 Z-0.0118 I0. J0.0192
Y-0.5192 Z-0.0221 I0. J-0.0192
Y-0.4808 Z-0.0324 I0. J0.0192
Y-0.5192 Z-0.0427 I0. J-0.0192
Y-0.4808 Z-0.053 I0. J0.0192
Y-0.5192 Z-0.0633 I0. J-0.0192
Y-0.4808 Z-0.0736 I0. J0.0192
Y-0.5192 Z-0.0839 I0. J-0.0192
Y-0.4808 Z-0.0942 I0. J0.0192
Y-0.5192 Z-0.1045 I0. J-0.0192
Y-0.4808 Z-0.1148 I0. J0.0192
Y-0.5192 Z-0.1251 I0. J-0.0192
Y-0.4808 Z-0.1354 I0. J0.0192
X-39.3416 Y-0.5188 Z-0.145 I0. J-0.0192
X-39.3334 Y-0.4812 I0.0041 J0.0188
X-39.3416 Y-0.5188 I-0.0041 J-0.0188
X-39.3301 Y-0.5115 I0.002 J0.0094
G1 X-39.3285 Y-0.5038
X-39.3278 Y-0.5008 Z-0.1447
X-39.3272 Y-0.4979 Z-0.1438
X-39.3266 Y-0.4952 Z-0.1423
X-39.3261 Y-0.4929 Z-0.1404
X-39.3257 Y-0.491 Z-0.138
X-39.3254 Y-0.4895 Z-0.1353
X-39.3252 Y-0.4887 Z-0.1323
X-39.3251 Y-0.4884 Z-0.1292
G0 Z0.4
X-38.8279 Y-0.514
Z0.13
G1 Z0.0658 F40.
G19 G3 Y-0.4983 Z0.05 J0.0158 K0.
G1 Y-0.4904
G17 G3 X-38.8375 Y-0.4808 I-0.0096 J0.
Y-0.5193 Z0.0397 I0. J-0.0192
Y-0.4807 Z0.0294 I0. J0.0193
Y-0.5193 Z0.0191 I0. J-0.0193
Y-0.4807 Z0.0088 I0. J0.0193
Y-0.5193 Z-0.0015 I0. J-0.0193
Y-0.4807 Z-0.0118 I0. J0.0193
Y-0.5193 Z-0.0221 I0. J-0.0193
Y-0.4807 Z-0.0324 I0. J0.0193
Y-0.5193 Z-0.0427 I0. J-0.0193
Y-0.4807 Z-0.053 I0. J0.0193
Y-0.5193 Z-0.0633 I0. J-0.0193
Y-0.4807 Z-0.0736 I0. J0.0193
Y-0.5193 Z-0.0839 I0. J-0.0193
Y-0.4807 Z-0.0942 I0. J0.0193
Y-0.5193 Z-0.1045 I0. J-0.0193
Y-0.4807 Z-0.1148 I0. J0.0193
Y-0.5193 Z-0.1251 I0. J-0.0193
Y-0.4807 Z-0.1354 I0. J0.0193
X-38.8416 Y-0.5188 Z-0.145 I0. J-0.0193
X-38.8334 Y-0.4812 I0.0041 J0.0188
X-38.8416 Y-0.5188 I-0.0041 J-0.0188
X-38.8301 Y-0.5115 I0.0021 J0.0094
G1 X-38.8285 Y-0.5038
X-38.8278 Y-0.5008 Z-0.1447
X-38.8272 Y-0.4979 Z-0.1438
X-38.8266 Y-0.4952 Z-0.1423
X-38.8261 Y-0.4929 Z-0.1404
X-38.8257 Y-0.491 Z-0.138
X-38.8254 Y-0.4895 Z-0.1353
X-38.8252 Y-0.4887 Z-0.1323
X-38.8251 Y-0.4884 Z-0.1292
G0 Z0.4
X-38.3279 Y-0.514
Z0.13
G1 Z0.0658 F40.
G19 G3 Y-0.4983 Z0.05 J0.0158 K0.
G1 Y-0.4904
G17 G3 X-38.3375 Y-0.4808 I-0.0096 J0.
Y-0.5192 Z0.0397 I0. J-0.0192
Y-0.4808 Z0.0294 I0. J0.0192
Y-0.5192 Z0.0191 I0. J-0.0192
Y-0.4808 Z0.0088 I0. J0.0192
Y-0.5192 Z-0.0015 I0. J-0.0192
Y-0.4808 Z-0.0118 I0. J0.0192
Y-0.5192 Z-0.0221 I0. J-0.0192
Y-0.4808 Z-0.0324 I0. J0.0192
Y-0.5192 Z-0.0427 I0. J-0.0192
Y-0.4808 Z-0.053 I0. J0.0192
Y-0.5192 Z-0.0633 I0. J-0.0192
Y-0.4808 Z-0.0736 I0. J0.0192
Y-0.5192 Z-0.0839 I0. J-0.0192
Y-0.4808 Z-0.0942 I0. J0.0192
Y-0.5192 Z-0.1045 I0. J-0.0192
Y-0.4808 Z-0.1148 I0. J0.0192
Y-0.5192 Z-0.1251 I0. J-0.0192
Y-0.4808 Z-0.1354 I0. J0.0192
X-38.3416 Y-0.5188 Z-0.145 I0. J-0.0192
X-38.3334 Y-0.4812 I0.0041 J0.0188
X-38.3416 Y-0.5188 I-0.0041 J-0.0188
X-38.3301 Y-0.5115 I0.0021 J0.0094
G1 X-38.3285 Y-0.5038
X-38.3278 Y-0.5008 Z-0.1447
X-38.3272 Y-0.4979 Z-0.1438
X-38.3266 Y-0.4952 Z-0.1423
X-38.3261 Y-0.4929 Z-0.1404
X-38.3257 Y-0.491 Z-0.138
X-38.3254 Y-0.4895 Z-0.1353
X-38.3252 Y-0.4887 Z-0.1323
X-38.3251 Y-0.4884 Z-0.1292
G0 Z0.4
X-37.8279 Y-0.514
Z0.13
G1 Z0.0658 F40.
G19 G3 Y-0.4983 Z0.05 J0.0158 K0.
G1 Y-0.4904
G17 G3 X-37.8375 Y-0.4808 I-0.0096 J0.
Y-0.5192 Z0.0397 I0. J-0.0192
Y-0.4808 Z0.0294 I0. J0.0192
Y-0.5192 Z0.0191 I0. J-0.0192
Y-0.4808 Z0.0088 I0. J0.0192
Y-0.5192 Z-0.0015 I0. J-0.0192
Y-0.4808 Z-0.0118 I0. J0.0192
Y-0.5192 Z-0.0221 I0. J-0.0192
Y-0.4808 Z-0.0324 I0. J0.0192
Y-0.5192 Z-0.0427 I0. J-0.0192
Y-0.4808 Z-0.053 I0. J0.0192
Y-0.5192 Z-0.0633 I0. J-0.0192
Y-0.4808 Z-0.0736 I0. J0.0192
Y-0.5192 Z-0.0839 I0. J-0.0192
Y-0.4808 Z-0.0942 I0. J0.0192
Y-0.5192 Z-0.1045 I0. J-0.0192
Y-0.4808 Z-0.1148 I0. J0.0192
Y-0.5192 Z-0.1251 I0. J-0.0192
Y-0.4808 Z-0.1354 I0. J0.0192
X-37.8416 Y-0.5188 Z-0.145 I0. J-0.0192
X-37.8334 Y-0.4812 I0.0041 J0.0188
X-37.8416 Y-0.5188 I-0.0041 J-0.0188
X-37.8301 Y-0.5115 I0.0021 J0.0094
G1 X-37.8285 Y-0.5038
X-37.8278 Y-0.5008 Z-0.1447
X-37.8272 Y-0.4979 Z-0.1438
X-37.8266 Y-0.4952 Z-0.1423
X-37.8261 Y-0.4929 Z-0.1404
X-37.8257 Y-0.491 Z-0.138
X-37.8254 Y-0.4895 Z-0.1353
X-37.8252 Y-0.4887 Z-0.1323
X-37.8251 Y-0.4884 Z-0.1292
G0 Z0.4
X-37.3279 Y-0.514
Z0.13
G1 Z0.0658 F40.
G19 G3 Y-0.4983 Z0.05 J0.0158 K0.
G1 Y-0.4904
G17 G3 X-37.3375 Y-0.4808 I-0.0096 J0.
Y-0.5192 Z0.0397 I0. J-0.0192
Y-0.4808 Z0.0294 I0. J0.0192
Y-0.5192 Z0.0191 I0. J-0.0192
Y-0.4808 Z0.0088 I0. J0.0192
Y-0.5192 Z-0.0015 I0. J-0.0192
Y-0.4808 Z-0.0118 I0. J0.0192
Y-0.5192 Z-0.0221 I0. J-0.0192
Y-0.4808 Z-0.0324 I0. J0.0192
Y-0.5192 Z-0.0427 I0. J-0.0192
Y-0.4808 Z-0.053 I0. J0.0192
Y-0.5192 Z-0.0633 I0. J-0.0192
Y-0.4808 Z-0.0736 I0. J0.0192
Y-0.5192 Z-0.0839 I0. J-0.0192
Y-0.4808 Z-0.0942 I0. J0.0192
Y-0.5192 Z-0.1045 I0. J-0.0192
Y-0.4808 Z-0.1148 I0. J0.0192
Y-0.5192 Z-0.1251 I0. J-0.0192
Y-0.4808 Z-0.1354 I0. J0.0192
X-37.3416 Y-0.5188 Z-0.145 I0. J-0.0192
X-37.3334 Y-0.4812 I0.0041 J0.0188
X-37.3416 Y-0.5188 I-0.0041 J-0.0188
X-37.3301 Y-0.5115 I0.002 J0.0094
G1 X-37.3285 Y-0.5038
X-37.3278 Y-0.5008 Z-0.1447
X-37.3272 Y-0.4979 Z-0.1438
X-37.3266 Y-0.4952 Z-0.1423
X-37.3261 Y-0.4929 Z-0.1404
X-37.3257 Y-0.491 Z-0.138
X-37.3254 Y-0.4895 Z-0.1353
X-37.3252 Y-0.4887 Z-0.1323
X-37.3251 Y-0.4884 Z-0.1292
G0 Z0.4
X-36.7765 Y-0.5096
Z0.13
G1 Z0.0658 F40.
G18 G2 X-36.7607 Z0.05 I0.0158 K0.
G1 X-36.7529
G17 G3 X-36.7433 Y-0.5 I0. J0.0096
X-36.7818 Z0.0397 I-0.0193 J0.
X-36.7433 Z0.0294 I0.0193 J0.
X-36.7818 Z0.0191 I-0.0193 J0.
X-36.7433 Z0.0088 I0.0193 J0.
X-36.7818 Z-0.0015 I-0.0193 J0.
X-36.7433 Z-0.0118 I0.0193 J0.
X-36.7818 Z-0.0221 I-0.0193 J0.
X-36.7433 Z-0.0324 I0.0193 J0.
X-36.7818 Z-0.0427 I-0.0193 J0.
X-36.7433 Z-0.053 I0.0193 J0.
X-36.7818 Z-0.0633 I-0.0193 J0.
X-36.7433 Z-0.0736 I0.0193 J0.
X-36.7818 Z-0.0839 I-0.0193 J0.
X-36.7433 Z-0.0942 I0.0193 J0.
X-36.7818 Z-0.1045 I-0.0193 J0.
X-36.7433 Z-0.1148 I0.0193 J0.
X-36.7818 Z-0.1251 I-0.0193 J0.
X-36.7433 Z-0.1354 I0.0193 J0.
X-36.7813 Y-0.4959 Z-0.145 I-0.0193 J0.
X-36.7437 Y-0.5041 I0.0188 J-0.0041
X-36.7813 Y-0.4959 I-0.0188 J0.0041
X-36.774 Y-0.5074 I0.0094 J-0.0021
G1 X-36.7663 Y-0.509
X-36.7633 Y-0.5097 Z-0.1447
X-36.7604 Y-0.5103 Z-0.1438
X-36.7577 Y-0.5109 Z-0.1423
X-36.7554 Y-0.5114 Z-0.1404
X-36.7535 Y-0.5118 Z-0.138
X-36.752 Y-0.5121 Z-0.1353
X-36.7512 Y-0.5123 Z-0.1323
X-36.7509 Y-0.5124 Z-0.1292
G0 Z0.4
X-36.2765 Y-0.5096
Z0.13
G1 Z0.0658 F40.
G18 G2 X-36.2608 Z0.05 I0.0157 K0.
G1 X-36.2529
G17 G3 X-36.2433 Y-0.5 I0. J0.0096
X-36.2818 Z0.0397 I-0.0193 J0.
X-36.2433 Z0.0294 I0.0193 J0.
X-36.2818 Z0.0191 I-0.0193 J0.
X-36.2433 Z0.0088 I0.0193 J0.
X-36.2818 Z-0.0015 I-0.0193 J0.
X-36.2433 Z-0.0118 I0.0193 J0.
X-36.2818 Z-0.0221 I-0.0193 J0.
X-36.2433 Z-0.0324 I0.0193 J0.
X-36.2818 Z-0.0427 I-0.0193 J0.
X-36.2433 Z-0.053 I0.0193 J0.
X-36.2818 Z-0.0633 I-0.0193 J0.
X-36.2433 Z-0.0736 I0.0193 J0.
X-36.2818 Z-0.0839 I-0.0193 J0.
X-36.2433 Z-0.0942 I0.0193 J0.
X-36.2818 Z-0.1045 I-0.0193 J0.
X-36.2433 Z-0.1148 I0.0193 J0.
X-36.2818 Z-0.1251 I-0.0193 J0.
X-36.2433 Z-0.1354 I0.0193 J0.
X-36.2813 Y-0.4959 Z-0.145 I-0.0193 J0.
X-36.2437 Y-0.5041 I0.0188 J-0.0041
X-36.2813 Y-0.4959 I-0.0188 J0.0041
X-36.274 Y-0.5074 I0.0094 J-0.0021
G1 X-36.2663 Y-0.509
X-36.2633 Y-0.5097 Z-0.1447
X-36.2604 Y-0.5103 Z-0.1438
X-36.2577 Y-0.5109 Z-0.1423
X-36.2554 Y-0.5114 Z-0.1404
X-36.2535 Y-0.5118 Z-0.138
X-36.252 Y-0.5121 Z-0.1353
X-36.2512 Y-0.5123 Z-0.1323
X-36.2509 Y-0.5124 Z-0.1292
G0 Z0.4
X-35.7765 Y-0.5096
Z0.13
G1 Z0.0658 F40.
G18 G2 X-35.7608 Z0.05 I0.0157 K0.
G1 X-35.7529
G17 G3 X-35.7432 Y-0.5 I0. J0.0096
X-35.7817 Z0.0397 I-0.0193 J0.
X-35.7432 Z0.0294 I0.0193 J0.
X-35.7817 Z0.0191 I-0.0193 J0.
X-35.7432 Z0.0088 I0.0193 J0.
X-35.7817 Z-0.0015 I-0.0193 J0.
X-35.7432 Z-0.0118 I0.0193 J0.
X-35.7817 Z-0.0221 I-0.0193 J0.
X-35.7432 Z-0.0324 I0.0193 J0.
X-35.7817 Z-0.0427 I-0.0193 J0.
X-35.7432 Z-0.053 I0.0193 J0.
X-35.7817 Z-0.0633 I-0.0193 J0.
X-35.7432 Z-0.0736 I0.0193 J0.
X-35.7817 Z-0.0839 I-0.0193 J0.
X-35.7432 Z-0.0942 I0.0193 J0.
X-35.7817 Z-0.1045 I-0.0193 J0.
X-35.7432 Z-0.1148 I0.0193 J0.
X-35.7817 Z-0.1251 I-0.0193 J0.
X-35.7432 Z-0.1354 I0.0193 J0.
X-35.7813 Y-0.4959 Z-0.145 I-0.0193 J0.
X-35.7437 Y-0.5041 I0.0188 J-0.0041
X-35.7813 Y-0.4959 I-0.0188 J0.0041
X-35.774 Y-0.5074 I0.0094 J-0.0021
G1 X-35.7663 Y-0.509
X-35.7633 Y-0.5097 Z-0.1447
X-35.7604 Y-0.5103 Z-0.1438
X-35.7577 Y-0.5109 Z-0.1423
X-35.7554 Y-0.5114 Z-0.1404
X-35.7535 Y-0.5118 Z-0.138
X-35.752 Y-0.5121 Z-0.1353
X-35.7512 Y-0.5123 Z-0.1323
X-35.7509 Y-0.5124 Z-0.1292
G0 Z0.4
X-35.2765 Y-0.5096
Z0.13
G1 Z0.0658 F40.
G18 G2 X-35.2607 Z0.05 I0.0157 K0.
G1 X-35.2529
G17 G3 X-35.2432 Y-0.5 I0. J0.0096
X-35.2817 Z0.0397 I-0.0193 J0.
X-35.2432 Z0.0294 I0.0193 J0.
X-35.2817 Z0.0191 I-0.0193 J0.
X-35.2432 Z0.0088 I0.0193 J0.
X-35.2817 Z-0.0015 I-0.0193 J0.
X-35.2432 Z-0.0118 I0.0193 J0.
X-35.2817 Z-0.0221 I-0.0193 J0.
X-35.2432 Z-0.0324 I0.0193 J0.
X-35.2817 Z-0.0427 I-0.0193 J0.
X-35.2432 Z-0.053 I0.0193 J0.
X-35.2817 Z-0.0633 I-0.0193 J0.
X-35.2432 Z-0.0736 I0.0193 J0.
X-35.2817 Z-0.0839 I-0.0193 J0.
X-35.2432 Z-0.0942 I0.0193 J0.
X-35.2817 Z-0.1045 I-0.0193 J0.
X-35.2432 Z-0.1148 I0.0193 J0.
X-35.2817 Z-0.1251 I-0.0193 J0.
X-35.2432 Z-0.1354 I0.0193 J0.
X-35.2813 Y-0.4959 Z-0.145 I-0.0193 J0.
X-35.2437 Y-0.5041 I0.0188 J-0.0041
X-35.2813 Y-0.4959 I-0.0188 J0.0041
X-35.274 Y-0.5074 I0.0094 J-0.0021
G1 X-35.2663 Y-0.509
X-35.2633 Y-0.5097 Z-0.1447
X-35.2604 Y-0.5103 Z-0.1438
X-35.2577 Y-0.5109 Z-0.1423
X-35.2554 Y-0.5114 Z-0.1404
X-35.2535 Y-0.5118 Z-0.138
X-35.252 Y-0.5121 Z-0.1353
X-35.2512 Y-0.5123 Z-0.1323
X-35.2509 Y-0.5124 Z-0.1292
G0 Z0.4
X-34.7765 Y-0.5096
Z0.13
G1 Z0.0658 F40.
G18 G2 X-34.7607 Z0.05 I0.0158 K0.
G1 X-34.7529
G17 G3 X-34.7433 Y-0.5 I0. J0.0096
X-34.7818 Z0.0397 I-0.0193 J0.
X-34.7651 Y-0.5191 Z0.035 I0.0192 J0.
X-34.7599 Y-0.4809 Z0.0247 I0.0026 J0.0191
X-34.7651 Y-0.5191 Z0.0144 I-0.0026 J-0.0191
X-34.7548 Y-0.4824 Z0.005 I0.0026 J0.0191
X-34.7702 Y-0.5176 Z-0.0053 I-0.0077 J-0.0176
X-34.7461 Y-0.5101 Z-0.01 I0.0077 J0.0176
X-34.7789 Y-0.4899 Z-0.0203 I-0.0164 J0.0101
X-34.7461 Y-0.5101 Z-0.0306 I0.0164 J-0.0101
X-34.7789 Y-0.4899 Z-0.0409 I-0.0164 J0.0101
X-34.7461 Y-0.5101 Z-0.0512 I0.0164 J-0.0101
X-34.7467 Y-0.489 Z-0.055 I-0.0164 J0.0101
X-34.7783 Y-0.511 Z-0.0653 I-0.0158 J-0.011
X-34.7537 Y-0.5171 Z-0.07 I0.0158 J0.011
X-34.7713 Y-0.4829 Z-0.0803 I-0.0088 J0.0171
X-34.7537 Y-0.5171 Z-0.0906 I0.0088 J-0.0171
X-34.7713 Y-0.4829 Z-0.1009 I-0.0088 J0.0171
X-34.7537 Y-0.5171 Z-0.1112 I0.0088 J-0.0171
X-34.7713 Y-0.4829 Z-0.1215 I-0.0088 J0.0171
X-34.7537 Y-0.5171 Z-0.1318 I0.0088 J-0.0171
X-34.7713 Y-0.4829 Z-0.1421 I-0.0088 J0.0171
X-34.7813 Y-0.4959 Z-0.145 I0.0088 J-0.0171
X-34.7437 Y-0.5041 I0.0188 J-0.0041
X-34.7813 Y-0.4959 I-0.0188 J0.0041
X-34.774 Y-0.5074 I0.0094 J-0.0021
G1 X-34.7663 Y-0.509
X-34.7633 Y-0.5097 Z-0.1447
X-34.7604 Y-0.5103 Z-0.1438
X-34.7577 Y-0.5109 Z-0.1423
X-34.7554 Y-0.5114 Z-0.1404
X-34.7535 Y-0.5118 Z-0.138
X-34.752 Y-0.5121 Z-0.1353
X-34.7512 Y-0.5123 Z-0.1323
X-34.7509 Y-0.5124 Z-0.1292
G0 Z0.4
X-34.2765 Y-0.5096
Z0.13
G1 Z0.0658 F40.
G18 G2 X-34.2607 Z0.05 I0.0158 K0.
G1 X-34.2529
G17 G3 X-34.2433 Y-0.5 I0. J0.0096
X-34.2818 Z0.0397 I-0.0193 J0.
X-34.2433 Z0.0294 I0.0193 J0.
X-34.2818 Z0.0191 I-0.0193 J0.
X-34.2433 Z0.0088 I0.0193 J0.
X-34.2818 Z-0.0015 I-0.0193 J0.
X-34.2433 Z-0.0118 I0.0193 J0.
X-34.2818 Z-0.0221 I-0.0193 J0.
X-34.2433 Z-0.0324 I0.0193 J0.
X-34.2818 Z-0.0427 I-0.0193 J0.
X-34.2433 Z-0.053 I0.0193 J0.
X-34.2818 Z-0.0633 I-0.0193 J0.
X-34.2433 Z-0.0736 I0.0193 J0.
X-34.2818 Z-0.0839 I-0.0193 J0.
X-34.2433 Z-0.0942 I0.0193 J0.
X-34.2818 Z-0.1045 I-0.0193 J0.
X-34.2433 Z-0.1148 I0.0193 J0.
X-34.2818 Z-0.1251 I-0.0193 J0.
X-34.2433 Z-0.1354 I0.0193 J0.
X-34.2813 Y-0.4959 Z-0.145 I-0.0193 J0.
X-34.2437 Y-0.5041 I0.0188 J-0.0041
X-34.2813 Y-0.4959 I-0.0188 J0.0041
X-34.274 Y-0.5074 I0.0094 J-0.0021
G1 X-34.2663 Y-0.509
X-34.2633 Y-0.5097 Z-0.1447
X-34.2604 Y-0.5103 Z-0.1438
X-34.2577 Y-0.5109 Z-0.1423
X-34.2554 Y-0.5114 Z-0.1404
X-34.2535 Y-0.5118 Z-0.138
X-34.252 Y-0.5121 Z-0.1353
X-34.2512 Y-0.5123 Z-0.1323
X-34.2509 Y-0.5124 Z-0.1292
G0 Z0.4
X-33.7765 Y-0.5096
Z0.13
G1 Z0.0658 F40.
G18 G2 X-33.7608 Z0.05 I0.0157 K0.
G1 X-33.7529
G17 G3 X-33.7433 Y-0.5 I0. J0.0096
X-33.7818 Z0.0397 I-0.0193 J0.
X-33.7433 Z0.0294 I0.0193 J0.
X-33.7818 Z0.0191 I-0.0193 J0.
X-33.7433 Z0.0088 I0.0193 J0.
X-33.7818 Z-0.0015 I-0.0193 J0.
X-33.7433 Z-0.0118 I0.0193 J0.
X-33.7818 Z-0.0221 I-0.0193 J0.
X-33.7433 Z-0.0324 I0.0193 J0.
X-33.7818 Z-0.0427 I-0.0193 J0.
X-33.7433 Z-0.053 I0.0193 J0.
X-33.7818 Z-0.0633 I-0.0193 J0.
X-33.7433 Z-0.0736 I0.0193 J0.
X-33.7818 Z-0.0839 I-0.0193 J0.
X-33.7433 Z-0.0942 I0.0193 J0.
X-33.7818 Z-0.1045 I-0.0193 J0.
X-33.7433 Z-0.1148 I0.0193 J0.
X-33.7818 Z-0.1251 I-0.0193 J0.
X-33.7433 Z-0.1354 I0.0193 J0.
X-33.7813 Y-0.4959 Z-0.145 I-0.0193 J0.
X-33.7437 Y-0.5041 I0.0188 J-0.0041
X-33.7813 Y-0.4959 I-0.0188 J0.0041
X-33.774 Y-0.5074 I0.0094 J-0.0021
G1 X-33.7663 Y-0.509
X-33.7633 Y-0.5097 Z-0.1447
X-33.7604 Y-0.5103 Z-0.1438
X-33.7577 Y-0.5109 Z-0.1423
X-33.7554 Y-0.5114 Z-0.1404
X-33.7535 Y-0.5118 Z-0.138
X-33.752 Y-0.5121 Z-0.1353
X-33.7512 Y-0.5123 Z-0.1323
X-33.7509 Y-0.5124 Z-0.1292
G0 Z0.4
X-33.2765 Y-0.5096
Z0.13
G1 Z0.0658 F40.
G18 G2 X-33.2608 Z0.05 I0.0157 K0.
G1 X-33.2529
G17 G3 X-33.2432 Y-0.5 I0. J0.0096
X-33.2817 Z0.0397 I-0.0193 J0.
X-33.2432 Z0.0294 I0.0193 J0.
X-33.2817 Z0.0191 I-0.0193 J0.
X-33.2432 Z0.0088 I0.0193 J0.
X-33.2817 Z-0.0015 I-0.0193 J0.
X-33.2432 Z-0.0118 I0.0193 J0.
X-33.2817 Z-0.0221 I-0.0193 J0.
X-33.2432 Z-0.0324 I0.0193 J0.
X-33.2817 Z-0.0427 I-0.0193 J0.
X-33.2432 Z-0.053 I0.0193 J0.
X-33.2817 Z-0.0633 I-0.0193 J0.
X-33.2432 Z-0.0736 I0.0193 J0.
X-33.2817 Z-0.0839 I-0.0193 J0.
X-33.2432 Z-0.0942 I0.0193 J0.
X-33.2817 Z-0.1045 I-0.0193 J0.
X-33.2432 Z-0.1148 I0.0193 J0.
X-33.2817 Z-0.1251 I-0.0193 J0.
X-33.2432 Z-0.1354 I0.0193 J0.
X-33.2813 Y-0.4959 Z-0.145 I-0.0193 J0.
X-33.2437 Y-0.5041 I0.0188 J-0.0041
X-33.2813 Y-0.4959 I-0.0188 J0.0041
X-33.274 Y-0.5074 I0.0094 J-0.0021
G1 X-33.2663 Y-0.509
X-33.2633 Y-0.5097 Z-0.1447
X-33.2604 Y-0.5103 Z-0.1438
X-33.2577 Y-0.5109 Z-0.1423
X-33.2554 Y-0.5114 Z-0.1404
X-33.2535 Y-0.5118 Z-0.138
X-33.252 Y-0.5121 Z-0.1353
X-33.2512 Y-0.5123 Z-0.1323
X-33.2509 Y-0.5124 Z-0.1292
G0 Z0.4
X-32.7765 Y-0.5096
Z0.13
G1 Z0.0658 F40.
G18 G2 X-32.7607 Z0.05 I0.0157 K0.
G1 X-32.7529
G17 G3 X-32.7432 Y-0.5 I0. J0.0096
X-32.7817 Z0.0397 I-0.0193 J0.
X-32.7432 Z0.0294 I0.0193 J0.
X-32.7817 Z0.0191 I-0.0193 J0.
X-32.7432 Z0.0088 I0.0193 J0.
X-32.7817 Z-0.0015 I-0.0193 J0.
X-32.7432 Z-0.0118 I0.0193 J0.
X-32.7817 Z-0.0221 I-0.0193 J0.
X-32.7432 Z-0.0324 I0.0193 J0.
X-32.7817 Z-0.0427 I-0.0193 J0.
X-32.7432 Z-0.053 I0.0193 J0.
X-32.7817 Z-0.0633 I-0.0193 J0.
X-32.7432 Z-0.0736 I0.0193 J0.
X-32.7817 Z-0.0839 I-0.0193 J0.
X-32.7432 Z-0.0942 I0.0193 J0.
X-32.7817 Z-0.1045 I-0.0193 J0.
X-32.7432 Z-0.1148 I0.0193 J0.
X-32.7817 Z-0.1251 I-0.0193 J0.
X-32.7432 Z-0.1354 I0.0193 J0.
X-32.7813 Y-0.4959 Z-0.145 I-0.0193 J0.
X-32.7437 Y-0.5041 I0.0188 J-0.0041
X-32.7813 Y-0.4959 I-0.0188 J0.0041
X-32.774 Y-0.5074 I0.0094 J-0.0021
G1 X-32.7663 Y-0.509
X-32.7633 Y-0.5097 Z-0.1447
X-32.7604 Y-0.5103 Z-0.1438
X-32.7577 Y-0.5109 Z-0.1423
X-32.7554 Y-0.5114 Z-0.1404
X-32.7535 Y-0.5118 Z-0.138
X-32.752 Y-0.5121 Z-0.1353
X-32.7512 Y-0.5123 Z-0.1323
X-32.7509 Y-0.5124 Z-0.1292
G0 Z0.4
X-32.2765 Y-0.5096
Z0.13
G1 Z0.0658 F40.
G18 G2 X-32.2607 Z0.05 I0.0158 K0.
G1 X-32.2529
G17 G3 X-32.2433 Y-0.5 I0. J0.0096
X-32.2818 Z0.0397 I-0.0193 J0.
X-32.2651 Y-0.5191 Z0.035 I0.0192 J0.
X-32.2599 Y-0.4809 Z0.0247 I0.0026 J0.0191
X-32.2651 Y-0.5191 Z0.0144 I-0.0026 J-0.0191
X-32.2548 Y-0.4824 Z0.005 I0.0026 J0.0191
X-32.2702 Y-0.5176 Z-0.0053 I-0.0077 J-0.0176
X-32.2461 Y-0.5101 Z-0.01 I0.0077 J0.0176
X-32.2789 Y-0.4899 Z-0.0203 I-0.0164 J0.0101
X-32.2461 Y-0.5101 Z-0.0306 I0.0164 J-0.0101
X-32.2789 Y-0.4899 Z-0.0409 I-0.0164 J0.0101
X-32.2461 Y-0.5101 Z-0.0512 I0.0164 J-0.0101
X-32.2467 Y-0.489 Z-0.055 I-0.0164 J0.0101
X-32.2783 Y-0.511 Z-0.0653 I-0.0158 J-0.011
X-32.2537 Y-0.5171 Z-0.07 I0.0158 J0.011
X-32.2713 Y-0.4829 Z-0.0803 I-0.0088 J0.0171
X-32.2537 Y-0.5171 Z-0.0906 I0.0088 J-0.0171
X-32.2713 Y-0.4829 Z-0.1009 I-0.0088 J0.0171
X-32.2537 Y-0.5171 Z-0.1112 I0.0088 J-0.0171
X-32.2713 Y-0.4829 Z-0.1215 I-0.0088 J0.0171
X-32.2537 Y-0.5171 Z-0.1318 I0.0088 J-0.0171
X-32.2713 Y-0.4829 Z-0.1421 I-0.0088 J0.0171
X-32.2813 Y-0.4959 Z-0.145 I0.0088 J-0.0171
X-32.2437 Y-0.5041 I0.0188 J-0.0041
X-32.2813 Y-0.4959 I-0.0188 J0.0041
X-32.274 Y-0.5074 I0.0094 J-0.0021
G1 X-32.2663 Y-0.509
X-32.2633 Y-0.5097 Z-0.1447
X-32.2604 Y-0.5103 Z-0.1438
X-32.2577 Y-0.5109 Z-0.1423
X-32.2554 Y-0.5114 Z-0.1404
X-32.2535 Y-0.5118 Z-0.138
X-32.252 Y-0.5121 Z-0.1353
X-32.2512 Y-0.5123 Z-0.1323
X-32.2509 Y-0.5124 Z-0.1292
G0 Z0.4
X-31.7765 Y-0.5096
Z0.13
G1 Z0.0658 F40.
G18 G2 X-31.7607 Z0.05 I0.0158 K0.
G1 X-31.7529
G17 G3 X-31.7433 Y-0.5 I0. J0.0096
X-31.7818 Z0.0397 I-0.0193 J0.
X-31.7433 Z0.0294 I0.0193 J0.
X-31.7818 Z0.0191 I-0.0193 J0.
X-31.7433 Z0.0088 I0.0193 J0.
X-31.7818 Z-0.0015 I-0.0193 J0.
X-31.7433 Z-0.0118 I0.0193 J0.
X-31.7818 Z-0.0221 I-0.0193 J0.
X-31.7433 Z-0.0324 I0.0193 J0.
X-31.7818 Z-0.0427 I-0.0193 J0.
X-31.7433 Z-0.053 I0.0193 J0.
X-31.7818 Z-0.0633 I-0.0193 J0.
X-31.7433 Z-0.0736 I0.0193 J0.
X-31.7818 Z-0.0839 I-0.0193 J0.
X-31.7433 Z-0.0942 I0.0193 J0.
X-31.7818 Z-0.1045 I-0.0193 J0.
X-31.7433 Z-0.1148 I0.0193 J0.
X-31.7818 Z-0.1251 I-0.0193 J0.
X-31.7433 Z-0.1354 I0.0193 J0.
X-31.7813 Y-0.4959 Z-0.145 I-0.0193 J0.
X-31.7437 Y-0.5041 I0.0188 J-0.0041
X-31.7813 Y-0.4959 I-0.0188 J0.0041
X-31.774 Y-0.5074 I0.0094 J-0.0021
G1 X-31.7663 Y-0.509
X-31.7633 Y-0.5097 Z-0.1447
X-31.7604 Y-0.5103 Z-0.1438
X-31.7577 Y-0.5109 Z-0.1423
X-31.7554 Y-0.5114 Z-0.1404
X-31.7535 Y-0.5118 Z-0.138
X-31.752 Y-0.5121 Z-0.1353
X-31.7512 Y-0.5123 Z-0.1323
X-31.7509 Y-0.5124 Z-0.1292
G0 Z0.4
X-31.2765 Y-0.5096
Z0.13
G1 Z0.0658 F40.
G18 G2 X-31.2608 Z0.05 I0.0157 K0.
G1 X-31.2529
G17 G3 X-31.2433 Y-0.5 I0. J0.0096
X-31.2818 Z0.0397 I-0.0193 J0.
X-31.2433 Z0.0294 I0.0193 J0.
X-31.2818 Z0.0191 I-0.0193 J0.
X-31.2433 Z0.0088 I0.0193 J0.
X-31.2818 Z-0.0015 I-0.0193 J0.
X-31.2433 Z-0.0118 I0.0193 J0.
X-31.2818 Z-0.0221 I-0.0193 J0.
X-31.2433 Z-0.0324 I0.0193 J0.
X-31.2818 Z-0.0427 I-0.0193 J0.
X-31.2433 Z-0.053 I0.0193 J0.
X-31.2818 Z-0.0633 I-0.0193 J0.
X-31.2433 Z-0.0736 I0.0193 J0.
X-31.2818 Z-0.0839 I-0.0193 J0.
X-31.2433 Z-0.0942 I0.0193 J0.
X-31.2818 Z-0.1045 I-0.0193 J0.
X-31.2433 Z-0.1148 I0.0193 J0.
X-31.2818 Z-0.1251 I-0.0193 J0.
X-31.2433 Z-0.1354 I0.0193 J0.
X-31.2813 Y-0.4959 Z-0.145 I-0.0193 J0.
X-31.2437 Y-0.5041 I0.0188 J-0.0041
X-31.2813 Y-0.4959 I-0.0188 J0.0041
X-31.274 Y-0.5074 I0.0094 J-0.0021
G1 X-31.2663 Y-0.509
X-31.2633 Y-0.5097 Z-0.1447
X-31.2604 Y-0.5103 Z-0.1438
X-31.2577 Y-0.5109 Z-0.1423
X-31.2554 Y-0.5114 Z-0.1404
X-31.2535 Y-0.5118 Z-0.138
X-31.252 Y-0.5121 Z-0.1353
X-31.2512 Y-0.5123 Z-0.1323
X-31.2509 Y-0.5124 Z-0.1292
G0 Z0.4
X-30.7765 Y-0.5096
Z0.13
G1 Z0.0658 F40.
G18 G2 X-30.7608 Z0.05 I0.0157 K0.
G1 X-30.7529
G17 G3 X-30.7432 Y-0.5 I0. J0.0096
X-30.7817 Z0.0397 I-0.0193 J0.
X-30.7432 Z0.0294 I0.0193 J0.
X-30.7817 Z0.0191 I-0.0193 J0.
X-30.7432 Z0.0088 I0.0193 J0.
X-30.7817 Z-0.0015 I-0.0193 J0.
X-30.7432 Z-0.0118 I0.0193 J0.
X-30.7817 Z-0.0221 I-0.0193 J0.
X-30.7432 Z-0.0324 I0.0193 J0.
X-30.7817 Z-0.0427 I-0.0193 J0.
X-30.7432 Z-0.053 I0.0193 J0.
X-30.7817 Z-0.0633 I-0.0193 J0.
X-30.7432 Z-0.0736 I0.0193 J0.
X-30.7817 Z-0.0839 I-0.0193 J0.
X-30.7432 Z-0.0942 I0.0193 J0.
X-30.7817 Z-0.1045 I-0.0193 J0.
X-30.7432 Z-0.1148 I0.0193 J0.
X-30.7817 Z-0.1251 I-0.0193 J0.
X-30.7432 Z-0.1354 I0.0193 J0.
X-30.7813 Y-0.4959 Z-0.145 I-0.0193 J0.
X-30.7437 Y-0.5041 I0.0188 J-0.0041
X-30.7813 Y-0.4959 I-0.0188 J0.0041
X-30.774 Y-0.5074 I0.0094 J-0.0021
G1 X-30.7663 Y-0.509
X-30.7633 Y-0.5097 Z-0.1447
X-30.7604 Y-0.5103 Z-0.1438
X-30.7577 Y-0.5109 Z-0.1423
X-30.7554 Y-0.5114 Z-0.1404
X-30.7535 Y-0.5118 Z-0.138
X-30.752 Y-0.5121 Z-0.1353
X-30.7512 Y-0.5123 Z-0.1323
X-30.7509 Y-0.5124 Z-0.1292
G0 Z0.6
(TUBE CUTOFF)
M7
G0 X-37.0712 Y-1.5495
Z0.6
Z0.2
G1 Z0.1 F13.333
Y-0.16 Z-0.145 F40.
Y-1.84 F55.
G0 Z0.4
Y-0.4505
Z0.2
G1 Z0.1 F13.333
Y-1.84 Z-0.145 F40.
Y-0.16 F55.
G0 Z0.4
X-37.0288 Y-1.5495
Z0.2
G1 Z0.1 F13.333
Y-0.16 Z-0.145 F40.
Y-1.84 F55.
G0 Z0.4
Y-0.4505
Z0.2
G1 Z0.1 F13.333
Y-1.84 Z-0.145 F40.
Y-0.16 F55.
G0 Z0.4
X-20.9962 Y-1.5495
Z0.2
G1 Z0.1 F13.333
Y-0.16 Z-0.145 F40.
Y-1.84 F55.
G0 Z0.4
Y-0.4505
Z0.2
G1 Z0.1 F13.333
Y-1.84 Z-0.145 F40.
Y-0.16 F55.
G0 Z0.4
X-20.9537 Y-1.5495
Z0.2
G1 Z0.1 F13.333
Y-0.16 Z-0.145 F40.
Y-1.84 F55.
G0 Z0.4
Y-0.4505
Z0.2
G1 Z0.1 F13.333
Y-1.84 Z-0.145 F40.
Y-0.16 F55.
G0 Z0.4
X-58.1036 Y-1.5495
Z0.2
G1 Z0.1 F13.333
Y-0.16 Z-0.145 F40.
Y-1.84 F55.
G0 Z0.4
Y-0.4505
Z0.2
G1 Z0.1 F13.333
Y-1.84 Z-0.145 F40.
Y-0.16 F55.
G0 Z0.6
M9
G53 Z0.
M30
%
